dd6b6ffd177f2b311abe676261279d2f<::>2	Q0	822086267_6698-7277-0-579	1	1.000000	run1
dd6b6ffd177f2b311abe676261279d2f<::>2	Q0	866343245_65754-66191-0-437	2	0.500000	run1
dd6b6ffd177f2b311abe676261279d2f<::>2	Q0	822086267_453-961-0-508	3	0.333333	run1
dd6b6ffd177f2b311abe676261279d2f<::>2	Q0	822086267_5864-6170-0-306	4	0.250000	run1
dd6b6ffd177f2b311abe676261279d2f<::>2	Q0	822024570_54536-55810-0-1274	5	0.200000	run1
dd6b6ffd177f2b311abe676261279d2f<::>2	Q0	837407666_30316-30822-0-506	6	0.166667	run1
dd6b6ffd177f2b311abe676261279d2f<::>2	Q0	831541702_830-1305-0-475	7	0.142857	run1
dd6b6ffd177f2b311abe676261279d2f<::>2	Q0	822086267_22716-22948-0-232	8	0.125000	run1
dd6b6ffd177f2b311abe676261279d2f<::>2	Q0	831541702_346-829-0-483	9	0.111111	run1
dd6b6ffd177f2b311abe676261279d2f<::>2	Q0	866493429_130703-131952-0-1249	10	0.100000	run1
dd6b6ffd177f2b311abe676261279d2f<::>3	Q0	866343245_65754-66191-0-437	1	1.000000	run1
dd6b6ffd177f2b311abe676261279d2f<::>3	Q0	837407666_122-881-0-759	2	0.500000	run1
dd6b6ffd177f2b311abe676261279d2f<::>3	Q0	822086267_6698-7277-0-579	3	0.333333	run1
dd6b6ffd177f2b311abe676261279d2f<::>3	Q0	822086267_453-961-0-508	4	0.250000	run1
dd6b6ffd177f2b311abe676261279d2f<::>3	Q0	822086267_1817-2149-0-332	5	0.200000	run1
dd6b6ffd177f2b311abe676261279d2f<::>3	Q0	837407666_8367-9237-0-870	6	0.166667	run1
dd6b6ffd177f2b311abe676261279d2f<::>3	Q0	822086267_5864-6170-0-306	7	0.142857	run1
dd6b6ffd177f2b311abe676261279d2f<::>3	Q0	844931250_13668-14479-0-811	8	0.125000	run1
dd6b6ffd177f2b311abe676261279d2f<::>3	Q0	856552748_62739-62910-0-171	9	0.111111	run1
dd6b6ffd177f2b311abe676261279d2f<::>3	Q0	807237852_1799-2124-0-325	10	0.100000	run1
dd6b6ffd177f2b311abe676261279d2f<::>4	Q0	837407666_122-881-0-759	1	1.000000	run1
dd6b6ffd177f2b311abe676261279d2f<::>4	Q0	832860310_20343-20698-0-355	2	0.500000	run1
dd6b6ffd177f2b311abe676261279d2f<::>4	Q0	850509972_14983-15361-0-378	3	0.333333	run1
dd6b6ffd177f2b311abe676261279d2f<::>4	Q0	832860310_2886-3341-0-455	4	0.250000	run1
dd6b6ffd177f2b311abe676261279d2f<::>4	Q0	819277691_67896-68233-0-337	5	0.200000	run1
dd6b6ffd177f2b311abe676261279d2f<::>4	Q0	836318260_10458-10816-0-358	6	0.166667	run1
dd6b6ffd177f2b311abe676261279d2f<::>4	Q0	827256970_9417-10017-0-600	7	0.142857	run1
dd6b6ffd177f2b311abe676261279d2f<::>4	Q0	809837051_5456-5573-0-117	8	0.125000	run1
dd6b6ffd177f2b311abe676261279d2f<::>4	Q0	826807874_7860-8812-0-952	9	0.111111	run1
dd6b6ffd177f2b311abe676261279d2f<::>4	Q0	841164831_62169-62331-0-162	10	0.100000	run1
dd6b6ffd177f2b311abe676261279d2f<::>5	Q0	832860310_147-630-0-483	1	1.000000	run1
dd6b6ffd177f2b311abe676261279d2f<::>5	Q0	832860310_20343-20698-0-355	2	0.500000	run1
dd6b6ffd177f2b311abe676261279d2f<::>5	Q0	832860310_631-1333-0-702	3	0.333333	run1
dd6b6ffd177f2b311abe676261279d2f<::>5	Q0	832860310_16594-17153-0-559	4	0.250000	run1
dd6b6ffd177f2b311abe676261279d2f<::>5	Q0	832860310_2886-3341-0-455	5	0.200000	run1
dd6b6ffd177f2b311abe676261279d2f<::>5	Q0	832860310_28027-28822-0-795	6	0.166667	run1
dd6b6ffd177f2b311abe676261279d2f<::>5	Q0	832860310_3342-3693-0-351	7	0.142857	run1
dd6b6ffd177f2b311abe676261279d2f<::>5	Q0	832860310_23274-23864-0-590	8	0.125000	run1
dd6b6ffd177f2b311abe676261279d2f<::>5	Q0	832860310_5366-5514-0-148	9	0.111111	run1
dd6b6ffd177f2b311abe676261279d2f<::>5	Q0	832860310_21596-21958-0-362	10	0.100000	run1
dd6b6ffd177f2b311abe676261279d2f<::>6	Q0	826807874_12058-13245-0-1187	1	1.000000	run1
dd6b6ffd177f2b311abe676261279d2f<::>6	Q0	836318260_2763-3912-0-1149	2	0.500000	run1
dd6b6ffd177f2b311abe676261279d2f<::>6	Q0	826807874_18041-18641-0-600	3	0.333333	run1
dd6b6ffd177f2b311abe676261279d2f<::>6	Q0	826807874_14634-15016-0-382	4	0.250000	run1
dd6b6ffd177f2b311abe676261279d2f<::>6	Q0	826807874_44615-45089-0-474	5	0.200000	run1
dd6b6ffd177f2b311abe676261279d2f<::>6	Q0	826807874_17411-18040-0-629	6	0.166667	run1
dd6b6ffd177f2b311abe676261279d2f<::>6	Q0	826807874_13277-13888-0-611	7	0.142857	run1
dd6b6ffd177f2b311abe676261279d2f<::>6	Q0	826807874_7860-8812-0-952	8	0.125000	run1
dd6b6ffd177f2b311abe676261279d2f<::>6	Q0	826807874_17080-17355-0-275	9	0.111111	run1
dd6b6ffd177f2b311abe676261279d2f<::>6	Q0	826807874_36231-37013-0-782	10	0.100000	run1
dd6b6ffd177f2b311abe676261279d2f<::>7	Q0	821803535_2075-2605-0-530	1	1.000000	run1
dd6b6ffd177f2b311abe676261279d2f<::>7	Q0	836318260_8410-9814-0-1404	2	0.500000	run1
dd6b6ffd177f2b311abe676261279d2f<::>7	Q0	826807874_45197-47921-1855-2724	3	0.333333	run1
dd6b6ffd177f2b311abe676261279d2f<::>7	Q0	836318260_2763-3912-0-1149	4	0.250000	run1
dd6b6ffd177f2b311abe676261279d2f<::>7	Q0	821803535_1441-2074-0-633	5	0.200000	run1
dd6b6ffd177f2b311abe676261279d2f<::>7	Q0	826807874_25506-25892-0-386	6	0.166667	run1
dd6b6ffd177f2b311abe676261279d2f<::>7	Q0	826807874_12058-13245-0-1187	7	0.142857	run1
dd6b6ffd177f2b311abe676261279d2f<::>7	Q0	856385250_4372-11980-5651-7608	8	0.125000	run1
dd6b6ffd177f2b311abe676261279d2f<::>7	Q0	826807874_21907-22636-0-729	9	0.111111	run1
dd6b6ffd177f2b311abe676261279d2f<::>7	Q0	856385250_4372-11980-4398-6390	10	0.100000	run1
dd6b6ffd177f2b311abe676261279d2f<::>8	Q0	836318260_10963-11735-0-772	1	1.000000	run1
dd6b6ffd177f2b311abe676261279d2f<::>8	Q0	809837051_16671-17085-0-414	2	0.500000	run1
dd6b6ffd177f2b311abe676261279d2f<::>8	Q0	796795213_5641-6973-0-1332	3	0.333333	run1
dd6b6ffd177f2b311abe676261279d2f<::>8	Q0	856385250_4372-11980-1163-3389	4	0.250000	run1
dd6b6ffd177f2b311abe676261279d2f<::>8	Q0	836318260_11736-12054-0-318	5	0.200000	run1
dd6b6ffd177f2b311abe676261279d2f<::>8	Q0	809837051_17086-17814-0-728	6	0.166667	run1
dd6b6ffd177f2b311abe676261279d2f<::>8	Q0	836318260_39103-40570-0-1461	7	0.142857	run1
dd6b6ffd177f2b311abe676261279d2f<::>8	Q0	856385250_4372-11980-279-2767	8	0.125000	run1
dd6b6ffd177f2b311abe676261279d2f<::>8	Q0	809837051_11359-13853-0-2494	9	0.111111	run1
dd6b6ffd177f2b311abe676261279d2f<::>8	Q0	796795213_9384-10372-0-988	10	0.100000	run1
3f5fa378239f7475baac89fa40288aaa<::>1	Q0	800869209_2267-3302-0-1031	1	1.000000	run1
3f5fa378239f7475baac89fa40288aaa<::>1	Q0	800869209_9274-9437-0-163	2	0.500000	run1
3f5fa378239f7475baac89fa40288aaa<::>1	Q0	821797291_39951-40616-0-665	3	0.333333	run1
3f5fa378239f7475baac89fa40288aaa<::>1	Q0	821797291_40617-41173-0-556	4	0.250000	run1
3f5fa378239f7475baac89fa40288aaa<::>1	Q0	856136637_57345-57823-0-478	5	0.200000	run1
3f5fa378239f7475baac89fa40288aaa<::>1	Q0	800869209_11884-13092-0-1208	6	0.166667	run1
3f5fa378239f7475baac89fa40288aaa<::>1	Q0	800869209_6198-6886-0-688	7	0.142857	run1
3f5fa378239f7475baac89fa40288aaa<::>1	Q0	800869209_5261-6197-0-936	8	0.125000	run1
3f5fa378239f7475baac89fa40288aaa<::>1	Q0	799861066_13911-14368-0-457	9	0.111111	run1
3f5fa378239f7475baac89fa40288aaa<::>1	Q0	800869209_855-2044-0-1189	10	0.100000	run1
3f5fa378239f7475baac89fa40288aaa<::>2	Q0	800694603_465-1068-0-600	1	1.000000	run1
3f5fa378239f7475baac89fa40288aaa<::>2	Q0	800694603_3260-3620-0-358	2	0.500000	run1
3f5fa378239f7475baac89fa40288aaa<::>2	Q0	800694603_1069-1451-0-382	3	0.333333	run1
3f5fa378239f7475baac89fa40288aaa<::>2	Q0	800694603_1973-2436-0-461	4	0.250000	run1
3f5fa378239f7475baac89fa40288aaa<::>2	Q0	834440991_5103-5547-0-444	5	0.200000	run1
3f5fa378239f7475baac89fa40288aaa<::>2	Q0	800694603_8209-8515-0-306	6	0.166667	run1
3f5fa378239f7475baac89fa40288aaa<::>2	Q0	800694603_5761-6242-0-481	7	0.142857	run1
3f5fa378239f7475baac89fa40288aaa<::>2	Q0	856136637_43354-44118-0-763	8	0.125000	run1
3f5fa378239f7475baac89fa40288aaa<::>2	Q0	800694603_12765-13020-0-255	9	0.111111	run1
3f5fa378239f7475baac89fa40288aaa<::>2	Q0	800694603_10273-10856-0-578	10	0.100000	run1
3f5fa378239f7475baac89fa40288aaa<::>3	Q0	800869209_5261-6197-0-936	1	1.000000	run1
3f5fa378239f7475baac89fa40288aaa<::>3	Q0	800694603_5028-5760-0-725	2	0.500000	run1
3f5fa378239f7475baac89fa40288aaa<::>3	Q0	800869209_8786-9273-0-487	3	0.333333	run1
3f5fa378239f7475baac89fa40288aaa<::>3	Q0	821812832_5152-5578-0-426	4	0.250000	run1
3f5fa378239f7475baac89fa40288aaa<::>3	Q0	808839440_401-1048-0-647	5	0.200000	run1
3f5fa378239f7475baac89fa40288aaa<::>3	Q0	800694603_6268-6493-0-225	6	0.166667	run1
3f5fa378239f7475baac89fa40288aaa<::>3	Q0	849785299_25798-25966-0-168	7	0.142857	run1
3f5fa378239f7475baac89fa40288aaa<::>3	Q0	800869209_2267-3302-0-1031	8	0.125000	run1
3f5fa378239f7475baac89fa40288aaa<::>3	Q0	866491906_9913-10389-0-476	9	0.111111	run1
3f5fa378239f7475baac89fa40288aaa<::>3	Q0	856136637_62301-62879-0-578	10	0.100000	run1
3f5fa378239f7475baac89fa40288aaa<::>6	Q0	866491906_1019-1282-0-263	1	1.000000	run1
3f5fa378239f7475baac89fa40288aaa<::>6	Q0	866491906_318-1018-0-700	2	0.500000	run1
3f5fa378239f7475baac89fa40288aaa<::>6	Q0	866491906_37231-37843-0-612	3	0.333333	run1
3f5fa378239f7475baac89fa40288aaa<::>6	Q0	856136637_8588-9186-0-596	4	0.250000	run1
3f5fa378239f7475baac89fa40288aaa<::>6	Q0	848533576_33762-35145-0-1383	5	0.200000	run1
3f5fa378239f7475baac89fa40288aaa<::>6	Q0	866491906_35733-36241-0-508	6	0.166667	run1
3f5fa378239f7475baac89fa40288aaa<::>6	Q0	866491906_26413-26942-0-529	7	0.142857	run1
3f5fa378239f7475baac89fa40288aaa<::>6	Q0	866491906_4300-4883-0-583	8	0.125000	run1
3f5fa378239f7475baac89fa40288aaa<::>6	Q0	800869209_5261-6197-0-936	9	0.111111	run1
3f5fa378239f7475baac89fa40288aaa<::>6	Q0	843268525_32808-33851-0-1043	10	0.100000	run1
29e3ec96a6e8916a0326ebcdab78abae<::>1	Q0	832941564_1065-1306-0-241	1	1.000000	run1
29e3ec96a6e8916a0326ebcdab78abae<::>1	Q0	832941564_21020-21118-0-98	2	0.500000	run1
29e3ec96a6e8916a0326ebcdab78abae<::>1	Q0	832941564_1307-2643-0-1336	3	0.333333	run1
29e3ec96a6e8916a0326ebcdab78abae<::>1	Q0	832941564_7132-7916-0-784	4	0.250000	run1
29e3ec96a6e8916a0326ebcdab78abae<::>1	Q0	832941564_15188-15628-0-440	5	0.200000	run1
29e3ec96a6e8916a0326ebcdab78abae<::>1	Q0	832941564_8723-9317-0-594	6	0.166667	run1
29e3ec96a6e8916a0326ebcdab78abae<::>1	Q0	832941564_12287-12866-0-579	7	0.142857	run1
29e3ec96a6e8916a0326ebcdab78abae<::>1	Q0	832941564_3159-3280-0-121	8	0.125000	run1
29e3ec96a6e8916a0326ebcdab78abae<::>1	Q0	832941564_11696-12286-0-590	9	0.111111	run1
29e3ec96a6e8916a0326ebcdab78abae<::>1	Q0	832941564_14645-15187-0-542	10	0.100000	run1
29e3ec96a6e8916a0326ebcdab78abae<::>2	Q0	832941564_3816-4053-0-237	1	1.000000	run1
29e3ec96a6e8916a0326ebcdab78abae<::>2	Q0	832941564_1065-1306-0-241	2	0.500000	run1
29e3ec96a6e8916a0326ebcdab78abae<::>2	Q0	846224054_29485-30437-0-952	3	0.333333	run1
29e3ec96a6e8916a0326ebcdab78abae<::>2	Q0	832941564_21020-21118-0-98	4	0.250000	run1
29e3ec96a6e8916a0326ebcdab78abae<::>2	Q0	832941564_1307-2643-0-1336	5	0.200000	run1
29e3ec96a6e8916a0326ebcdab78abae<::>2	Q0	832941564_18694-19005-0-311	6	0.166667	run1
29e3ec96a6e8916a0326ebcdab78abae<::>2	Q0	839428418_15849-16170-0-321	7	0.142857	run1
29e3ec96a6e8916a0326ebcdab78abae<::>2	Q0	832941564_15188-15628-0-440	8	0.125000	run1
29e3ec96a6e8916a0326ebcdab78abae<::>2	Q0	832941564_12287-12866-0-579	9	0.111111	run1
29e3ec96a6e8916a0326ebcdab78abae<::>2	Q0	832941564_19470-19845-0-375	10	0.100000	run1
29e3ec96a6e8916a0326ebcdab78abae<::>3	Q0	832941564_15188-15628-0-440	1	1.000000	run1
29e3ec96a6e8916a0326ebcdab78abae<::>3	Q0	832941564_1065-1306-0-241	2	0.500000	run1
29e3ec96a6e8916a0326ebcdab78abae<::>3	Q0	832941564_11696-12286-0-590	3	0.333333	run1
29e3ec96a6e8916a0326ebcdab78abae<::>3	Q0	832941564_13731-13999-0-268	4	0.250000	run1
29e3ec96a6e8916a0326ebcdab78abae<::>3	Q0	832941564_21020-21118-0-98	5	0.200000	run1
29e3ec96a6e8916a0326ebcdab78abae<::>3	Q0	832941564_18694-19005-0-311	6	0.166667	run1
29e3ec96a6e8916a0326ebcdab78abae<::>3	Q0	832941564_14645-15187-0-542	7	0.142857	run1
29e3ec96a6e8916a0326ebcdab78abae<::>3	Q0	832941564_14023-14619-0-596	8	0.125000	run1
29e3ec96a6e8916a0326ebcdab78abae<::>3	Q0	832941564_12867-13236-0-369	9	0.111111	run1
29e3ec96a6e8916a0326ebcdab78abae<::>3	Q0	832941564_1307-2643-0-1336	10	0.100000	run1
29e3ec96a6e8916a0326ebcdab78abae<::>4	Q0	849690897_61219-61663-0-444	1	1.000000	run1
29e3ec96a6e8916a0326ebcdab78abae<::>4	Q0	855769838_1100-1288-0-188	2	0.500000	run1
29e3ec96a6e8916a0326ebcdab78abae<::>4	Q0	849690897_4270-4555-0-285	3	0.333333	run1
29e3ec96a6e8916a0326ebcdab78abae<::>4	Q0	849690897_5976-6745-0-769	4	0.250000	run1
29e3ec96a6e8916a0326ebcdab78abae<::>4	Q0	849690897_62769-63370-0-601	5	0.200000	run1
29e3ec96a6e8916a0326ebcdab78abae<::>4	Q0	849690897_41805-42558-0-753	6	0.166667	run1
29e3ec96a6e8916a0326ebcdab78abae<::>4	Q0	849690897_57986-58490-0-504	7	0.142857	run1
29e3ec96a6e8916a0326ebcdab78abae<::>4	Q0	849690897_1310-1973-0-663	8	0.125000	run1
29e3ec96a6e8916a0326ebcdab78abae<::>4	Q0	855769838_280-1007-0-727	9	0.111111	run1
29e3ec96a6e8916a0326ebcdab78abae<::>4	Q0	849690897_49254-50567-0-1313	10	0.100000	run1
29e3ec96a6e8916a0326ebcdab78abae<::>6	Q0	854251832_7408-7879-0-471	1	1.000000	run1
29e3ec96a6e8916a0326ebcdab78abae<::>6	Q0	837799097_108249-108450-0-201	2	0.500000	run1
29e3ec96a6e8916a0326ebcdab78abae<::>6	Q0	849295900_21105-21304-0-199	3	0.333333	run1
29e3ec96a6e8916a0326ebcdab78abae<::>6	Q0	837799097_27292-27669-0-375	4	0.250000	run1
29e3ec96a6e8916a0326ebcdab78abae<::>6	Q0	843385541_12732-13038-0-306	5	0.200000	run1
29e3ec96a6e8916a0326ebcdab78abae<::>6	Q0	843398426_9901-10835-0-934	6	0.166667	run1
29e3ec96a6e8916a0326ebcdab78abae<::>6	Q0	806854559_9559-10454-0-895	7	0.142857	run1
29e3ec96a6e8916a0326ebcdab78abae<::>6	Q0	842827984_1200-2092-0-892	8	0.125000	run1
29e3ec96a6e8916a0326ebcdab78abae<::>6	Q0	818574856_4274-5050-0-776	9	0.111111	run1
29e3ec96a6e8916a0326ebcdab78abae<::>6	Q0	809745110_16607-17105-0-498	10	0.100000	run1
29e3ec96a6e8916a0326ebcdab78abae<::>7	Q0	832941564_1065-1306-0-241	1	1.000000	run1
29e3ec96a6e8916a0326ebcdab78abae<::>7	Q0	832941564_21020-21118-0-98	2	0.500000	run1
29e3ec96a6e8916a0326ebcdab78abae<::>7	Q0	832941564_3159-3280-0-121	3	0.333333	run1
29e3ec96a6e8916a0326ebcdab78abae<::>7	Q0	839428418_15849-16170-0-321	4	0.250000	run1
29e3ec96a6e8916a0326ebcdab78abae<::>7	Q0	832941564_1307-2643-0-1336	5	0.200000	run1
29e3ec96a6e8916a0326ebcdab78abae<::>7	Q0	832941564_19470-19845-0-375	6	0.166667	run1
29e3ec96a6e8916a0326ebcdab78abae<::>7	Q0	832941564_21480-22705-0-1225	7	0.142857	run1
29e3ec96a6e8916a0326ebcdab78abae<::>7	Q0	832941564_13731-13999-0-268	8	0.125000	run1
29e3ec96a6e8916a0326ebcdab78abae<::>7	Q0	809478991_143798-144628-0-830	9	0.111111	run1
29e3ec96a6e8916a0326ebcdab78abae<::>7	Q0	832941564_2644-3158-0-514	10	0.100000	run1
29e3ec96a6e8916a0326ebcdab78abae<::>8	Q0	846587463_21220-21974-0-754	1	1.000000	run1
29e3ec96a6e8916a0326ebcdab78abae<::>8	Q0	800317902_24955-25913-0-958	2	0.500000	run1
29e3ec96a6e8916a0326ebcdab78abae<::>8	Q0	830211656_120-749-0-629	3	0.333333	run1
29e3ec96a6e8916a0326ebcdab78abae<::>8	Q0	842014731_21054-21605-0-551	4	0.250000	run1
29e3ec96a6e8916a0326ebcdab78abae<::>8	Q0	846587463_6374-6904-0-530	5	0.200000	run1
29e3ec96a6e8916a0326ebcdab78abae<::>8	Q0	854605076_85665-86188-0-523	6	0.166667	run1
29e3ec96a6e8916a0326ebcdab78abae<::>8	Q0	830211656_9801-10422-0-621	7	0.142857	run1
29e3ec96a6e8916a0326ebcdab78abae<::>8	Q0	846587463_19597-20236-0-639	8	0.125000	run1
29e3ec96a6e8916a0326ebcdab78abae<::>8	Q0	846587463_16529-17771-0-1242	9	0.111111	run1
29e3ec96a6e8916a0326ebcdab78abae<::>8	Q0	846587463_2745-3243-0-498	10	0.100000	run1
b2805ee4c478194c234e2384ffb0a6bf<::>1	Q0	805474955_2511-2926-0-415	1	1.000000	run1
b2805ee4c478194c234e2384ffb0a6bf<::>1	Q0	805474955_4694-5305-0-611	2	0.500000	run1
b2805ee4c478194c234e2384ffb0a6bf<::>1	Q0	805474955_697-1691-0-994	3	0.333333	run1
b2805ee4c478194c234e2384ffb0a6bf<::>1	Q0	805474955_1559-2098-0-539	4	0.250000	run1
b2805ee4c478194c234e2384ffb0a6bf<::>1	Q0	805474955_3514-4364-0-850	5	0.200000	run1
b2805ee4c478194c234e2384ffb0a6bf<::>1	Q0	805474955_2944-3486-0-542	6	0.166667	run1
b2805ee4c478194c234e2384ffb0a6bf<::>1	Q0	805474955_8286-9499-0-1213	7	0.142857	run1
b2805ee4c478194c234e2384ffb0a6bf<::>1	Q0	805474955_6417-7243-0-826	8	0.125000	run1
b2805ee4c478194c234e2384ffb0a6bf<::>1	Q0	805474955_5730-6317-0-587	9	0.111111	run1
b2805ee4c478194c234e2384ffb0a6bf<::>1	Q0	805474955_4365-4642-0-277	10	0.100000	run1
b2805ee4c478194c234e2384ffb0a6bf<::>2	Q0	805474955_10307-11336-0-1029	1	1.000000	run1
b2805ee4c478194c234e2384ffb0a6bf<::>2	Q0	805474955_9571-10306-0-735	2	0.500000	run1
b2805ee4c478194c234e2384ffb0a6bf<::>2	Q0	805474955_697-1691-0-994	3	0.333333	run1
b2805ee4c478194c234e2384ffb0a6bf<::>2	Q0	805474955_11384-11748-0-364	4	0.250000	run1
b2805ee4c478194c234e2384ffb0a6bf<::>2	Q0	805474955_1559-2098-0-539	5	0.200000	run1
b2805ee4c478194c234e2384ffb0a6bf<::>2	Q0	816711474_18019-18467-0-448	6	0.166667	run1
b2805ee4c478194c234e2384ffb0a6bf<::>2	Q0	805474955_6417-7243-0-826	7	0.142857	run1
b2805ee4c478194c234e2384ffb0a6bf<::>2	Q0	805474955_5306-5706-0-400	8	0.125000	run1
b2805ee4c478194c234e2384ffb0a6bf<::>2	Q0	805474955_2511-2926-0-415	9	0.111111	run1
b2805ee4c478194c234e2384ffb0a6bf<::>2	Q0	816711474_76002-77373-0-1371	10	0.100000	run1
b2805ee4c478194c234e2384ffb0a6bf<::>3	Q0	805474955_10307-11336-0-1029	1	1.000000	run1
b2805ee4c478194c234e2384ffb0a6bf<::>3	Q0	805474955_9571-10306-0-735	2	0.500000	run1
b2805ee4c478194c234e2384ffb0a6bf<::>3	Q0	816711474_18019-18467-0-448	3	0.333333	run1
b2805ee4c478194c234e2384ffb0a6bf<::>3	Q0	805474955_5306-5706-0-400	4	0.250000	run1
b2805ee4c478194c234e2384ffb0a6bf<::>3	Q0	805474955_1559-2098-0-539	5	0.200000	run1
b2805ee4c478194c234e2384ffb0a6bf<::>3	Q0	805474955_12131-13071-0-940	6	0.166667	run1
b2805ee4c478194c234e2384ffb0a6bf<::>3	Q0	805474955_166-543-0-377	7	0.142857	run1
b2805ee4c478194c234e2384ffb0a6bf<::>3	Q0	805474955_2944-3486-0-542	8	0.125000	run1
b2805ee4c478194c234e2384ffb0a6bf<::>3	Q0	842686353_12101-12817-0-716	9	0.111111	run1
b2805ee4c478194c234e2384ffb0a6bf<::>3	Q0	816711474_76002-77373-0-1371	10	0.100000	run1
b2805ee4c478194c234e2384ffb0a6bf<::>4	Q0	805474955_11384-11748-0-364	1	1.000000	run1
b2805ee4c478194c234e2384ffb0a6bf<::>4	Q0	805474955_697-1691-0-994	2	0.500000	run1
b2805ee4c478194c234e2384ffb0a6bf<::>4	Q0	805474955_10307-11336-0-1029	3	0.333333	run1
b2805ee4c478194c234e2384ffb0a6bf<::>4	Q0	805474955_9571-10306-0-735	4	0.250000	run1
b2805ee4c478194c234e2384ffb0a6bf<::>4	Q0	822349642_19301-19951-0-650	5	0.200000	run1
b2805ee4c478194c234e2384ffb0a6bf<::>4	Q0	805474955_6417-7243-0-826	6	0.166667	run1
b2805ee4c478194c234e2384ffb0a6bf<::>4	Q0	801059786_2929-3572-0-643	7	0.142857	run1
b2805ee4c478194c234e2384ffb0a6bf<::>4	Q0	805474955_2511-2926-0-415	8	0.125000	run1
b2805ee4c478194c234e2384ffb0a6bf<::>4	Q0	835214350_68860-69490-0-630	9	0.111111	run1
b2805ee4c478194c234e2384ffb0a6bf<::>4	Q0	805474955_3514-4364-0-850	10	0.100000	run1
b2805ee4c478194c234e2384ffb0a6bf<::>5	Q0	835528347_5926-6218-0-292	1	1.000000	run1
b2805ee4c478194c234e2384ffb0a6bf<::>5	Q0	801059786_19227-19752-0-525	2	0.500000	run1
b2805ee4c478194c234e2384ffb0a6bf<::>5	Q0	835214350_68860-69490-0-630	3	0.333333	run1
b2805ee4c478194c234e2384ffb0a6bf<::>5	Q0	836877453_40949-41949-0-1000	4	0.250000	run1
b2805ee4c478194c234e2384ffb0a6bf<::>5	Q0	835214350_15029-15642-0-613	5	0.200000	run1
b2805ee4c478194c234e2384ffb0a6bf<::>5	Q0	801059786_12890-13145-0-255	6	0.166667	run1
b2805ee4c478194c234e2384ffb0a6bf<::>5	Q0	805474955_11384-11748-0-364	7	0.142857	run1
b2805ee4c478194c234e2384ffb0a6bf<::>5	Q0	835214350_68063-68778-0-715	8	0.125000	run1
b2805ee4c478194c234e2384ffb0a6bf<::>5	Q0	800701826_43546-43968-0-422	9	0.111111	run1
b2805ee4c478194c234e2384ffb0a6bf<::>5	Q0	826817782_448-1145-0-697	10	0.100000	run1
b2805ee4c478194c234e2384ffb0a6bf<::>6	Q0	805474955_697-1691-0-994	1	1.000000	run1
b2805ee4c478194c234e2384ffb0a6bf<::>6	Q0	805474955_14182-14645-0-463	2	0.500000	run1
b2805ee4c478194c234e2384ffb0a6bf<::>6	Q0	805474955_8286-9499-0-1213	3	0.333333	run1
b2805ee4c478194c234e2384ffb0a6bf<::>6	Q0	805474955_3514-4364-0-850	4	0.250000	run1
b2805ee4c478194c234e2384ffb0a6bf<::>6	Q0	805474955_2511-2926-0-415	5	0.200000	run1
b2805ee4c478194c234e2384ffb0a6bf<::>6	Q0	805474955_4365-4642-0-277	6	0.166667	run1
b2805ee4c478194c234e2384ffb0a6bf<::>6	Q0	805474955_13499-14181-0-682	7	0.142857	run1
b2805ee4c478194c234e2384ffb0a6bf<::>6	Q0	805474955_12131-13071-0-940	8	0.125000	run1
b2805ee4c478194c234e2384ffb0a6bf<::>6	Q0	805474955_1559-2098-0-539	9	0.111111	run1
b2805ee4c478194c234e2384ffb0a6bf<::>6	Q0	850943299_15656-15768-0-112	10	0.100000	run1
b2805ee4c478194c234e2384ffb0a6bf<::>7	Q0	805474955_10307-11336-0-1029	1	1.000000	run1
b2805ee4c478194c234e2384ffb0a6bf<::>7	Q0	822349642_19301-19951-0-650	2	0.500000	run1
b2805ee4c478194c234e2384ffb0a6bf<::>7	Q0	816711474_76002-77373-0-1371	3	0.333333	run1
b2805ee4c478194c234e2384ffb0a6bf<::>7	Q0	842686353_6554-7074-0-520	4	0.250000	run1
b2805ee4c478194c234e2384ffb0a6bf<::>7	Q0	842686353_7075-7561-0-486	5	0.200000	run1
b2805ee4c478194c234e2384ffb0a6bf<::>7	Q0	810572008_17265-18092-0-827	6	0.166667	run1
b2805ee4c478194c234e2384ffb0a6bf<::>7	Q0	826817782_3113-3658-0-545	7	0.142857	run1
b2805ee4c478194c234e2384ffb0a6bf<::>7	Q0	842686353_12101-12817-0-716	8	0.125000	run1
b2805ee4c478194c234e2384ffb0a6bf<::>7	Q0	866493429_24360-24853-0-493	9	0.111111	run1
b2805ee4c478194c234e2384ffb0a6bf<::>7	Q0	798219316_15276-15872-0-596	10	0.100000	run1
79f0d0539d9ec0acbf90cb3388b30c17<::>1	Q0	806502664_3901-4281-0-380	1	1.000000	run1
79f0d0539d9ec0acbf90cb3388b30c17<::>1	Q0	806502664_13360-13761-0-401	2	0.500000	run1
79f0d0539d9ec0acbf90cb3388b30c17<::>1	Q0	806502664_3126-3900-0-774	3	0.333333	run1
79f0d0539d9ec0acbf90cb3388b30c17<::>1	Q0	806502664_965-1711-0-746	4	0.250000	run1
79f0d0539d9ec0acbf90cb3388b30c17<::>1	Q0	806502664_2081-2633-0-552	5	0.200000	run1
79f0d0539d9ec0acbf90cb3388b30c17<::>1	Q0	806502664_9344-9936-0-592	6	0.166667	run1
79f0d0539d9ec0acbf90cb3388b30c17<::>1	Q0	806502664_8262-9343-0-1081	7	0.142857	run1
79f0d0539d9ec0acbf90cb3388b30c17<::>1	Q0	806502664_5333-5957-0-624	8	0.125000	run1
79f0d0539d9ec0acbf90cb3388b30c17<::>1	Q0	806502664_349-964-0-615	9	0.111111	run1
79f0d0539d9ec0acbf90cb3388b30c17<::>1	Q0	806502664_11610-11795-0-185	10	0.100000	run1
79f0d0539d9ec0acbf90cb3388b30c17<::>2	Q0	806502664_3126-3900-0-774	1	1.000000	run1
79f0d0539d9ec0acbf90cb3388b30c17<::>2	Q0	806502664_8262-9343-0-1081	2	0.500000	run1
79f0d0539d9ec0acbf90cb3388b30c17<::>2	Q0	806502664_3901-4281-0-380	3	0.333333	run1
79f0d0539d9ec0acbf90cb3388b30c17<::>2	Q0	806502664_11404-11594-0-190	4	0.250000	run1
79f0d0539d9ec0acbf90cb3388b30c17<::>2	Q0	806502664_9344-9936-0-592	5	0.200000	run1
79f0d0539d9ec0acbf90cb3388b30c17<::>2	Q0	806502664_4750-5111-0-361	6	0.166667	run1
79f0d0539d9ec0acbf90cb3388b30c17<::>2	Q0	806502664_2656-3125-0-469	7	0.142857	run1
79f0d0539d9ec0acbf90cb3388b30c17<::>2	Q0	806502664_965-1711-0-746	8	0.125000	run1
79f0d0539d9ec0acbf90cb3388b30c17<::>2	Q0	806502664_9937-10493-0-556	9	0.111111	run1
79f0d0539d9ec0acbf90cb3388b30c17<::>2	Q0	806502664_2081-2633-0-552	10	0.100000	run1
79f0d0539d9ec0acbf90cb3388b30c17<::>3	Q0	818823851_18203-19532-0-1329	1	1.000000	run1
79f0d0539d9ec0acbf90cb3388b30c17<::>3	Q0	805804224_92-362-0-270	2	0.500000	run1
79f0d0539d9ec0acbf90cb3388b30c17<::>3	Q0	799155915_26784-26905-0-121	3	0.333333	run1
79f0d0539d9ec0acbf90cb3388b30c17<::>3	Q0	836809496_16965-17208-0-243	4	0.250000	run1
79f0d0539d9ec0acbf90cb3388b30c17<::>3	Q0	818823851_20394-21056-0-662	5	0.200000	run1
79f0d0539d9ec0acbf90cb3388b30c17<::>3	Q0	818823851_17547-18202-0-655	6	0.166667	run1
79f0d0539d9ec0acbf90cb3388b30c17<::>3	Q0	817497057_22593-22718-0-125	7	0.142857	run1
79f0d0539d9ec0acbf90cb3388b30c17<::>3	Q0	818823851_19533-20393-0-860	8	0.125000	run1
79f0d0539d9ec0acbf90cb3388b30c17<::>3	Q0	866458669_28589-29441-0-852	9	0.111111	run1
79f0d0539d9ec0acbf90cb3388b30c17<::>3	Q0	818823851_22951-23750-0-799	10	0.100000	run1
79f0d0539d9ec0acbf90cb3388b30c17<::>4	Q0	852484941_20780-21538-0-757	1	1.000000	run1
79f0d0539d9ec0acbf90cb3388b30c17<::>4	Q0	852484941_28623-29035-0-412	2	0.500000	run1
79f0d0539d9ec0acbf90cb3388b30c17<::>4	Q0	852484941_27407-27553-0-146	3	0.333333	run1
79f0d0539d9ec0acbf90cb3388b30c17<::>4	Q0	852484941_25413-25703-0-290	4	0.250000	run1
79f0d0539d9ec0acbf90cb3388b30c17<::>4	Q0	852484941_13779-14098-0-319	5	0.200000	run1
79f0d0539d9ec0acbf90cb3388b30c17<::>4	Q0	806502664_3901-4281-0-380	6	0.166667	run1
79f0d0539d9ec0acbf90cb3388b30c17<::>4	Q0	806502664_965-1711-0-746	7	0.142857	run1
79f0d0539d9ec0acbf90cb3388b30c17<::>4	Q0	852484941_20238-20334-0-96	8	0.125000	run1
79f0d0539d9ec0acbf90cb3388b30c17<::>4	Q0	852484941_42718-43317-0-599	9	0.111111	run1
79f0d0539d9ec0acbf90cb3388b30c17<::>4	Q0	806502664_11404-11594-0-190	10	0.100000	run1
79f0d0539d9ec0acbf90cb3388b30c17<::>5	Q0	852484941_25413-25703-0-290	1	1.000000	run1
79f0d0539d9ec0acbf90cb3388b30c17<::>5	Q0	852484941_20780-21538-0-757	2	0.500000	run1
79f0d0539d9ec0acbf90cb3388b30c17<::>5	Q0	852484941_4164-5668-0-1503	3	0.333333	run1
79f0d0539d9ec0acbf90cb3388b30c17<::>5	Q0	852484941_55095-55266-0-171	4	0.250000	run1
79f0d0539d9ec0acbf90cb3388b30c17<::>5	Q0	852484941_60643-61158-0-515	5	0.200000	run1
79f0d0539d9ec0acbf90cb3388b30c17<::>5	Q0	852484941_20238-20334-0-96	6	0.166667	run1
79f0d0539d9ec0acbf90cb3388b30c17<::>5	Q0	852484941_19074-19518-0-444	7	0.142857	run1
79f0d0539d9ec0acbf90cb3388b30c17<::>5	Q0	852484941_42718-43317-0-599	8	0.125000	run1
79f0d0539d9ec0acbf90cb3388b30c17<::>5	Q0	818823851_18203-19532-0-1329	9	0.111111	run1
79f0d0539d9ec0acbf90cb3388b30c17<::>5	Q0	852484941_59328-59737-0-409	10	0.100000	run1
79f0d0539d9ec0acbf90cb3388b30c17<::>6	Q0	806502664_2081-2633-0-552	1	1.000000	run1
79f0d0539d9ec0acbf90cb3388b30c17<::>6	Q0	806502664_3126-3900-0-774	2	0.500000	run1
79f0d0539d9ec0acbf90cb3388b30c17<::>6	Q0	806502664_10972-11403-0-431	3	0.333333	run1
79f0d0539d9ec0acbf90cb3388b30c17<::>6	Q0	806502664_11908-12569-0-661	4	0.250000	run1
79f0d0539d9ec0acbf90cb3388b30c17<::>6	Q0	806502664_13360-13761-0-401	5	0.200000	run1
79f0d0539d9ec0acbf90cb3388b30c17<::>6	Q0	806502664_8262-9343-0-1081	6	0.166667	run1
79f0d0539d9ec0acbf90cb3388b30c17<::>6	Q0	806502664_4282-4749-0-467	7	0.142857	run1
79f0d0539d9ec0acbf90cb3388b30c17<::>6	Q0	806502664_3901-4281-0-380	8	0.125000	run1
79f0d0539d9ec0acbf90cb3388b30c17<::>6	Q0	806502664_965-1711-0-746	9	0.111111	run1
79f0d0539d9ec0acbf90cb3388b30c17<::>6	Q0	806502664_9344-9936-0-592	10	0.100000	run1
79f0d0539d9ec0acbf90cb3388b30c17<::>7	Q0	806502664_965-1711-0-746	1	1.000000	run1
79f0d0539d9ec0acbf90cb3388b30c17<::>7	Q0	806502664_13360-13761-0-401	2	0.500000	run1
79f0d0539d9ec0acbf90cb3388b30c17<::>7	Q0	806502664_4750-5111-0-361	3	0.333333	run1
79f0d0539d9ec0acbf90cb3388b30c17<::>7	Q0	806502664_2656-3125-0-469	4	0.250000	run1
79f0d0539d9ec0acbf90cb3388b30c17<::>7	Q0	806502664_2081-2633-0-552	5	0.200000	run1
79f0d0539d9ec0acbf90cb3388b30c17<::>7	Q0	806502664_10972-11403-0-431	6	0.166667	run1
79f0d0539d9ec0acbf90cb3388b30c17<::>7	Q0	806502664_11404-11594-0-190	7	0.142857	run1
79f0d0539d9ec0acbf90cb3388b30c17<::>7	Q0	806502664_11908-12569-0-661	8	0.125000	run1
79f0d0539d9ec0acbf90cb3388b30c17<::>7	Q0	806502664_3126-3900-0-774	9	0.111111	run1
79f0d0539d9ec0acbf90cb3388b30c17<::>7	Q0	806502664_9344-9936-0-592	10	0.100000	run1
5c13daa9432149f6243aa1115629cd1a<::>1	Q0	825171915_343-1247-0-904	1	1.000000	run1
5c13daa9432149f6243aa1115629cd1a<::>1	Q0	837756901_3845-4469-0-624	2	0.500000	run1
5c13daa9432149f6243aa1115629cd1a<::>1	Q0	825171915_10705-11391-0-686	3	0.333333	run1
5c13daa9432149f6243aa1115629cd1a<::>1	Q0	825171915_12749-13209-0-460	4	0.250000	run1
5c13daa9432149f6243aa1115629cd1a<::>1	Q0	825171915_1986-3071-0-1085	5	0.200000	run1
5c13daa9432149f6243aa1115629cd1a<::>1	Q0	825171915_3242-3629-0-387	6	0.166667	run1
5c13daa9432149f6243aa1115629cd1a<::>1	Q0	825171915_6292-6727-0-435	7	0.142857	run1
5c13daa9432149f6243aa1115629cd1a<::>1	Q0	825171915_1248-1580-0-332	8	0.125000	run1
5c13daa9432149f6243aa1115629cd1a<::>1	Q0	825171915_8136-8851-0-715	9	0.111111	run1
5c13daa9432149f6243aa1115629cd1a<::>1	Q0	825171915_7871-8118-0-247	10	0.100000	run1
5c13daa9432149f6243aa1115629cd1a<::>2	Q0	825171915_4571-5028-0-457	1	1.000000	run1
5c13daa9432149f6243aa1115629cd1a<::>2	Q0	825171915_1248-1580-0-332	2	0.500000	run1
5c13daa9432149f6243aa1115629cd1a<::>2	Q0	825171915_7241-7870-0-629	3	0.333333	run1
5c13daa9432149f6243aa1115629cd1a<::>2	Q0	825171915_7871-8118-0-247	4	0.250000	run1
5c13daa9432149f6243aa1115629cd1a<::>2	Q0	825171915_10705-11391-0-686	5	0.200000	run1
5c13daa9432149f6243aa1115629cd1a<::>2	Q0	825171915_12749-13209-0-460	6	0.166667	run1
5c13daa9432149f6243aa1115629cd1a<::>2	Q0	825171915_11920-12748-0-828	7	0.142857	run1
5c13daa9432149f6243aa1115629cd1a<::>2	Q0	825171915_343-1247-0-904	8	0.125000	run1
5c13daa9432149f6243aa1115629cd1a<::>2	Q0	825171915_8136-8851-0-715	9	0.111111	run1
5c13daa9432149f6243aa1115629cd1a<::>2	Q0	825171915_6292-6727-0-435	10	0.100000	run1
5c13daa9432149f6243aa1115629cd1a<::>3	Q0	853377429_37155-37779-0-624	1	1.000000	run1
5c13daa9432149f6243aa1115629cd1a<::>3	Q0	853377429_37780-38219-0-439	2	0.500000	run1
5c13daa9432149f6243aa1115629cd1a<::>3	Q0	853377429_977-1692-0-715	3	0.333333	run1
5c13daa9432149f6243aa1115629cd1a<::>3	Q0	853377429_19553-19948-0-395	4	0.250000	run1
5c13daa9432149f6243aa1115629cd1a<::>3	Q0	853377429_4410-4651-0-241	5	0.200000	run1
5c13daa9432149f6243aa1115629cd1a<::>3	Q0	853377429_18129-18341-0-212	6	0.166667	run1
5c13daa9432149f6243aa1115629cd1a<::>3	Q0	853377429_27276-27776-0-500	7	0.142857	run1
5c13daa9432149f6243aa1115629cd1a<::>3	Q0	853377429_8934-9619-0-685	8	0.125000	run1
5c13daa9432149f6243aa1115629cd1a<::>3	Q0	853377429_23150-23662-0-512	9	0.111111	run1
5c13daa9432149f6243aa1115629cd1a<::>3	Q0	853377429_2317-2677-0-360	10	0.100000	run1
5c13daa9432149f6243aa1115629cd1a<::>4	Q0	853377429_4410-4651-0-241	1	1.000000	run1
5c13daa9432149f6243aa1115629cd1a<::>4	Q0	853377429_19553-19948-0-395	2	0.500000	run1
5c13daa9432149f6243aa1115629cd1a<::>4	Q0	853377429_977-1692-0-715	3	0.333333	run1
5c13daa9432149f6243aa1115629cd1a<::>4	Q0	853377429_37155-37779-0-624	4	0.250000	run1
5c13daa9432149f6243aa1115629cd1a<::>4	Q0	853377429_2678-3360-0-682	5	0.200000	run1
5c13daa9432149f6243aa1115629cd1a<::>4	Q0	853377429_2317-2677-0-360	6	0.166667	run1
5c13daa9432149f6243aa1115629cd1a<::>4	Q0	853377429_27276-27776-0-500	7	0.142857	run1
5c13daa9432149f6243aa1115629cd1a<::>4	Q0	853377429_15900-16510-0-610	8	0.125000	run1
5c13daa9432149f6243aa1115629cd1a<::>4	Q0	853377429_18129-18341-0-212	9	0.111111	run1
5c13daa9432149f6243aa1115629cd1a<::>4	Q0	853377429_10550-11142-0-592	10	0.100000	run1
5c13daa9432149f6243aa1115629cd1a<::>5	Q0	853377429_22796-23121-0-325	1	1.000000	run1
5c13daa9432149f6243aa1115629cd1a<::>5	Q0	853377429_37780-38219-0-439	2	0.500000	run1
5c13daa9432149f6243aa1115629cd1a<::>5	Q0	853377429_2317-2677-0-360	3	0.333333	run1
5c13daa9432149f6243aa1115629cd1a<::>5	Q0	825171915_1248-1580-0-332	4	0.250000	run1
5c13daa9432149f6243aa1115629cd1a<::>5	Q0	838273203_21281-21553-0-272	5	0.200000	run1
5c13daa9432149f6243aa1115629cd1a<::>5	Q0	853377429_16511-16858-0-347	6	0.166667	run1
5c13daa9432149f6243aa1115629cd1a<::>5	Q0	853377429_23150-23662-0-512	7	0.142857	run1
5c13daa9432149f6243aa1115629cd1a<::>5	Q0	825171915_12749-13209-0-460	8	0.125000	run1
5c13daa9432149f6243aa1115629cd1a<::>5	Q0	853377429_36903-37132-0-229	9	0.111111	run1
5c13daa9432149f6243aa1115629cd1a<::>5	Q0	825171915_11920-12748-0-828	10	0.100000	run1
5c13daa9432149f6243aa1115629cd1a<::>6	Q0	834242094_12806-13371-0-565	1	1.000000	run1
5c13daa9432149f6243aa1115629cd1a<::>6	Q0	834242094_880-1822-0-942	2	0.500000	run1
5c13daa9432149f6243aa1115629cd1a<::>6	Q0	834242094_35354-35607-0-253	3	0.333333	run1
5c13daa9432149f6243aa1115629cd1a<::>6	Q0	834242094_56210-56592-0-382	4	0.250000	run1
5c13daa9432149f6243aa1115629cd1a<::>6	Q0	834242094_51463-51705-0-242	5	0.200000	run1
5c13daa9432149f6243aa1115629cd1a<::>6	Q0	834242094_56618-56724-0-106	6	0.166667	run1
5c13daa9432149f6243aa1115629cd1a<::>6	Q0	834242094_1823-2875-0-1052	7	0.142857	run1
5c13daa9432149f6243aa1115629cd1a<::>6	Q0	834242094_47936-48160-0-224	8	0.125000	run1
5c13daa9432149f6243aa1115629cd1a<::>6	Q0	834242094_42685-43086-0-401	9	0.111111	run1
5c13daa9432149f6243aa1115629cd1a<::>6	Q0	834242094_52223-52826-0-603	10	0.100000	run1
5c13daa9432149f6243aa1115629cd1a<::>7	Q0	834242094_56618-56724-0-106	1	1.000000	run1
5c13daa9432149f6243aa1115629cd1a<::>7	Q0	834242094_52223-52826-0-603	2	0.500000	run1
5c13daa9432149f6243aa1115629cd1a<::>7	Q0	834242094_880-1822-0-942	3	0.333333	run1
5c13daa9432149f6243aa1115629cd1a<::>7	Q0	834242094_35354-35607-0-253	4	0.250000	run1
5c13daa9432149f6243aa1115629cd1a<::>7	Q0	834242094_56725-56938-0-213	5	0.200000	run1
5c13daa9432149f6243aa1115629cd1a<::>7	Q0	834242094_35629-36091-0-462	6	0.166667	run1
5c13daa9432149f6243aa1115629cd1a<::>7	Q0	834242094_51463-51705-0-242	7	0.142857	run1
5c13daa9432149f6243aa1115629cd1a<::>7	Q0	834242094_56210-56592-0-382	8	0.125000	run1
5c13daa9432149f6243aa1115629cd1a<::>7	Q0	834242094_46369-46870-0-501	9	0.111111	run1
5c13daa9432149f6243aa1115629cd1a<::>7	Q0	834242094_45800-46368-0-568	10	0.100000	run1
3a07680acfb0f951fc3210a8c1a282c9<::>1	Q0	843287850_8695-9020-0-325	1	1.000000	run1
3a07680acfb0f951fc3210a8c1a282c9<::>1	Q0	855533381_55716-57147-0-1431	2	0.500000	run1
3a07680acfb0f951fc3210a8c1a282c9<::>1	Q0	809803788_27648-29108-0-1460	3	0.333333	run1
3a07680acfb0f951fc3210a8c1a282c9<::>1	Q0	846243760_31579-32199-0-620	4	0.250000	run1
3a07680acfb0f951fc3210a8c1a282c9<::>1	Q0	812674515_45945-46807-0-858	5	0.200000	run1
3a07680acfb0f951fc3210a8c1a282c9<::>1	Q0	855533381_48345-48891-0-546	6	0.166667	run1
3a07680acfb0f951fc3210a8c1a282c9<::>1	Q0	807235113_77543-78571-0-1028	7	0.142857	run1
3a07680acfb0f951fc3210a8c1a282c9<::>1	Q0	843611882_38264-38626-0-362	8	0.125000	run1
3a07680acfb0f951fc3210a8c1a282c9<::>1	Q0	800606077_10177-10745-0-566	9	0.111111	run1
3a07680acfb0f951fc3210a8c1a282c9<::>1	Q0	801128675_28577-28673-0-96	10	0.100000	run1
3a07680acfb0f951fc3210a8c1a282c9<::>2	Q0	855533381_48345-48891-0-546	1	1.000000	run1
3a07680acfb0f951fc3210a8c1a282c9<::>2	Q0	843611882_38627-39213-0-586	2	0.500000	run1
3a07680acfb0f951fc3210a8c1a282c9<::>2	Q0	843611882_38264-38626-0-362	3	0.333333	run1
3a07680acfb0f951fc3210a8c1a282c9<::>2	Q0	855533381_48892-49455-0-563	4	0.250000	run1
3a07680acfb0f951fc3210a8c1a282c9<::>2	Q0	834145135_104852-105568-0-716	5	0.200000	run1
3a07680acfb0f951fc3210a8c1a282c9<::>2	Q0	822116215_11603-12886-0-1283	6	0.166667	run1
3a07680acfb0f951fc3210a8c1a282c9<::>2	Q0	854704049_7364-7831-0-467	7	0.142857	run1
3a07680acfb0f951fc3210a8c1a282c9<::>2	Q0	846609097_58224-59151-0-927	8	0.125000	run1
3a07680acfb0f951fc3210a8c1a282c9<::>2	Q0	835256611_3282-3751-0-469	9	0.111111	run1
3a07680acfb0f951fc3210a8c1a282c9<::>2	Q0	801173179_103453-103912-0-459	10	0.100000	run1
3a07680acfb0f951fc3210a8c1a282c9<::>3	Q0	819529415_89507-90159-0-652	1	1.000000	run1
3a07680acfb0f951fc3210a8c1a282c9<::>3	Q0	855533381_48892-49455-0-563	2	0.500000	run1
3a07680acfb0f951fc3210a8c1a282c9<::>3	Q0	843611882_8586-9142-0-556	3	0.333333	run1
3a07680acfb0f951fc3210a8c1a282c9<::>3	Q0	843611882_38627-39213-0-586	4	0.250000	run1
3a07680acfb0f951fc3210a8c1a282c9<::>3	Q0	844435825_5607-5860-0-253	5	0.200000	run1
3a07680acfb0f951fc3210a8c1a282c9<::>3	Q0	798813276_43198-43866-0-668	6	0.166667	run1
3a07680acfb0f951fc3210a8c1a282c9<::>3	Q0	813042265_15691-17303-0-1609	7	0.142857	run1
3a07680acfb0f951fc3210a8c1a282c9<::>3	Q0	855533381_48345-48891-0-546	8	0.125000	run1
3a07680acfb0f951fc3210a8c1a282c9<::>3	Q0	842051688_78692-79265-0-573	9	0.111111	run1
3a07680acfb0f951fc3210a8c1a282c9<::>3	Q0	843611882_12000-12431-0-431	10	0.100000	run1
3a07680acfb0f951fc3210a8c1a282c9<::>4	Q0	855533381_48892-49455-0-563	1	1.000000	run1
3a07680acfb0f951fc3210a8c1a282c9<::>4	Q0	804663387_84985-85618-0-633	2	0.500000	run1
3a07680acfb0f951fc3210a8c1a282c9<::>4	Q0	836809496_57770-58065-0-293	3	0.333333	run1
3a07680acfb0f951fc3210a8c1a282c9<::>4	Q0	836809496_58066-58887-0-821	4	0.250000	run1
3a07680acfb0f951fc3210a8c1a282c9<::>4	Q0	842051688_78692-79265-0-573	5	0.200000	run1
3a07680acfb0f951fc3210a8c1a282c9<::>4	Q0	855533381_11626-12354-0-728	6	0.166667	run1
3a07680acfb0f951fc3210a8c1a282c9<::>4	Q0	843611882_11675-11999-0-324	7	0.142857	run1
3a07680acfb0f951fc3210a8c1a282c9<::>4	Q0	813042265_12741-13865-0-1122	8	0.125000	run1
3a07680acfb0f951fc3210a8c1a282c9<::>4	Q0	798813276_43198-43866-0-668	9	0.111111	run1
3a07680acfb0f951fc3210a8c1a282c9<::>4	Q0	855533381_10785-11590-0-805	10	0.100000	run1
3a07680acfb0f951fc3210a8c1a282c9<::>5	Q0	813042265_21771-22843-0-1070	1	1.000000	run1
3a07680acfb0f951fc3210a8c1a282c9<::>5	Q0	798813276_43198-43866-0-668	2	0.500000	run1
3a07680acfb0f951fc3210a8c1a282c9<::>5	Q0	813042265_7684-9885-1-1925	3	0.333333	run1
3a07680acfb0f951fc3210a8c1a282c9<::>5	Q0	809803788_30290-30804-0-514	4	0.250000	run1
3a07680acfb0f951fc3210a8c1a282c9<::>5	Q0	855533381_48892-49455-0-563	5	0.200000	run1
3a07680acfb0f951fc3210a8c1a282c9<::>5	Q0	813042265_21242-21770-0-528	6	0.166667	run1
3a07680acfb0f951fc3210a8c1a282c9<::>5	Q0	800530390_33672-34013-0-341	7	0.142857	run1
3a07680acfb0f951fc3210a8c1a282c9<::>5	Q0	832028292_7124-7423-0-299	8	0.125000	run1
3a07680acfb0f951fc3210a8c1a282c9<::>5	Q0	837000521_15861-16133-0-272	9	0.111111	run1
3a07680acfb0f951fc3210a8c1a282c9<::>5	Q0	818996661_19904-20354-0-450	10	0.100000	run1
3a07680acfb0f951fc3210a8c1a282c9<::>6	Q0	824547656_1908-2904-0-996	1	1.000000	run1
3a07680acfb0f951fc3210a8c1a282c9<::>6	Q0	850112639_9663-10105-0-442	2	0.500000	run1
3a07680acfb0f951fc3210a8c1a282c9<::>6	Q0	824547656_860-1907-0-1047	3	0.333333	run1
3a07680acfb0f951fc3210a8c1a282c9<::>6	Q0	824547656_16163-16562-0-399	4	0.250000	run1
3a07680acfb0f951fc3210a8c1a282c9<::>6	Q0	824547656_4822-5573-0-751	5	0.200000	run1
3a07680acfb0f951fc3210a8c1a282c9<::>6	Q0	824547656_29862-30236-0-374	6	0.166667	run1
3a07680acfb0f951fc3210a8c1a282c9<::>6	Q0	824547656_10452-11170-0-718	7	0.142857	run1
3a07680acfb0f951fc3210a8c1a282c9<::>6	Q0	824547656_32151-32342-0-191	8	0.125000	run1
3a07680acfb0f951fc3210a8c1a282c9<::>6	Q0	824547656_16745-18303-0-1558	9	0.111111	run1
3a07680acfb0f951fc3210a8c1a282c9<::>6	Q0	824547656_32372-33283-0-911	10	0.100000	run1
3a07680acfb0f951fc3210a8c1a282c9<::>7	Q0	824547656_33603-33984-0-381	1	1.000000	run1
3a07680acfb0f951fc3210a8c1a282c9<::>7	Q0	824547656_2905-3422-0-517	2	0.500000	run1
3a07680acfb0f951fc3210a8c1a282c9<::>7	Q0	824547656_20570-20909-0-339	3	0.333333	run1
3a07680acfb0f951fc3210a8c1a282c9<::>7	Q0	855533381_55716-57147-0-1431	4	0.250000	run1
3a07680acfb0f951fc3210a8c1a282c9<::>7	Q0	824547656_21158-21276-0-118	5	0.200000	run1
3a07680acfb0f951fc3210a8c1a282c9<::>7	Q0	843287850_1922-2536-0-614	6	0.166667	run1
3a07680acfb0f951fc3210a8c1a282c9<::>7	Q0	824547656_20166-20524-0-358	7	0.142857	run1
3a07680acfb0f951fc3210a8c1a282c9<::>7	Q0	824547656_16745-18303-0-1558	8	0.125000	run1
3a07680acfb0f951fc3210a8c1a282c9<::>7	Q0	809803788_29781-30263-0-482	9	0.111111	run1
3a07680acfb0f951fc3210a8c1a282c9<::>7	Q0	824547656_26777-26882-0-105	10	0.100000	run1
3a07680acfb0f951fc3210a8c1a282c9<::>8	Q0	855533381_55716-57147-0-1431	1	1.000000	run1
3a07680acfb0f951fc3210a8c1a282c9<::>8	Q0	834145135_88445-88994-0-549	2	0.500000	run1
3a07680acfb0f951fc3210a8c1a282c9<::>8	Q0	809803788_20980-22719-0-1739	3	0.333333	run1
3a07680acfb0f951fc3210a8c1a282c9<::>8	Q0	809803788_29781-30263-0-482	4	0.250000	run1
3a07680acfb0f951fc3210a8c1a282c9<::>8	Q0	798162198_2302-2452-0-150	5	0.200000	run1
3a07680acfb0f951fc3210a8c1a282c9<::>8	Q0	809803788_22720-23846-0-1124	6	0.166667	run1
3a07680acfb0f951fc3210a8c1a282c9<::>8	Q0	843287850_8695-9020-0-325	7	0.142857	run1
3a07680acfb0f951fc3210a8c1a282c9<::>8	Q0	855533381_1210-2002-0-792	8	0.125000	run1
3a07680acfb0f951fc3210a8c1a282c9<::>8	Q0	824547656_33603-33984-0-381	9	0.111111	run1
3a07680acfb0f951fc3210a8c1a282c9<::>8	Q0	846243760_32973-33809-0-836	10	0.100000	run1
dd82f0f978316e73618cf0addd369cd8<::>1	Q0	832021719_368-632-0-263	1	1.000000	run1
dd82f0f978316e73618cf0addd369cd8<::>1	Q0	832021719_10535-10643-0-108	2	0.500000	run1
dd82f0f978316e73618cf0addd369cd8<::>1	Q0	832021719_1932-3263-0-1331	3	0.333333	run1
dd82f0f978316e73618cf0addd369cd8<::>1	Q0	832021719_7327-7564-0-235	4	0.250000	run1
dd82f0f978316e73618cf0addd369cd8<::>1	Q0	832021719_10217-10511-0-291	5	0.200000	run1
dd82f0f978316e73618cf0addd369cd8<::>1	Q0	832021719_6799-7071-0-272	6	0.166667	run1
dd82f0f978316e73618cf0addd369cd8<::>1	Q0	832021719_8228-8511-0-282	7	0.142857	run1
dd82f0f978316e73618cf0addd369cd8<::>1	Q0	832021719_9951-10190-0-239	8	0.125000	run1
dd82f0f978316e73618cf0addd369cd8<::>1	Q0	832021719_8544-8798-0-254	9	0.111111	run1
dd82f0f978316e73618cf0addd369cd8<::>1	Q0	832021719_9103-9364-0-261	10	0.100000	run1
dd82f0f978316e73618cf0addd369cd8<::>2	Q0	832021719_10535-10643-0-108	1	1.000000	run1
dd82f0f978316e73618cf0addd369cd8<::>2	Q0	832021719_7327-7564-0-235	2	0.500000	run1
dd82f0f978316e73618cf0addd369cd8<::>2	Q0	832021719_9951-10190-0-239	3	0.333333	run1
dd82f0f978316e73618cf0addd369cd8<::>2	Q0	832021719_368-632-0-263	4	0.250000	run1
dd82f0f978316e73618cf0addd369cd8<::>2	Q0	832021719_1932-3263-0-1331	5	0.200000	run1
dd82f0f978316e73618cf0addd369cd8<::>2	Q0	832021719_10217-10511-0-291	6	0.166667	run1
dd82f0f978316e73618cf0addd369cd8<::>2	Q0	832021719_8544-8798-0-254	7	0.142857	run1
dd82f0f978316e73618cf0addd369cd8<::>2	Q0	832021719_6799-7071-0-272	8	0.125000	run1
dd82f0f978316e73618cf0addd369cd8<::>2	Q0	832021719_9675-9928-0-251	9	0.111111	run1
dd82f0f978316e73618cf0addd369cd8<::>2	Q0	832021719_6189-6426-0-237	10	0.100000	run1
dd82f0f978316e73618cf0addd369cd8<::>3	Q0	832021719_1932-3263-0-1331	1	1.000000	run1
dd82f0f978316e73618cf0addd369cd8<::>3	Q0	832021719_368-632-0-263	2	0.500000	run1
dd82f0f978316e73618cf0addd369cd8<::>3	Q0	832021719_7327-7564-0-235	3	0.333333	run1
dd82f0f978316e73618cf0addd369cd8<::>3	Q0	832021719_10535-10643-0-108	4	0.250000	run1
dd82f0f978316e73618cf0addd369cd8<::>3	Q0	832021719_6799-7071-0-272	5	0.200000	run1
dd82f0f978316e73618cf0addd369cd8<::>3	Q0	832021719_9103-9364-0-261	6	0.166667	run1
dd82f0f978316e73618cf0addd369cd8<::>3	Q0	832021719_8544-8798-0-254	7	0.142857	run1
dd82f0f978316e73618cf0addd369cd8<::>3	Q0	832021719_7094-7305-0-211	8	0.125000	run1
dd82f0f978316e73618cf0addd369cd8<::>3	Q0	832021719_9951-10190-0-239	9	0.111111	run1
dd82f0f978316e73618cf0addd369cd8<::>3	Q0	832021719_8821-9083-0-262	10	0.100000	run1
dd82f0f978316e73618cf0addd369cd8<::>4	Q0	857107821_40925-41941-0-1016	1	1.000000	run1
dd82f0f978316e73618cf0addd369cd8<::>4	Q0	865335038_44193-44317-0-124	2	0.500000	run1
dd82f0f978316e73618cf0addd369cd8<::>4	Q0	832021719_633-1349-0-716	3	0.333333	run1
dd82f0f978316e73618cf0addd369cd8<::>4	Q0	857107821_38465-38668-0-203	4	0.250000	run1
dd82f0f978316e73618cf0addd369cd8<::>4	Q0	832021719_3280-3486-0-206	5	0.200000	run1
dd82f0f978316e73618cf0addd369cd8<::>4	Q0	807219735_59453-60011-0-557	6	0.166667	run1
dd82f0f978316e73618cf0addd369cd8<::>4	Q0	857107821_48557-52643-2006-4074	7	0.142857	run1
dd82f0f978316e73618cf0addd369cd8<::>4	Q0	857107821_38723-39689-0-964	8	0.125000	run1
dd82f0f978316e73618cf0addd369cd8<::>4	Q0	838500113_17277-17776-0-499	9	0.111111	run1
dd82f0f978316e73618cf0addd369cd8<::>4	Q0	836976784_2393-2638-0-243	10	0.100000	run1
dd82f0f978316e73618cf0addd369cd8<::>5	Q0	842075902_1962-2470-0-508	1	1.000000	run1
dd82f0f978316e73618cf0addd369cd8<::>5	Q0	810122445_286-974-0-688	2	0.500000	run1
dd82f0f978316e73618cf0addd369cd8<::>5	Q0	807219735_59453-60011-0-557	3	0.333333	run1
dd82f0f978316e73618cf0addd369cd8<::>5	Q0	834140201_12777-13392-0-615	4	0.250000	run1
dd82f0f978316e73618cf0addd369cd8<::>5	Q0	807219735_57881-58425-0-544	5	0.200000	run1
dd82f0f978316e73618cf0addd369cd8<::>5	Q0	842075902_8005-8264-0-259	6	0.166667	run1
dd82f0f978316e73618cf0addd369cd8<::>5	Q0	842075902_1265-1597-0-332	7	0.142857	run1
dd82f0f978316e73618cf0addd369cd8<::>5	Q0	811506285_8092-8508-0-416	8	0.125000	run1
dd82f0f978316e73618cf0addd369cd8<::>5	Q0	802186199_49733-50469-0-736	9	0.111111	run1
dd82f0f978316e73618cf0addd369cd8<::>5	Q0	838542318_24721-25131-0-410	10	0.100000	run1
dd82f0f978316e73618cf0addd369cd8<::>6	Q0	850509972_112-410-0-298	1	1.000000	run1
dd82f0f978316e73618cf0addd369cd8<::>6	Q0	864952571_56601-57435-0-834	2	0.500000	run1
dd82f0f978316e73618cf0addd369cd8<::>6	Q0	856059988_49173-50750-0-1577	3	0.333333	run1
dd82f0f978316e73618cf0addd369cd8<::>6	Q0	866493429_130703-131952-0-1249	4	0.250000	run1
dd82f0f978316e73618cf0addd369cd8<::>6	Q0	854042285_27707-28020-0-313	5	0.200000	run1
dd82f0f978316e73618cf0addd369cd8<::>6	Q0	865335038_32017-32856-0-839	6	0.166667	run1
dd82f0f978316e73618cf0addd369cd8<::>6	Q0	826807874_2383-3381-0-998	7	0.142857	run1
dd82f0f978316e73618cf0addd369cd8<::>6	Q0	853841453_19530-19987-0-457	8	0.125000	run1
dd82f0f978316e73618cf0addd369cd8<::>6	Q0	857125726_76578-76930-0-352	9	0.111111	run1
dd82f0f978316e73618cf0addd369cd8<::>6	Q0	865335038_2029-2437-0-408	10	0.100000	run1
dd82f0f978316e73618cf0addd369cd8<::>7	Q0	856059988_5524-5831-0-307	1	1.000000	run1
dd82f0f978316e73618cf0addd369cd8<::>7	Q0	853841453_19530-19987-0-457	2	0.500000	run1
dd82f0f978316e73618cf0addd369cd8<::>7	Q0	856059988_49173-50750-0-1577	3	0.333333	run1
dd82f0f978316e73618cf0addd369cd8<::>7	Q0	856059988_3048-3775-0-727	4	0.250000	run1
dd82f0f978316e73618cf0addd369cd8<::>7	Q0	856059988_50751-51887-0-1136	5	0.200000	run1
dd82f0f978316e73618cf0addd369cd8<::>7	Q0	864952571_56601-57435-0-834	6	0.166667	run1
dd82f0f978316e73618cf0addd369cd8<::>7	Q0	856059988_54309-55163-0-854	7	0.142857	run1
dd82f0f978316e73618cf0addd369cd8<::>7	Q0	822349642_58247-58657-0-410	8	0.125000	run1
dd82f0f978316e73618cf0addd369cd8<::>7	Q0	804663387_106042-106808-0-766	9	0.111111	run1
dd82f0f978316e73618cf0addd369cd8<::>7	Q0	856059988_4432-4708-0-276	10	0.100000	run1
dd82f0f978316e73618cf0addd369cd8<::>8	Q0	821174549_57949-58078-0-129	1	1.000000	run1
dd82f0f978316e73618cf0addd369cd8<::>8	Q0	821174549_2851-3529-0-678	2	0.500000	run1
dd82f0f978316e73618cf0addd369cd8<::>8	Q0	817198557_48638-48821-0-183	3	0.333333	run1
dd82f0f978316e73618cf0addd369cd8<::>8	Q0	853841453_19530-19987-0-457	4	0.250000	run1
dd82f0f978316e73618cf0addd369cd8<::>8	Q0	822349642_57266-57781-0-515	5	0.200000	run1
dd82f0f978316e73618cf0addd369cd8<::>8	Q0	797303703_44878-45064-0-186	6	0.166667	run1
dd82f0f978316e73618cf0addd369cd8<::>8	Q0	856059988_49173-50750-0-1577	7	0.142857	run1
dd82f0f978316e73618cf0addd369cd8<::>8	Q0	804663387_106042-106808-0-766	8	0.125000	run1
dd82f0f978316e73618cf0addd369cd8<::>8	Q0	844490469_43267-43891-0-624	9	0.111111	run1
dd82f0f978316e73618cf0addd369cd8<::>8	Q0	821174549_12476-13141-0-665	10	0.100000	run1
dd82f0f978316e73618cf0addd369cd8<::>9	Q0	796369617_49192-49667-0-475	1	1.000000	run1
dd82f0f978316e73618cf0addd369cd8<::>9	Q0	845635430_3768-4422-0-654	2	0.500000	run1
dd82f0f978316e73618cf0addd369cd8<::>9	Q0	821892178_60318-60846-0-528	3	0.333333	run1
dd82f0f978316e73618cf0addd369cd8<::>9	Q0	856059988_49173-50750-0-1577	4	0.250000	run1
dd82f0f978316e73618cf0addd369cd8<::>9	Q0	821892178_59237-60302-0-1065	5	0.200000	run1
dd82f0f978316e73618cf0addd369cd8<::>9	Q0	822349642_51649-51802-0-153	6	0.166667	run1
dd82f0f978316e73618cf0addd369cd8<::>9	Q0	845635430_4435-5986-0-1551	7	0.142857	run1
dd82f0f978316e73618cf0addd369cd8<::>9	Q0	804380142_27175-27536-0-361	8	0.125000	run1
dd82f0f978316e73618cf0addd369cd8<::>9	Q0	853841453_19530-19987-0-457	9	0.111111	run1
dd82f0f978316e73618cf0addd369cd8<::>9	Q0	804380142_5281-5873-0-592	10	0.100000	run1
1534a095279f2cb888fb0bea17bd70da<::>1	Q0	825986711_2085-2489-0-404	1	1.000000	run1
1534a095279f2cb888fb0bea17bd70da<::>1	Q0	843451752_80994-81491-0-497	2	0.500000	run1
1534a095279f2cb888fb0bea17bd70da<::>1	Q0	825986711_374-788-0-414	3	0.333333	run1
1534a095279f2cb888fb0bea17bd70da<::>1	Q0	829923870_9886-11415-0-1529	4	0.250000	run1
1534a095279f2cb888fb0bea17bd70da<::>1	Q0	825986711_3052-3893-0-841	5	0.200000	run1
1534a095279f2cb888fb0bea17bd70da<::>1	Q0	799491879_26804-27669-0-865	6	0.166667	run1
1534a095279f2cb888fb0bea17bd70da<::>1	Q0	825986711_1099-1546-0-447	7	0.142857	run1
1534a095279f2cb888fb0bea17bd70da<::>1	Q0	836296802_87322-88459-0-1137	8	0.125000	run1
1534a095279f2cb888fb0bea17bd70da<::>1	Q0	829923870_15878-16191-0-313	9	0.111111	run1
1534a095279f2cb888fb0bea17bd70da<::>1	Q0	825986711_2490-2909-0-419	10	0.100000	run1
1534a095279f2cb888fb0bea17bd70da<::>2	Q0	825986711_374-788-0-414	1	1.000000	run1
1534a095279f2cb888fb0bea17bd70da<::>2	Q0	862661498_8303-9124-0-821	2	0.500000	run1
1534a095279f2cb888fb0bea17bd70da<::>2	Q0	836900141_11285-11605-0-319	3	0.333333	run1
1534a095279f2cb888fb0bea17bd70da<::>2	Q0	825986711_2085-2489-0-404	4	0.250000	run1
1534a095279f2cb888fb0bea17bd70da<::>2	Q0	843451752_80994-81491-0-497	5	0.200000	run1
1534a095279f2cb888fb0bea17bd70da<::>2	Q0	825986711_2490-2909-0-419	6	0.166667	run1
1534a095279f2cb888fb0bea17bd70da<::>2	Q0	817934471_96190-97115-0-925	7	0.142857	run1
1534a095279f2cb888fb0bea17bd70da<::>2	Q0	825986711_1099-1546-0-447	8	0.125000	run1
1534a095279f2cb888fb0bea17bd70da<::>2	Q0	842598988_20671-21347-0-676	9	0.111111	run1
1534a095279f2cb888fb0bea17bd70da<::>2	Q0	825986711_3052-3893-0-841	10	0.100000	run1
1534a095279f2cb888fb0bea17bd70da<::>4	Q0	825986711_2085-2489-0-404	1	1.000000	run1
1534a095279f2cb888fb0bea17bd70da<::>4	Q0	825986711_374-788-0-414	2	0.500000	run1
1534a095279f2cb888fb0bea17bd70da<::>4	Q0	825986711_3052-3893-0-841	3	0.333333	run1
1534a095279f2cb888fb0bea17bd70da<::>4	Q0	825986711_3903-4468-0-565	4	0.250000	run1
1534a095279f2cb888fb0bea17bd70da<::>4	Q0	825986711_1099-1546-0-447	5	0.200000	run1
1534a095279f2cb888fb0bea17bd70da<::>4	Q0	825986711_2490-2909-0-419	6	0.166667	run1
1534a095279f2cb888fb0bea17bd70da<::>4	Q0	825986711_84-346-0-262	7	0.142857	run1
1534a095279f2cb888fb0bea17bd70da<::>4	Q0	825986711_4469-5006-0-537	8	0.125000	run1
1534a095279f2cb888fb0bea17bd70da<::>4	Q0	803443283_12292-12628-0-336	9	0.111111	run1
1534a095279f2cb888fb0bea17bd70da<::>4	Q0	842824544_9973-10222-0-249	10	0.100000	run1
1534a095279f2cb888fb0bea17bd70da<::>5	Q0	825986711_374-788-0-414	1	1.000000	run1
1534a095279f2cb888fb0bea17bd70da<::>5	Q0	825986711_2085-2489-0-404	2	0.500000	run1
1534a095279f2cb888fb0bea17bd70da<::>5	Q0	825986711_3903-4468-0-565	3	0.333333	run1
1534a095279f2cb888fb0bea17bd70da<::>5	Q0	825986711_2490-2909-0-419	4	0.250000	run1
1534a095279f2cb888fb0bea17bd70da<::>5	Q0	825986711_3052-3893-0-841	5	0.200000	run1
1534a095279f2cb888fb0bea17bd70da<::>5	Q0	825986711_1099-1546-0-447	6	0.166667	run1
1534a095279f2cb888fb0bea17bd70da<::>5	Q0	825986711_84-346-0-262	7	0.142857	run1
1534a095279f2cb888fb0bea17bd70da<::>5	Q0	825986711_4469-5006-0-537	8	0.125000	run1
1534a095279f2cb888fb0bea17bd70da<::>5	Q0	836296802_72635-74381-0-1746	9	0.111111	run1
1534a095279f2cb888fb0bea17bd70da<::>5	Q0	810373350_16085-18319-1090-2234	10	0.100000	run1
694e275f1a01ad0e8ac448ad809f7930<::>1	Q0	864952571_28023-29282-0-1259	1	1.000000	run1
694e275f1a01ad0e8ac448ad809f7930<::>1	Q0	804380142_446-1836-0-1390	2	0.500000	run1
694e275f1a01ad0e8ac448ad809f7930<::>1	Q0	798029343_451-1065-0-614	3	0.333333	run1
694e275f1a01ad0e8ac448ad809f7930<::>1	Q0	857081732_65868-66516-0-648	4	0.250000	run1
694e275f1a01ad0e8ac448ad809f7930<::>1	Q0	821328353_44567-45850-0-1283	5	0.200000	run1
694e275f1a01ad0e8ac448ad809f7930<::>1	Q0	865335038_17091-17557-0-466	6	0.166667	run1
694e275f1a01ad0e8ac448ad809f7930<::>1	Q0	834210179_25965-27023-0-1056	7	0.142857	run1
694e275f1a01ad0e8ac448ad809f7930<::>1	Q0	865335038_18677-19276-0-599	8	0.125000	run1
694e275f1a01ad0e8ac448ad809f7930<::>1	Q0	865335038_42994-44192-0-1198	9	0.111111	run1
694e275f1a01ad0e8ac448ad809f7930<::>1	Q0	819277691_103075-107601-2889-4524	10	0.100000	run1
694e275f1a01ad0e8ac448ad809f7930<::>2	Q0	796369617_6680-7212-0-532	1	1.000000	run1
694e275f1a01ad0e8ac448ad809f7930<::>2	Q0	821174549_871-1324-0-453	2	0.500000	run1
694e275f1a01ad0e8ac448ad809f7930<::>2	Q0	803829007_122734-123281-0-547	3	0.333333	run1
694e275f1a01ad0e8ac448ad809f7930<::>2	Q0	803807172_86-416-0-330	4	0.250000	run1
694e275f1a01ad0e8ac448ad809f7930<::>2	Q0	853463492_19387-19728-0-341	5	0.200000	run1
694e275f1a01ad0e8ac448ad809f7930<::>2	Q0	821174549_60186-60988-0-802	6	0.166667	run1
694e275f1a01ad0e8ac448ad809f7930<::>2	Q0	796369617_4697-5008-0-310	7	0.142857	run1
694e275f1a01ad0e8ac448ad809f7930<::>2	Q0	864996542_1179-1575-0-396	8	0.125000	run1
694e275f1a01ad0e8ac448ad809f7930<::>2	Q0	844490469_40727-41844-0-1117	9	0.111111	run1
694e275f1a01ad0e8ac448ad809f7930<::>2	Q0	803829007_121325-121610-0-285	10	0.100000	run1
694e275f1a01ad0e8ac448ad809f7930<::>3	Q0	856059988_2018-3047-0-1029	1	1.000000	run1
694e275f1a01ad0e8ac448ad809f7930<::>3	Q0	856059988_5524-5831-0-307	2	0.500000	run1
694e275f1a01ad0e8ac448ad809f7930<::>3	Q0	856059988_58381-59286-0-905	3	0.333333	run1
694e275f1a01ad0e8ac448ad809f7930<::>3	Q0	864952571_55148-56254-0-1103	4	0.250000	run1
694e275f1a01ad0e8ac448ad809f7930<::>3	Q0	864952571_59162-60781-0-1616	5	0.200000	run1
694e275f1a01ad0e8ac448ad809f7930<::>3	Q0	864952571_491-1122-0-631	6	0.166667	run1
694e275f1a01ad0e8ac448ad809f7930<::>3	Q0	808419312_17427-17880-0-453	7	0.142857	run1
694e275f1a01ad0e8ac448ad809f7930<::>3	Q0	850509972_112-410-0-298	8	0.125000	run1
694e275f1a01ad0e8ac448ad809f7930<::>3	Q0	808419312_394-761-0-367	9	0.111111	run1
694e275f1a01ad0e8ac448ad809f7930<::>3	Q0	864952571_68212-68506-0-293	10	0.100000	run1
694e275f1a01ad0e8ac448ad809f7930<::>4	Q0	821328353_64611-65236-0-625	1	1.000000	run1
694e275f1a01ad0e8ac448ad809f7930<::>4	Q0	850509972_7888-8220-0-332	2	0.500000	run1
694e275f1a01ad0e8ac448ad809f7930<::>4	Q0	865731133_20453-20576-0-123	3	0.333333	run1
694e275f1a01ad0e8ac448ad809f7930<::>4	Q0	847978883_14460-14793-0-333	4	0.250000	run1
694e275f1a01ad0e8ac448ad809f7930<::>4	Q0	830153647_36203-36866-0-663	5	0.200000	run1
694e275f1a01ad0e8ac448ad809f7930<::>4	Q0	850509972_112-410-0-298	6	0.166667	run1
694e275f1a01ad0e8ac448ad809f7930<::>4	Q0	815214581_24937-26745-0-1808	7	0.142857	run1
694e275f1a01ad0e8ac448ad809f7930<::>4	Q0	850509972_10649-10914-0-265	8	0.125000	run1
694e275f1a01ad0e8ac448ad809f7930<::>4	Q0	796369617_7536-7611-0-75	9	0.111111	run1
694e275f1a01ad0e8ac448ad809f7930<::>4	Q0	866493429_132043-132923-0-880	10	0.100000	run1
694e275f1a01ad0e8ac448ad809f7930<::>5	Q0	842075902_8005-8264-0-259	1	1.000000	run1
694e275f1a01ad0e8ac448ad809f7930<::>5	Q0	825339826_2440-3386-0-946	2	0.500000	run1
694e275f1a01ad0e8ac448ad809f7930<::>5	Q0	807219735_59453-60011-0-557	3	0.333333	run1
694e275f1a01ad0e8ac448ad809f7930<::>5	Q0	835775119_16793-17043-0-250	4	0.250000	run1
694e275f1a01ad0e8ac448ad809f7930<::>5	Q0	857107821_38465-38668-0-203	5	0.200000	run1
694e275f1a01ad0e8ac448ad809f7930<::>5	Q0	857098045_49778-52058-1559-2280	6	0.166667	run1
694e275f1a01ad0e8ac448ad809f7930<::>5	Q0	802186199_49733-50469-0-736	7	0.142857	run1
694e275f1a01ad0e8ac448ad809f7930<::>5	Q0	801422029_58458-59537-0-1079	8	0.125000	run1
694e275f1a01ad0e8ac448ad809f7930<::>5	Q0	802186199_24650-24718-0-68	9	0.111111	run1
694e275f1a01ad0e8ac448ad809f7930<::>5	Q0	801876313_24706-25162-0-456	10	0.100000	run1
694e275f1a01ad0e8ac448ad809f7930<::>6	Q0	842075902_8005-8264-0-259	1	1.000000	run1
694e275f1a01ad0e8ac448ad809f7930<::>6	Q0	832021719_1855-1931-0-76	2	0.500000	run1
694e275f1a01ad0e8ac448ad809f7930<::>6	Q0	837454258_11362-13797-1694-2435	3	0.333333	run1
694e275f1a01ad0e8ac448ad809f7930<::>6	Q0	817680026_25034-25644-0-610	4	0.250000	run1
694e275f1a01ad0e8ac448ad809f7930<::>6	Q0	837454258_3764-4674-0-910	5	0.200000	run1
694e275f1a01ad0e8ac448ad809f7930<::>6	Q0	842075902_7577-8004-0-427	6	0.166667	run1
694e275f1a01ad0e8ac448ad809f7930<::>6	Q0	842075902_1265-1597-0-332	7	0.142857	run1
694e275f1a01ad0e8ac448ad809f7930<::>6	Q0	835175003_33398-34148-0-750	8	0.125000	run1
694e275f1a01ad0e8ac448ad809f7930<::>6	Q0	863752575_26776-27222-0-446	9	0.111111	run1
694e275f1a01ad0e8ac448ad809f7930<::>6	Q0	857140452_90869-91023-0-154	10	0.100000	run1
694e275f1a01ad0e8ac448ad809f7930<::>7	Q0	835175003_33398-34148-0-750	1	1.000000	run1
694e275f1a01ad0e8ac448ad809f7930<::>7	Q0	861759137_2079-2653-0-574	2	0.500000	run1
694e275f1a01ad0e8ac448ad809f7930<::>7	Q0	863752575_26776-27222-0-446	3	0.333333	run1
694e275f1a01ad0e8ac448ad809f7930<::>7	Q0	837454258_11107-11361-0-254	4	0.250000	run1
694e275f1a01ad0e8ac448ad809f7930<::>7	Q0	863752575_26108-26775-0-650	5	0.200000	run1
694e275f1a01ad0e8ac448ad809f7930<::>7	Q0	855052805_152-531-0-379	6	0.166667	run1
694e275f1a01ad0e8ac448ad809f7930<::>7	Q0	839471285_5988-6288-0-300	7	0.142857	run1
694e275f1a01ad0e8ac448ad809f7930<::>7	Q0	839740068_3436-4331-0-885	8	0.125000	run1
694e275f1a01ad0e8ac448ad809f7930<::>7	Q0	839740068_14101-15242-0-1141	9	0.111111	run1
694e275f1a01ad0e8ac448ad809f7930<::>7	Q0	856894719_27629-28794-0-1165	10	0.100000	run1
694e275f1a01ad0e8ac448ad809f7930<::>8	Q0	863752575_26776-27222-0-446	1	1.000000	run1
694e275f1a01ad0e8ac448ad809f7930<::>8	Q0	815710723_22465-22960-0-495	2	0.500000	run1
694e275f1a01ad0e8ac448ad809f7930<::>8	Q0	856894719_29069-29606-0-537	3	0.333333	run1
694e275f1a01ad0e8ac448ad809f7930<::>8	Q0	849690897_48634-49203-0-569	4	0.250000	run1
694e275f1a01ad0e8ac448ad809f7930<::>8	Q0	833398293_1734-1915-0-181	5	0.200000	run1
694e275f1a01ad0e8ac448ad809f7930<::>8	Q0	841963119_61797-62544-0-747	6	0.166667	run1
694e275f1a01ad0e8ac448ad809f7930<::>8	Q0	837454258_3764-4674-0-910	7	0.142857	run1
694e275f1a01ad0e8ac448ad809f7930<::>8	Q0	837454258_70-411-0-341	8	0.125000	run1
694e275f1a01ad0e8ac448ad809f7930<::>8	Q0	853995052_717-848-0-131	9	0.111111	run1
694e275f1a01ad0e8ac448ad809f7930<::>8	Q0	833398293_1962-2363-0-401	10	0.100000	run1
cfbcfa3e382f12aed450b10f87a72aeb<::>1	Q0	850931827_12432-13339-0-907	1	1.000000	run1
cfbcfa3e382f12aed450b10f87a72aeb<::>1	Q0	850931827_11086-12414-0-1328	2	0.500000	run1
cfbcfa3e382f12aed450b10f87a72aeb<::>1	Q0	850931827_14755-15684-0-929	3	0.333333	run1
cfbcfa3e382f12aed450b10f87a72aeb<::>1	Q0	850931827_10241-10680-0-439	4	0.250000	run1
cfbcfa3e382f12aed450b10f87a72aeb<::>1	Q0	850931827_30008-30728-0-720	5	0.200000	run1
cfbcfa3e382f12aed450b10f87a72aeb<::>1	Q0	850931827_26385-26900-0-515	6	0.166667	run1
cfbcfa3e382f12aed450b10f87a72aeb<::>1	Q0	850931827_23912-24644-0-732	7	0.142857	run1
cfbcfa3e382f12aed450b10f87a72aeb<::>1	Q0	856666437_2196-2789-0-593	8	0.125000	run1
cfbcfa3e382f12aed450b10f87a72aeb<::>1	Q0	850931827_24645-25411-0-766	9	0.111111	run1
cfbcfa3e382f12aed450b10f87a72aeb<::>1	Q0	850931827_1090-1588-0-498	10	0.100000	run1
cfbcfa3e382f12aed450b10f87a72aeb<::>2	Q0	850931827_1589-2154-0-565	1	1.000000	run1
cfbcfa3e382f12aed450b10f87a72aeb<::>2	Q0	850931827_10241-10680-0-439	2	0.500000	run1
cfbcfa3e382f12aed450b10f87a72aeb<::>2	Q0	850931827_1090-1588-0-498	3	0.333333	run1
cfbcfa3e382f12aed450b10f87a72aeb<::>2	Q0	850931827_14755-15684-0-929	4	0.250000	run1
cfbcfa3e382f12aed450b10f87a72aeb<::>2	Q0	850931827_6950-8562-0-1612	5	0.200000	run1
cfbcfa3e382f12aed450b10f87a72aeb<::>2	Q0	850931827_13486-14754-0-1268	6	0.166667	run1
cfbcfa3e382f12aed450b10f87a72aeb<::>2	Q0	850931827_588-1089-0-501	7	0.142857	run1
cfbcfa3e382f12aed450b10f87a72aeb<::>2	Q0	850931827_12432-13339-0-907	8	0.125000	run1
cfbcfa3e382f12aed450b10f87a72aeb<::>2	Q0	850931827_26987-27313-0-326	9	0.111111	run1
cfbcfa3e382f12aed450b10f87a72aeb<::>2	Q0	850931827_212-587-0-375	10	0.100000	run1
cfbcfa3e382f12aed450b10f87a72aeb<::>3	Q0	850931827_28415-29015-0-594	1	1.000000	run1
cfbcfa3e382f12aed450b10f87a72aeb<::>3	Q0	850931827_17048-17298-0-249	2	0.500000	run1
cfbcfa3e382f12aed450b10f87a72aeb<::>3	Q0	850931827_10241-10680-0-439	3	0.333333	run1
cfbcfa3e382f12aed450b10f87a72aeb<::>3	Q0	850931827_588-1089-0-501	4	0.250000	run1
cfbcfa3e382f12aed450b10f87a72aeb<::>3	Q0	850931827_1589-2154-0-565	5	0.200000	run1
cfbcfa3e382f12aed450b10f87a72aeb<::>3	Q0	850931827_17299-17440-0-141	6	0.166667	run1
cfbcfa3e382f12aed450b10f87a72aeb<::>3	Q0	850931827_212-587-0-375	7	0.142857	run1
cfbcfa3e382f12aed450b10f87a72aeb<::>3	Q0	850931827_33770-34412-0-642	8	0.125000	run1
cfbcfa3e382f12aed450b10f87a72aeb<::>3	Q0	850931827_34436-35622-0-1186	9	0.111111	run1
cfbcfa3e382f12aed450b10f87a72aeb<::>3	Q0	850931827_22153-22673-0-520	10	0.100000	run1
cfbcfa3e382f12aed450b10f87a72aeb<::>4	Q0	850931827_30793-31505-0-712	1	1.000000	run1
cfbcfa3e382f12aed450b10f87a72aeb<::>4	Q0	850931827_14755-15684-0-929	2	0.500000	run1
cfbcfa3e382f12aed450b10f87a72aeb<::>4	Q0	850931827_1589-2154-0-565	3	0.333333	run1
cfbcfa3e382f12aed450b10f87a72aeb<::>4	Q0	850931827_41087-41695-0-608	4	0.250000	run1
cfbcfa3e382f12aed450b10f87a72aeb<::>4	Q0	850931827_6950-8562-0-1612	5	0.200000	run1
cfbcfa3e382f12aed450b10f87a72aeb<::>4	Q0	850931827_29454-29921-0-467	6	0.166667	run1
cfbcfa3e382f12aed450b10f87a72aeb<::>4	Q0	850931827_31529-32098-0-569	7	0.142857	run1
cfbcfa3e382f12aed450b10f87a72aeb<::>4	Q0	850931827_588-1089-0-501	8	0.125000	run1
cfbcfa3e382f12aed450b10f87a72aeb<::>4	Q0	850931827_24645-25411-0-766	9	0.111111	run1
cfbcfa3e382f12aed450b10f87a72aeb<::>4	Q0	850931827_40496-41086-0-590	10	0.100000	run1
cfbcfa3e382f12aed450b10f87a72aeb<::>5	Q0	850931827_3899-4355-0-456	1	1.000000	run1
cfbcfa3e382f12aed450b10f87a72aeb<::>5	Q0	850931827_32850-33743-0-893	2	0.500000	run1
cfbcfa3e382f12aed450b10f87a72aeb<::>5	Q0	850931827_1589-2154-0-565	3	0.333333	run1
cfbcfa3e382f12aed450b10f87a72aeb<::>5	Q0	850931827_29016-29453-0-437	4	0.250000	run1
cfbcfa3e382f12aed450b10f87a72aeb<::>5	Q0	850931827_41868-43354-0-1485	5	0.200000	run1
cfbcfa3e382f12aed450b10f87a72aeb<::>5	Q0	850931827_14755-15684-0-929	6	0.166667	run1
cfbcfa3e382f12aed450b10f87a72aeb<::>5	Q0	850931827_32124-32742-0-618	7	0.142857	run1
cfbcfa3e382f12aed450b10f87a72aeb<::>5	Q0	850931827_4356-5985-0-1580	8	0.125000	run1
cfbcfa3e382f12aed450b10f87a72aeb<::>5	Q0	850931827_24645-25411-0-766	9	0.111111	run1
cfbcfa3e382f12aed450b10f87a72aeb<::>5	Q0	850931827_5986-6941-0-955	10	0.100000	run1
cfbcfa3e382f12aed450b10f87a72aeb<::>6	Q0	850931827_1589-2154-0-565	1	1.000000	run1
cfbcfa3e382f12aed450b10f87a72aeb<::>6	Q0	850931827_14755-15684-0-929	2	0.500000	run1
cfbcfa3e382f12aed450b10f87a72aeb<::>6	Q0	850931827_588-1089-0-501	3	0.333333	run1
cfbcfa3e382f12aed450b10f87a72aeb<::>6	Q0	850931827_23912-24644-0-732	4	0.250000	run1
cfbcfa3e382f12aed450b10f87a72aeb<::>6	Q0	850931827_10241-10680-0-439	5	0.200000	run1
cfbcfa3e382f12aed450b10f87a72aeb<::>6	Q0	850931827_30793-31505-0-712	6	0.166667	run1
cfbcfa3e382f12aed450b10f87a72aeb<::>6	Q0	850931827_32124-32742-0-618	7	0.142857	run1
cfbcfa3e382f12aed450b10f87a72aeb<::>6	Q0	850931827_30008-30728-0-720	8	0.125000	run1
cfbcfa3e382f12aed450b10f87a72aeb<::>6	Q0	850931827_8563-10133-0-1570	9	0.111111	run1
cfbcfa3e382f12aed450b10f87a72aeb<::>6	Q0	850931827_19169-19890-0-721	10	0.100000	run1
1c0e5e78f1a16ea2eb2165b6aa31dc61<::>1	Q0	822159927_38530-38909-0-379	1	1.000000	run1
1c0e5e78f1a16ea2eb2165b6aa31dc61<::>1	Q0	832239827_27263-27687-0-424	2	0.500000	run1
1c0e5e78f1a16ea2eb2165b6aa31dc61<::>1	Q0	822159927_50470-51685-0-1215	3	0.333333	run1
1c0e5e78f1a16ea2eb2165b6aa31dc61<::>1	Q0	822159927_19149-21432-0-2283	4	0.250000	run1
1c0e5e78f1a16ea2eb2165b6aa31dc61<::>1	Q0	822159927_56012-56549-0-537	5	0.200000	run1
1c0e5e78f1a16ea2eb2165b6aa31dc61<::>1	Q0	822159927_15824-17293-0-1469	6	0.166667	run1
1c0e5e78f1a16ea2eb2165b6aa31dc61<::>1	Q0	822159927_48988-49782-0-794	7	0.142857	run1
1c0e5e78f1a16ea2eb2165b6aa31dc61<::>1	Q0	822159927_28350-28528-0-178	8	0.125000	run1
1c0e5e78f1a16ea2eb2165b6aa31dc61<::>1	Q0	822159927_47585-48987-0-1402	9	0.111111	run1
1c0e5e78f1a16ea2eb2165b6aa31dc61<::>1	Q0	822159927_10633-11819-0-1186	10	0.100000	run1
1c0e5e78f1a16ea2eb2165b6aa31dc61<::>2	Q0	802496422_22138-22329-0-191	1	1.000000	run1
1c0e5e78f1a16ea2eb2165b6aa31dc61<::>2	Q0	823926781_2131-3063-0-932	2	0.500000	run1
1c0e5e78f1a16ea2eb2165b6aa31dc61<::>2	Q0	822159927_1310-1603-0-293	3	0.333333	run1
1c0e5e78f1a16ea2eb2165b6aa31dc61<::>2	Q0	800453453_16057-16370-0-313	4	0.250000	run1
1c0e5e78f1a16ea2eb2165b6aa31dc61<::>2	Q0	834333747_7462-7598-0-136	5	0.200000	run1
1c0e5e78f1a16ea2eb2165b6aa31dc61<::>2	Q0	823926781_24787-36913-11490-12125	6	0.166667	run1
1c0e5e78f1a16ea2eb2165b6aa31dc61<::>2	Q0	865521300_14439-14858-0-419	7	0.142857	run1
1c0e5e78f1a16ea2eb2165b6aa31dc61<::>2	Q0	823926781_644-1391-0-747	8	0.125000	run1
1c0e5e78f1a16ea2eb2165b6aa31dc61<::>2	Q0	815822375_24572-24678-0-106	9	0.111111	run1
1c0e5e78f1a16ea2eb2165b6aa31dc61<::>2	Q0	823926781_6520-7480-0-960	10	0.100000	run1
1c0e5e78f1a16ea2eb2165b6aa31dc61<::>3	Q0	822159927_1310-1603-0-293	1	1.000000	run1
1c0e5e78f1a16ea2eb2165b6aa31dc61<::>3	Q0	823926781_24787-36913-0-1925	2	0.500000	run1
1c0e5e78f1a16ea2eb2165b6aa31dc61<::>3	Q0	820567692_830-920-0-90	3	0.333333	run1
1c0e5e78f1a16ea2eb2165b6aa31dc61<::>3	Q0	823926781_24787-36913-1320-3217	4	0.250000	run1
1c0e5e78f1a16ea2eb2165b6aa31dc61<::>3	Q0	834333747_7462-7598-0-136	5	0.200000	run1
1c0e5e78f1a16ea2eb2165b6aa31dc61<::>3	Q0	823926781_24787-36913-5575-7392	6	0.166667	run1
1c0e5e78f1a16ea2eb2165b6aa31dc61<::>3	Q0	820567692_26359-26508-0-149	7	0.142857	run1
1c0e5e78f1a16ea2eb2165b6aa31dc61<::>3	Q0	823926781_644-1391-0-747	8	0.125000	run1
1c0e5e78f1a16ea2eb2165b6aa31dc61<::>3	Q0	843029689_12336-13822-0-1486	9	0.111111	run1
1c0e5e78f1a16ea2eb2165b6aa31dc61<::>3	Q0	832239827_708-969-0-260	10	0.100000	run1
1c0e5e78f1a16ea2eb2165b6aa31dc61<::>4	Q0	824617176_46188-46484-0-296	1	1.000000	run1
1c0e5e78f1a16ea2eb2165b6aa31dc61<::>4	Q0	835662174_62169-62862-0-693	2	0.500000	run1
1c0e5e78f1a16ea2eb2165b6aa31dc61<::>4	Q0	799856530_2488-3244-0-756	3	0.333333	run1
1c0e5e78f1a16ea2eb2165b6aa31dc61<::>4	Q0	831881695_1528-1829-0-301	4	0.250000	run1
1c0e5e78f1a16ea2eb2165b6aa31dc61<::>4	Q0	831881695_52643-52917-0-274	5	0.200000	run1
1c0e5e78f1a16ea2eb2165b6aa31dc61<::>4	Q0	835662174_57817-58783-0-966	6	0.166667	run1
1c0e5e78f1a16ea2eb2165b6aa31dc61<::>4	Q0	843370831_24270-24742-0-472	7	0.142857	run1
1c0e5e78f1a16ea2eb2165b6aa31dc61<::>4	Q0	850462686_39626-40301-0-675	8	0.125000	run1
1c0e5e78f1a16ea2eb2165b6aa31dc61<::>4	Q0	798882302_1888-2330-0-442	9	0.111111	run1
1c0e5e78f1a16ea2eb2165b6aa31dc61<::>4	Q0	836631991_6087-6682-0-595	10	0.100000	run1
1c0e5e78f1a16ea2eb2165b6aa31dc61<::>5	Q0	823926781_2131-3063-0-932	1	1.000000	run1
1c0e5e78f1a16ea2eb2165b6aa31dc61<::>5	Q0	823926781_18438-20329-0-1891	2	0.500000	run1
1c0e5e78f1a16ea2eb2165b6aa31dc61<::>5	Q0	823926781_644-1391-0-747	3	0.333333	run1
1c0e5e78f1a16ea2eb2165b6aa31dc61<::>5	Q0	823926781_3249-4175-0-926	4	0.250000	run1
1c0e5e78f1a16ea2eb2165b6aa31dc61<::>5	Q0	823926781_17659-18410-0-751	5	0.200000	run1
1c0e5e78f1a16ea2eb2165b6aa31dc61<::>5	Q0	823926781_37145-37682-0-537	6	0.166667	run1
1c0e5e78f1a16ea2eb2165b6aa31dc61<::>5	Q0	823926781_23317-24451-0-1134	7	0.142857	run1
1c0e5e78f1a16ea2eb2165b6aa31dc61<::>5	Q0	810202524_3308-4014-0-706	8	0.125000	run1
1c0e5e78f1a16ea2eb2165b6aa31dc61<::>5	Q0	823926781_24787-36913-0-1925	9	0.111111	run1
1c0e5e78f1a16ea2eb2165b6aa31dc61<::>5	Q0	834188205_26909-27571-0-662	10	0.100000	run1
1c0e5e78f1a16ea2eb2165b6aa31dc61<::>7	Q0	866468357_56688-57351-0-663	1	1.000000	run1
1c0e5e78f1a16ea2eb2165b6aa31dc61<::>7	Q0	834324633_51616-51957-0-341	2	0.500000	run1
1c0e5e78f1a16ea2eb2165b6aa31dc61<::>7	Q0	815334886_2096-3165-0-1069	3	0.333333	run1
1c0e5e78f1a16ea2eb2165b6aa31dc61<::>7	Q0	805946337_40141-40266-0-125	4	0.250000	run1
1c0e5e78f1a16ea2eb2165b6aa31dc61<::>7	Q0	866468357_43267-43506-0-239	5	0.200000	run1
1c0e5e78f1a16ea2eb2165b6aa31dc61<::>7	Q0	805479026_28912-29639-0-727	6	0.166667	run1
1c0e5e78f1a16ea2eb2165b6aa31dc61<::>7	Q0	848699534_37381-38185-0-804	7	0.142857	run1
1c0e5e78f1a16ea2eb2165b6aa31dc61<::>7	Q0	820859129_19960-20084-0-124	8	0.125000	run1
1c0e5e78f1a16ea2eb2165b6aa31dc61<::>7	Q0	808455545_34752-39803-3166-5051	9	0.111111	run1
1c0e5e78f1a16ea2eb2165b6aa31dc61<::>7	Q0	819277691_6011-6284-0-273	10	0.100000	run1
1c0e5e78f1a16ea2eb2165b6aa31dc61<::>8	Q0	823926781_644-1391-0-747	1	1.000000	run1
1c0e5e78f1a16ea2eb2165b6aa31dc61<::>8	Q0	823926781_23317-24451-0-1134	2	0.500000	run1
1c0e5e78f1a16ea2eb2165b6aa31dc61<::>8	Q0	822159927_1310-1603-0-293	3	0.333333	run1
1c0e5e78f1a16ea2eb2165b6aa31dc61<::>8	Q0	830818184_9844-10219-0-375	4	0.250000	run1
1c0e5e78f1a16ea2eb2165b6aa31dc61<::>8	Q0	843525662_22356-22791-0-435	5	0.200000	run1
1c0e5e78f1a16ea2eb2165b6aa31dc61<::>8	Q0	821562451_514-870-0-356	6	0.166667	run1
1c0e5e78f1a16ea2eb2165b6aa31dc61<::>8	Q0	823926781_14086-15478-0-1392	7	0.142857	run1
1c0e5e78f1a16ea2eb2165b6aa31dc61<::>8	Q0	823926781_7557-8706-0-1149	8	0.125000	run1
1c0e5e78f1a16ea2eb2165b6aa31dc61<::>8	Q0	820591662_747-1012-0-265	9	0.111111	run1
1c0e5e78f1a16ea2eb2165b6aa31dc61<::>8	Q0	823926781_24787-36913-11490-12125	10	0.100000	run1
1c0e5e78f1a16ea2eb2165b6aa31dc61<::>9	Q0	856429568_45266-45431-0-165	1	1.000000	run1
1c0e5e78f1a16ea2eb2165b6aa31dc61<::>9	Q0	862771571_69751-69847-0-96	2	0.500000	run1
1c0e5e78f1a16ea2eb2165b6aa31dc61<::>9	Q0	823926781_644-1391-0-747	3	0.333333	run1
1c0e5e78f1a16ea2eb2165b6aa31dc61<::>9	Q0	846596030_46911-47635-0-724	4	0.250000	run1
1c0e5e78f1a16ea2eb2165b6aa31dc61<::>9	Q0	837247213_4595-4774-0-179	5	0.200000	run1
1c0e5e78f1a16ea2eb2165b6aa31dc61<::>9	Q0	827431702_21111-21620-0-509	6	0.166667	run1
1c0e5e78f1a16ea2eb2165b6aa31dc61<::>9	Q0	827511898_3558-4408-0-850	7	0.142857	run1
1c0e5e78f1a16ea2eb2165b6aa31dc61<::>9	Q0	843659442_76594-77106-0-512	8	0.125000	run1
1c0e5e78f1a16ea2eb2165b6aa31dc61<::>9	Q0	827511898_12325-16743-0-2237	9	0.111111	run1
1c0e5e78f1a16ea2eb2165b6aa31dc61<::>9	Q0	806861816_7885-8166-0-281	10	0.100000	run1
33431330abb38298cc79b96b2f4fde2a<::>1	Q0	804622010_2184-3139-0-924	1	1.000000	run1
33431330abb38298cc79b96b2f4fde2a<::>1	Q0	804622010_8948-9517-0-569	2	0.500000	run1
33431330abb38298cc79b96b2f4fde2a<::>1	Q0	854291373_38492-38710-0-218	3	0.333333	run1
33431330abb38298cc79b96b2f4fde2a<::>1	Q0	804622010_8260-8947-0-602	4	0.250000	run1
33431330abb38298cc79b96b2f4fde2a<::>1	Q0	804622010_9939-10388-0-447	5	0.200000	run1
33431330abb38298cc79b96b2f4fde2a<::>1	Q0	804622010_178-2183-0-1967	6	0.166667	run1
33431330abb38298cc79b96b2f4fde2a<::>1	Q0	800276259_22775-23283-0-508	7	0.142857	run1
33431330abb38298cc79b96b2f4fde2a<::>1	Q0	804622010_77949-78518-0-568	8	0.125000	run1
33431330abb38298cc79b96b2f4fde2a<::>1	Q0	828449611_2995-3854-0-859	9	0.111111	run1
33431330abb38298cc79b96b2f4fde2a<::>1	Q0	804622010_7457-8259-0-800	10	0.100000	run1
33431330abb38298cc79b96b2f4fde2a<::>2	Q0	804622010_85954-87230-0-1276	1	1.000000	run1
33431330abb38298cc79b96b2f4fde2a<::>2	Q0	804622010_85559-85953-0-394	2	0.500000	run1
33431330abb38298cc79b96b2f4fde2a<::>2	Q0	804622010_178-2183-0-1967	3	0.333333	run1
33431330abb38298cc79b96b2f4fde2a<::>2	Q0	804622010_87767-88090-0-323	4	0.250000	run1
33431330abb38298cc79b96b2f4fde2a<::>2	Q0	804622010_2184-3139-0-924	5	0.200000	run1
33431330abb38298cc79b96b2f4fde2a<::>2	Q0	804622010_89828-90319-0-491	6	0.166667	run1
33431330abb38298cc79b96b2f4fde2a<::>2	Q0	804622010_43771-44308-0-537	7	0.142857	run1
33431330abb38298cc79b96b2f4fde2a<::>2	Q0	804622010_89313-89827-0-514	8	0.125000	run1
33431330abb38298cc79b96b2f4fde2a<::>2	Q0	804622010_106229-106613-0-384	9	0.111111	run1
33431330abb38298cc79b96b2f4fde2a<::>2	Q0	804622010_3140-4022-0-882	10	0.100000	run1
33431330abb38298cc79b96b2f4fde2a<::>3	Q0	804622010_5177-5928-0-751	1	1.000000	run1
33431330abb38298cc79b96b2f4fde2a<::>3	Q0	804622010_2184-3139-0-924	2	0.500000	run1
33431330abb38298cc79b96b2f4fde2a<::>3	Q0	804622010_10444-11068-0-624	3	0.333333	run1
33431330abb38298cc79b96b2f4fde2a<::>3	Q0	804622010_75925-76571-0-646	4	0.250000	run1
33431330abb38298cc79b96b2f4fde2a<::>3	Q0	804622010_178-2183-0-1967	5	0.200000	run1
33431330abb38298cc79b96b2f4fde2a<::>3	Q0	798355964_3537-4249-0-712	6	0.166667	run1
33431330abb38298cc79b96b2f4fde2a<::>3	Q0	804622010_43771-44308-0-537	7	0.142857	run1
33431330abb38298cc79b96b2f4fde2a<::>3	Q0	804622010_50171-50713-0-542	8	0.125000	run1
33431330abb38298cc79b96b2f4fde2a<::>3	Q0	822114465_173-504-0-331	9	0.111111	run1
33431330abb38298cc79b96b2f4fde2a<::>3	Q0	804622010_3140-4022-0-882	10	0.100000	run1
33431330abb38298cc79b96b2f4fde2a<::>4	Q0	804622010_5177-5928-0-751	1	1.000000	run1
33431330abb38298cc79b96b2f4fde2a<::>4	Q0	854291373_38492-38710-0-218	2	0.500000	run1
33431330abb38298cc79b96b2f4fde2a<::>4	Q0	804622010_2184-3139-0-924	3	0.333333	run1
33431330abb38298cc79b96b2f4fde2a<::>4	Q0	804622010_178-2183-0-1967	4	0.250000	run1
33431330abb38298cc79b96b2f4fde2a<::>4	Q0	804622010_10444-11068-0-624	5	0.200000	run1
33431330abb38298cc79b96b2f4fde2a<::>4	Q0	816064462_11078-11963-0-885	6	0.166667	run1
33431330abb38298cc79b96b2f4fde2a<::>4	Q0	804622010_16515-16825-0-310	7	0.142857	run1
33431330abb38298cc79b96b2f4fde2a<::>4	Q0	804622010_47009-48125-0-1109	8	0.125000	run1
33431330abb38298cc79b96b2f4fde2a<::>4	Q0	804622010_80562-81152-0-590	9	0.111111	run1
33431330abb38298cc79b96b2f4fde2a<::>4	Q0	865174736_422-1303-0-881	10	0.100000	run1
33431330abb38298cc79b96b2f4fde2a<::>5	Q0	804622010_5177-5928-0-751	1	1.000000	run1
33431330abb38298cc79b96b2f4fde2a<::>5	Q0	810037243_57684-58179-0-495	2	0.500000	run1
33431330abb38298cc79b96b2f4fde2a<::>5	Q0	804622010_2184-3139-0-924	3	0.333333	run1
33431330abb38298cc79b96b2f4fde2a<::>5	Q0	804622010_13341-13946-0-605	4	0.250000	run1
33431330abb38298cc79b96b2f4fde2a<::>5	Q0	838470752_120270-120462-0-192	5	0.200000	run1
33431330abb38298cc79b96b2f4fde2a<::>5	Q0	804622010_70617-71320-0-703	6	0.166667	run1
33431330abb38298cc79b96b2f4fde2a<::>5	Q0	812275359_26087-26506-0-419	7	0.142857	run1
33431330abb38298cc79b96b2f4fde2a<::>5	Q0	810037243_1322-2541-0-1219	8	0.125000	run1
33431330abb38298cc79b96b2f4fde2a<::>5	Q0	810037243_55524-56067-0-541	9	0.111111	run1
33431330abb38298cc79b96b2f4fde2a<::>5	Q0	804622010_39003-39673-0-670	10	0.100000	run1
33431330abb38298cc79b96b2f4fde2a<::>6	Q0	804622010_5177-5928-0-751	1	1.000000	run1
33431330abb38298cc79b96b2f4fde2a<::>6	Q0	804622010_2184-3139-0-924	2	0.500000	run1
33431330abb38298cc79b96b2f4fde2a<::>6	Q0	804622010_10444-11068-0-624	3	0.333333	run1
33431330abb38298cc79b96b2f4fde2a<::>6	Q0	804622010_75925-76571-0-646	4	0.250000	run1
33431330abb38298cc79b96b2f4fde2a<::>6	Q0	804622010_178-2183-0-1967	5	0.200000	run1
33431330abb38298cc79b96b2f4fde2a<::>6	Q0	804622010_43771-44308-0-537	6	0.166667	run1
33431330abb38298cc79b96b2f4fde2a<::>6	Q0	804622010_50171-50713-0-542	7	0.142857	run1
33431330abb38298cc79b96b2f4fde2a<::>6	Q0	804622010_16515-16825-0-310	8	0.125000	run1
33431330abb38298cc79b96b2f4fde2a<::>6	Q0	798355964_3537-4249-0-712	9	0.111111	run1
33431330abb38298cc79b96b2f4fde2a<::>6	Q0	804622010_85559-85953-0-394	10	0.100000	run1
33431330abb38298cc79b96b2f4fde2a<::>8	Q0	804622010_5177-5928-0-751	1	1.000000	run1
33431330abb38298cc79b96b2f4fde2a<::>8	Q0	804622010_88091-88551-0-460	2	0.500000	run1
33431330abb38298cc79b96b2f4fde2a<::>8	Q0	804622010_2184-3139-0-924	3	0.333333	run1
33431330abb38298cc79b96b2f4fde2a<::>8	Q0	801426592_52036-52744-0-708	4	0.250000	run1
33431330abb38298cc79b96b2f4fde2a<::>8	Q0	804622010_3140-4022-0-882	5	0.200000	run1
33431330abb38298cc79b96b2f4fde2a<::>8	Q0	822114465_173-504-0-331	6	0.166667	run1
33431330abb38298cc79b96b2f4fde2a<::>8	Q0	804622010_178-2183-0-1967	7	0.142857	run1
33431330abb38298cc79b96b2f4fde2a<::>8	Q0	804622010_55019-55708-0-689	8	0.125000	run1
33431330abb38298cc79b96b2f4fde2a<::>8	Q0	857107971_2634-3407-0-773	9	0.111111	run1
33431330abb38298cc79b96b2f4fde2a<::>8	Q0	837288933_14049-14884-0-835	10	0.100000	run1
33431330abb38298cc79b96b2f4fde2a<::>9	Q0	804622010_69501-70505-0-1003	1	1.000000	run1
33431330abb38298cc79b96b2f4fde2a<::>9	Q0	804622010_5177-5928-0-751	2	0.500000	run1
33431330abb38298cc79b96b2f4fde2a<::>9	Q0	804622010_85559-85953-0-394	3	0.333333	run1
33431330abb38298cc79b96b2f4fde2a<::>9	Q0	804622010_43771-44308-0-537	4	0.250000	run1
33431330abb38298cc79b96b2f4fde2a<::>9	Q0	804622010_75925-76571-0-646	5	0.200000	run1
33431330abb38298cc79b96b2f4fde2a<::>9	Q0	804622010_89828-90319-0-491	6	0.166667	run1
33431330abb38298cc79b96b2f4fde2a<::>9	Q0	804622010_70617-71320-0-703	7	0.142857	run1
33431330abb38298cc79b96b2f4fde2a<::>9	Q0	804622010_17109-17668-0-559	8	0.125000	run1
33431330abb38298cc79b96b2f4fde2a<::>9	Q0	804622010_31991-32451-0-460	9	0.111111	run1
33431330abb38298cc79b96b2f4fde2a<::>9	Q0	804622010_57832-58942-0-1110	10	0.100000	run1
c1e53df98a28f19448f4af244304b89a<::>1	Q0	815546445_881-1363-0-482	1	1.000000	run1
c1e53df98a28f19448f4af244304b89a<::>1	Q0	815546445_2716-2805-0-89	2	0.500000	run1
c1e53df98a28f19448f4af244304b89a<::>1	Q0	815546445_2427-2582-0-155	3	0.333333	run1
c1e53df98a28f19448f4af244304b89a<::>1	Q0	815546445_2595-2708-0-113	4	0.250000	run1
c1e53df98a28f19448f4af244304b89a<::>1	Q0	815546445_1364-1547-0-183	5	0.200000	run1
c1e53df98a28f19448f4af244304b89a<::>1	Q0	815546445_2827-3534-0-705	6	0.166667	run1
c1e53df98a28f19448f4af244304b89a<::>1	Q0	815546445_98-851-0-753	7	0.142857	run1
c1e53df98a28f19448f4af244304b89a<::>1	Q0	845270941_4290-4827-0-537	8	0.125000	run1
c1e53df98a28f19448f4af244304b89a<::>1	Q0	832736063_8088-8753-0-665	9	0.111111	run1
c1e53df98a28f19448f4af244304b89a<::>1	Q0	866085614_47839-48234-0-394	10	0.100000	run1
c1e53df98a28f19448f4af244304b89a<::>2	Q0	815546445_881-1363-0-482	1	1.000000	run1
c1e53df98a28f19448f4af244304b89a<::>2	Q0	815546445_1364-1547-0-183	2	0.500000	run1
c1e53df98a28f19448f4af244304b89a<::>2	Q0	815546445_2716-2805-0-89	3	0.333333	run1
c1e53df98a28f19448f4af244304b89a<::>2	Q0	815546445_2427-2582-0-155	4	0.250000	run1
c1e53df98a28f19448f4af244304b89a<::>2	Q0	815546445_2827-3534-0-705	5	0.200000	run1
c1e53df98a28f19448f4af244304b89a<::>2	Q0	815546445_2595-2708-0-113	6	0.166667	run1
c1e53df98a28f19448f4af244304b89a<::>2	Q0	815546445_98-851-0-753	7	0.142857	run1
c1e53df98a28f19448f4af244304b89a<::>2	Q0	849762953_25744-26022-0-278	8	0.125000	run1
c1e53df98a28f19448f4af244304b89a<::>2	Q0	822112783_4521-5210-0-688	9	0.111111	run1
c1e53df98a28f19448f4af244304b89a<::>2	Q0	819529415_70099-70838-0-739	10	0.100000	run1
c1e53df98a28f19448f4af244304b89a<::>3	Q0	815546445_881-1363-0-482	1	1.000000	run1
c1e53df98a28f19448f4af244304b89a<::>3	Q0	815546445_2427-2582-0-155	2	0.500000	run1
c1e53df98a28f19448f4af244304b89a<::>3	Q0	815546445_2827-3534-0-705	3	0.333333	run1
c1e53df98a28f19448f4af244304b89a<::>3	Q0	815546445_2716-2805-0-89	4	0.250000	run1
c1e53df98a28f19448f4af244304b89a<::>3	Q0	815546445_1364-1547-0-183	5	0.200000	run1
c1e53df98a28f19448f4af244304b89a<::>3	Q0	815546445_2595-2708-0-113	6	0.166667	run1
c1e53df98a28f19448f4af244304b89a<::>3	Q0	815546445_98-851-0-753	7	0.142857	run1
c1e53df98a28f19448f4af244304b89a<::>3	Q0	845270941_4290-4827-0-537	8	0.125000	run1
c1e53df98a28f19448f4af244304b89a<::>3	Q0	805054414_379-830-0-451	9	0.111111	run1
c1e53df98a28f19448f4af244304b89a<::>3	Q0	843228640_22212-23086-0-874	10	0.100000	run1
c1e53df98a28f19448f4af244304b89a<::>4	Q0	818798844_33702-34154-0-449	1	1.000000	run1
c1e53df98a28f19448f4af244304b89a<::>4	Q0	843183793_42018-42759-0-741	2	0.500000	run1
c1e53df98a28f19448f4af244304b89a<::>4	Q0	851726900_11348-12018-0-670	3	0.333333	run1
c1e53df98a28f19448f4af244304b89a<::>4	Q0	818287024_13516-13713-0-197	4	0.250000	run1
c1e53df98a28f19448f4af244304b89a<::>4	Q0	793038421_5716-6307-0-591	5	0.200000	run1
c1e53df98a28f19448f4af244304b89a<::>4	Q0	843183793_44053-44507-0-454	6	0.166667	run1
c1e53df98a28f19448f4af244304b89a<::>4	Q0	843183793_986-1449-0-463	7	0.142857	run1
c1e53df98a28f19448f4af244304b89a<::>4	Q0	818798844_81540-82179-0-635	8	0.125000	run1
c1e53df98a28f19448f4af244304b89a<::>4	Q0	852165836_16372-17026-0-654	9	0.111111	run1
c1e53df98a28f19448f4af244304b89a<::>4	Q0	837288933_97641-98495-0-854	10	0.100000	run1
c1e53df98a28f19448f4af244304b89a<::>5	Q0	818287024_8635-8828-0-193	1	1.000000	run1
c1e53df98a28f19448f4af244304b89a<::>5	Q0	818287024_70-329-0-259	2	0.500000	run1
c1e53df98a28f19448f4af244304b89a<::>5	Q0	818287024_17084-17406-0-322	3	0.333333	run1
c1e53df98a28f19448f4af244304b89a<::>5	Q0	818287024_330-644-0-314	4	0.250000	run1
c1e53df98a28f19448f4af244304b89a<::>5	Q0	818287024_19167-20193-0-1026	5	0.200000	run1
c1e53df98a28f19448f4af244304b89a<::>5	Q0	818287024_15431-15519-0-88	6	0.166667	run1
c1e53df98a28f19448f4af244304b89a<::>5	Q0	846470453_118-579-0-461	7	0.142857	run1
c1e53df98a28f19448f4af244304b89a<::>5	Q0	818287024_22263-22359-0-96	8	0.125000	run1
c1e53df98a28f19448f4af244304b89a<::>5	Q0	836599528_25363-26176-0-813	9	0.111111	run1
c1e53df98a28f19448f4af244304b89a<::>5	Q0	818287024_22024-22262-0-238	10	0.100000	run1
c1e53df98a28f19448f4af244304b89a<::>6	Q0	818287024_11663-12378-0-715	1	1.000000	run1
c1e53df98a28f19448f4af244304b89a<::>6	Q0	818287024_7437-7724-0-287	2	0.500000	run1
c1e53df98a28f19448f4af244304b89a<::>6	Q0	818287024_10348-10866-0-518	3	0.333333	run1
c1e53df98a28f19448f4af244304b89a<::>6	Q0	818287024_15044-15245-0-201	4	0.250000	run1
c1e53df98a28f19448f4af244304b89a<::>6	Q0	818287024_13516-13713-0-197	5	0.200000	run1
c1e53df98a28f19448f4af244304b89a<::>6	Q0	818287024_8829-9281-0-452	6	0.166667	run1
c1e53df98a28f19448f4af244304b89a<::>6	Q0	818287024_20784-22007-0-1220	7	0.142857	run1
c1e53df98a28f19448f4af244304b89a<::>6	Q0	818287024_20215-20727-0-512	8	0.125000	run1
c1e53df98a28f19448f4af244304b89a<::>6	Q0	818287024_22263-22359-0-96	9	0.111111	run1
c1e53df98a28f19448f4af244304b89a<::>6	Q0	818287024_14043-15043-0-1000	10	0.100000	run1
fd99b316e5e64f19ff938598aea9b285<::>1	Q0	832021719_368-632-0-263	1	1.000000	run1
fd99b316e5e64f19ff938598aea9b285<::>1	Q0	832021719_10535-10643-0-108	2	0.500000	run1
fd99b316e5e64f19ff938598aea9b285<::>1	Q0	832021719_10217-10511-0-291	3	0.333333	run1
fd99b316e5e64f19ff938598aea9b285<::>1	Q0	832021719_6799-7071-0-272	4	0.250000	run1
fd99b316e5e64f19ff938598aea9b285<::>1	Q0	832021719_1932-3263-0-1331	5	0.200000	run1
fd99b316e5e64f19ff938598aea9b285<::>1	Q0	832021719_7327-7564-0-235	6	0.166667	run1
fd99b316e5e64f19ff938598aea9b285<::>1	Q0	832021719_8228-8511-0-282	7	0.142857	run1
fd99b316e5e64f19ff938598aea9b285<::>1	Q0	832021719_9951-10190-0-239	8	0.125000	run1
fd99b316e5e64f19ff938598aea9b285<::>1	Q0	832021719_8544-8798-0-254	9	0.111111	run1
fd99b316e5e64f19ff938598aea9b285<::>1	Q0	832021719_9103-9364-0-261	10	0.100000	run1
fd99b316e5e64f19ff938598aea9b285<::>2	Q0	832021719_368-632-0-263	1	1.000000	run1
fd99b316e5e64f19ff938598aea9b285<::>2	Q0	832021719_10535-10643-0-108	2	0.500000	run1
fd99b316e5e64f19ff938598aea9b285<::>2	Q0	832021719_9393-9642-0-249	3	0.333333	run1
fd99b316e5e64f19ff938598aea9b285<::>2	Q0	832021719_10217-10511-0-291	4	0.250000	run1
fd99b316e5e64f19ff938598aea9b285<::>2	Q0	832021719_9951-10190-0-239	5	0.200000	run1
fd99b316e5e64f19ff938598aea9b285<::>2	Q0	832021719_6799-7071-0-272	6	0.166667	run1
fd99b316e5e64f19ff938598aea9b285<::>2	Q0	832021719_1932-3263-0-1331	7	0.142857	run1
fd99b316e5e64f19ff938598aea9b285<::>2	Q0	832021719_8228-8511-0-282	8	0.125000	run1
fd99b316e5e64f19ff938598aea9b285<::>2	Q0	832021719_8544-8798-0-254	9	0.111111	run1
fd99b316e5e64f19ff938598aea9b285<::>2	Q0	832021719_9103-9364-0-261	10	0.100000	run1
fd99b316e5e64f19ff938598aea9b285<::>3	Q0	832021719_7094-7305-0-211	1	1.000000	run1
fd99b316e5e64f19ff938598aea9b285<::>3	Q0	832021719_10535-10643-0-108	2	0.500000	run1
fd99b316e5e64f19ff938598aea9b285<::>3	Q0	832021719_368-632-0-263	3	0.333333	run1
fd99b316e5e64f19ff938598aea9b285<::>3	Q0	832021719_10217-10511-0-291	4	0.250000	run1
fd99b316e5e64f19ff938598aea9b285<::>3	Q0	832021719_9393-9642-0-249	5	0.200000	run1
fd99b316e5e64f19ff938598aea9b285<::>3	Q0	832021719_6799-7071-0-272	6	0.166667	run1
fd99b316e5e64f19ff938598aea9b285<::>3	Q0	832021719_9951-10190-0-239	7	0.142857	run1
fd99b316e5e64f19ff938598aea9b285<::>3	Q0	832021719_9103-9364-0-261	8	0.125000	run1
fd99b316e5e64f19ff938598aea9b285<::>3	Q0	832021719_1932-3263-0-1331	9	0.111111	run1
fd99b316e5e64f19ff938598aea9b285<::>3	Q0	832021719_8544-8798-0-254	10	0.100000	run1
fd99b316e5e64f19ff938598aea9b285<::>4	Q0	850509972_112-410-0-298	1	1.000000	run1
fd99b316e5e64f19ff938598aea9b285<::>4	Q0	850509972_7490-7887-0-397	2	0.500000	run1
fd99b316e5e64f19ff938598aea9b285<::>4	Q0	850509972_17005-17334-0-329	3	0.333333	run1
fd99b316e5e64f19ff938598aea9b285<::>4	Q0	850509972_7888-8220-0-332	4	0.250000	run1
fd99b316e5e64f19ff938598aea9b285<::>4	Q0	864952571_56601-57435-0-834	5	0.200000	run1
fd99b316e5e64f19ff938598aea9b285<::>4	Q0	856059988_42302-43024-0-722	6	0.166667	run1
fd99b316e5e64f19ff938598aea9b285<::>4	Q0	815879098_101569-101842-0-273	7	0.142857	run1
fd99b316e5e64f19ff938598aea9b285<::>4	Q0	850509972_10649-10914-0-265	8	0.125000	run1
fd99b316e5e64f19ff938598aea9b285<::>4	Q0	850509972_8348-8470-0-122	9	0.111111	run1
fd99b316e5e64f19ff938598aea9b285<::>4	Q0	850509972_3877-4426-0-549	10	0.100000	run1
fd99b316e5e64f19ff938598aea9b285<::>5	Q0	832021719_368-632-0-263	1	1.000000	run1
fd99b316e5e64f19ff938598aea9b285<::>5	Q0	832021719_633-1349-0-716	2	0.500000	run1
fd99b316e5e64f19ff938598aea9b285<::>5	Q0	832021719_1932-3263-0-1331	3	0.333333	run1
fd99b316e5e64f19ff938598aea9b285<::>5	Q0	832021719_10535-10643-0-108	4	0.250000	run1
fd99b316e5e64f19ff938598aea9b285<::>5	Q0	832021719_9103-9364-0-261	5	0.200000	run1
fd99b316e5e64f19ff938598aea9b285<::>5	Q0	832021719_9393-9642-0-249	6	0.166667	run1
fd99b316e5e64f19ff938598aea9b285<::>5	Q0	832021719_5905-6162-0-257	7	0.142857	run1
fd99b316e5e64f19ff938598aea9b285<::>5	Q0	832021719_9951-10190-0-239	8	0.125000	run1
fd99b316e5e64f19ff938598aea9b285<::>5	Q0	832021719_7327-7564-0-235	9	0.111111	run1
fd99b316e5e64f19ff938598aea9b285<::>5	Q0	832021719_8544-8798-0-254	10	0.100000	run1
fd99b316e5e64f19ff938598aea9b285<::>6	Q0	856059988_4432-4708-0-276	1	1.000000	run1
fd99b316e5e64f19ff938598aea9b285<::>6	Q0	864952571_3433-3880-0-447	2	0.500000	run1
fd99b316e5e64f19ff938598aea9b285<::>6	Q0	864952571_9169-9336-0-167	3	0.333333	run1
fd99b316e5e64f19ff938598aea9b285<::>6	Q0	864952571_46030-46588-0-558	4	0.250000	run1
fd99b316e5e64f19ff938598aea9b285<::>6	Q0	864952571_26031-26389-0-358	5	0.200000	run1
fd99b316e5e64f19ff938598aea9b285<::>6	Q0	856059988_2018-3047-0-1029	6	0.166667	run1
fd99b316e5e64f19ff938598aea9b285<::>6	Q0	864952571_1123-2057-0-934	7	0.142857	run1
fd99b316e5e64f19ff938598aea9b285<::>6	Q0	864952571_18967-19794-0-827	8	0.125000	run1
fd99b316e5e64f19ff938598aea9b285<::>6	Q0	856059988_5524-5831-0-307	9	0.111111	run1
fd99b316e5e64f19ff938598aea9b285<::>6	Q0	808419312_2507-3040-0-533	10	0.100000	run1
fd99b316e5e64f19ff938598aea9b285<::>7	Q0	856059988_3048-3775-0-727	1	1.000000	run1
fd99b316e5e64f19ff938598aea9b285<::>7	Q0	856059988_49173-50750-0-1577	2	0.500000	run1
fd99b316e5e64f19ff938598aea9b285<::>7	Q0	856059988_4432-4708-0-276	3	0.333333	run1
fd99b316e5e64f19ff938598aea9b285<::>7	Q0	822349642_51649-51802-0-153	4	0.250000	run1
fd99b316e5e64f19ff938598aea9b285<::>7	Q0	864952571_56601-57435-0-834	5	0.200000	run1
fd99b316e5e64f19ff938598aea9b285<::>7	Q0	856059988_42302-43024-0-722	6	0.166667	run1
fd99b316e5e64f19ff938598aea9b285<::>7	Q0	856059988_43698-44234-0-536	7	0.142857	run1
fd99b316e5e64f19ff938598aea9b285<::>7	Q0	856059988_52353-53613-0-1259	8	0.125000	run1
fd99b316e5e64f19ff938598aea9b285<::>7	Q0	837407666_35041-35873-0-832	9	0.111111	run1
fd99b316e5e64f19ff938598aea9b285<::>7	Q0	856059988_12609-13574-0-965	10	0.100000	run1
fd99b316e5e64f19ff938598aea9b285<::>8	Q0	808419312_394-761-0-367	1	1.000000	run1
fd99b316e5e64f19ff938598aea9b285<::>8	Q0	808419312_6559-6898-0-339	2	0.500000	run1
fd99b316e5e64f19ff938598aea9b285<::>8	Q0	856059988_5524-5831-0-307	3	0.333333	run1
fd99b316e5e64f19ff938598aea9b285<::>8	Q0	808419312_6096-6558-0-462	4	0.250000	run1
fd99b316e5e64f19ff938598aea9b285<::>8	Q0	808419312_17881-18383-0-502	5	0.200000	run1
fd99b316e5e64f19ff938598aea9b285<::>8	Q0	808419312_15981-16581-0-600	6	0.166667	run1
fd99b316e5e64f19ff938598aea9b285<::>8	Q0	808419312_2507-3040-0-533	7	0.142857	run1
fd99b316e5e64f19ff938598aea9b285<::>8	Q0	808419312_13003-13240-0-237	8	0.125000	run1
fd99b316e5e64f19ff938598aea9b285<::>8	Q0	808419312_762-2313-0-1551	9	0.111111	run1
fd99b316e5e64f19ff938598aea9b285<::>8	Q0	808419312_9071-9500-0-429	10	0.100000	run1
fd99b316e5e64f19ff938598aea9b285<::>9	Q0	832021719_368-632-0-263	1	1.000000	run1
fd99b316e5e64f19ff938598aea9b285<::>9	Q0	832021719_1932-3263-0-1331	2	0.500000	run1
fd99b316e5e64f19ff938598aea9b285<::>9	Q0	832021719_7327-7564-0-235	3	0.333333	run1
fd99b316e5e64f19ff938598aea9b285<::>9	Q0	832021719_3512-3828-0-316	4	0.250000	run1
fd99b316e5e64f19ff938598aea9b285<::>9	Q0	832021719_9393-9642-0-249	5	0.200000	run1
fd99b316e5e64f19ff938598aea9b285<::>9	Q0	832021719_7094-7305-0-211	6	0.166667	run1
fd99b316e5e64f19ff938598aea9b285<::>9	Q0	832021719_9951-10190-0-239	7	0.142857	run1
fd99b316e5e64f19ff938598aea9b285<::>9	Q0	832021719_10217-10511-0-291	8	0.125000	run1
fd99b316e5e64f19ff938598aea9b285<::>9	Q0	832021719_9103-9364-0-261	9	0.111111	run1
fd99b316e5e64f19ff938598aea9b285<::>9	Q0	832021719_8544-8798-0-254	10	0.100000	run1
d5f0e7023ab90fe0240b7fc46cf00c26<::>1	Q0	798401030_1092-1671-0-563	1	1.000000	run1
d5f0e7023ab90fe0240b7fc46cf00c26<::>1	Q0	798401030_718-1091-0-369	2	0.500000	run1
d5f0e7023ab90fe0240b7fc46cf00c26<::>1	Q0	798401030_4122-4921-0-797	3	0.333333	run1
d5f0e7023ab90fe0240b7fc46cf00c26<::>1	Q0	798401030_3323-4098-0-775	4	0.250000	run1
d5f0e7023ab90fe0240b7fc46cf00c26<::>1	Q0	798401030_74-671-0-569	5	0.200000	run1
d5f0e7023ab90fe0240b7fc46cf00c26<::>1	Q0	798401030_4922-5560-0-638	6	0.166667	run1
d5f0e7023ab90fe0240b7fc46cf00c26<::>1	Q0	798401030_6227-7015-0-788	7	0.142857	run1
d5f0e7023ab90fe0240b7fc46cf00c26<::>1	Q0	798401030_5653-6178-0-525	8	0.125000	run1
d5f0e7023ab90fe0240b7fc46cf00c26<::>1	Q0	798401030_1672-2723-0-1003	9	0.111111	run1
d5f0e7023ab90fe0240b7fc46cf00c26<::>1	Q0	798401030_3048-3302-0-254	10	0.100000	run1
d5f0e7023ab90fe0240b7fc46cf00c26<::>2	Q0	798401030_718-1091-0-369	1	1.000000	run1
d5f0e7023ab90fe0240b7fc46cf00c26<::>2	Q0	798401030_1092-1671-0-563	2	0.500000	run1
d5f0e7023ab90fe0240b7fc46cf00c26<::>2	Q0	798401030_10436-10772-0-336	3	0.333333	run1
d5f0e7023ab90fe0240b7fc46cf00c26<::>2	Q0	798401030_10773-11534-0-761	4	0.250000	run1
d5f0e7023ab90fe0240b7fc46cf00c26<::>2	Q0	798401030_3323-4098-0-775	5	0.200000	run1
d5f0e7023ab90fe0240b7fc46cf00c26<::>2	Q0	798401030_1672-2723-0-1003	6	0.166667	run1
d5f0e7023ab90fe0240b7fc46cf00c26<::>2	Q0	798401030_11535-12114-0-579	7	0.142857	run1
d5f0e7023ab90fe0240b7fc46cf00c26<::>2	Q0	798401030_74-671-0-569	8	0.125000	run1
d5f0e7023ab90fe0240b7fc46cf00c26<::>2	Q0	798401030_4922-5560-0-638	9	0.111111	run1
d5f0e7023ab90fe0240b7fc46cf00c26<::>2	Q0	852181193_9390-9724-0-334	10	0.100000	run1
d5f0e7023ab90fe0240b7fc46cf00c26<::>3	Q0	798401030_718-1091-0-369	1	1.000000	run1
d5f0e7023ab90fe0240b7fc46cf00c26<::>3	Q0	798401030_74-671-0-569	2	0.500000	run1
d5f0e7023ab90fe0240b7fc46cf00c26<::>3	Q0	798401030_3323-4098-0-775	3	0.333333	run1
d5f0e7023ab90fe0240b7fc46cf00c26<::>3	Q0	798401030_10436-10772-0-336	4	0.250000	run1
d5f0e7023ab90fe0240b7fc46cf00c26<::>3	Q0	798401030_1092-1671-0-563	5	0.200000	run1
d5f0e7023ab90fe0240b7fc46cf00c26<::>3	Q0	798401030_7016-7419-0-403	6	0.166667	run1
d5f0e7023ab90fe0240b7fc46cf00c26<::>3	Q0	798401030_5653-6178-0-525	7	0.142857	run1
d5f0e7023ab90fe0240b7fc46cf00c26<::>3	Q0	798401030_3048-3302-0-254	8	0.125000	run1
d5f0e7023ab90fe0240b7fc46cf00c26<::>3	Q0	798401030_10773-11534-0-761	9	0.111111	run1
d5f0e7023ab90fe0240b7fc46cf00c26<::>3	Q0	798401030_1672-2723-0-1003	10	0.100000	run1
d5f0e7023ab90fe0240b7fc46cf00c26<::>4	Q0	798401030_10436-10772-0-336	1	1.000000	run1
d5f0e7023ab90fe0240b7fc46cf00c26<::>4	Q0	798401030_10773-11534-0-761	2	0.500000	run1
d5f0e7023ab90fe0240b7fc46cf00c26<::>4	Q0	798401030_718-1091-0-369	3	0.333333	run1
d5f0e7023ab90fe0240b7fc46cf00c26<::>4	Q0	798401030_4122-4921-0-797	4	0.250000	run1
d5f0e7023ab90fe0240b7fc46cf00c26<::>4	Q0	798401030_74-671-0-569	5	0.200000	run1
d5f0e7023ab90fe0240b7fc46cf00c26<::>4	Q0	798401030_3323-4098-0-775	6	0.166667	run1
d5f0e7023ab90fe0240b7fc46cf00c26<::>4	Q0	798401030_1092-1671-0-563	7	0.142857	run1
d5f0e7023ab90fe0240b7fc46cf00c26<::>4	Q0	798401030_8907-9430-0-523	8	0.125000	run1
d5f0e7023ab90fe0240b7fc46cf00c26<::>4	Q0	798401030_3048-3302-0-254	9	0.111111	run1
d5f0e7023ab90fe0240b7fc46cf00c26<::>4	Q0	798401030_7016-7419-0-403	10	0.100000	run1
d5f0e7023ab90fe0240b7fc46cf00c26<::>5	Q0	800189581_14866-15764-0-898	1	1.000000	run1
d5f0e7023ab90fe0240b7fc46cf00c26<::>5	Q0	800189581_7937-8815-0-878	2	0.500000	run1
d5f0e7023ab90fe0240b7fc46cf00c26<::>5	Q0	800189581_17967-19016-0-1049	3	0.333333	run1
d5f0e7023ab90fe0240b7fc46cf00c26<::>5	Q0	800189581_58203-58717-0-514	4	0.250000	run1
d5f0e7023ab90fe0240b7fc46cf00c26<::>5	Q0	800189581_19599-19991-0-392	5	0.200000	run1
d5f0e7023ab90fe0240b7fc46cf00c26<::>5	Q0	800189581_34862-35629-0-767	6	0.166667	run1
d5f0e7023ab90fe0240b7fc46cf00c26<::>5	Q0	800189581_46609-47395-0-786	7	0.142857	run1
d5f0e7023ab90fe0240b7fc46cf00c26<::>5	Q0	800189581_19017-19598-0-581	8	0.125000	run1
d5f0e7023ab90fe0240b7fc46cf00c26<::>5	Q0	800189581_1882-2547-0-665	9	0.111111	run1
d5f0e7023ab90fe0240b7fc46cf00c26<::>5	Q0	800189581_52985-53794-0-809	10	0.100000	run1
d5f0e7023ab90fe0240b7fc46cf00c26<::>6	Q0	804788732_1407-1657-0-242	1	1.000000	run1
d5f0e7023ab90fe0240b7fc46cf00c26<::>6	Q0	844446519_4983-5697-0-714	2	0.500000	run1
d5f0e7023ab90fe0240b7fc46cf00c26<::>6	Q0	852181193_3802-4031-0-229	3	0.333333	run1
d5f0e7023ab90fe0240b7fc46cf00c26<::>6	Q0	800189581_58203-58717-0-514	4	0.250000	run1
d5f0e7023ab90fe0240b7fc46cf00c26<::>6	Q0	800189581_1882-2547-0-665	5	0.200000	run1
d5f0e7023ab90fe0240b7fc46cf00c26<::>6	Q0	843324743_38973-39775-0-800	6	0.166667	run1
d5f0e7023ab90fe0240b7fc46cf00c26<::>6	Q0	800189581_14866-15764-0-898	7	0.142857	run1
d5f0e7023ab90fe0240b7fc46cf00c26<::>6	Q0	825927083_20979-21998-0-1018	8	0.125000	run1
d5f0e7023ab90fe0240b7fc46cf00c26<::>6	Q0	818532751_1986-2845-0-859	9	0.111111	run1
d5f0e7023ab90fe0240b7fc46cf00c26<::>6	Q0	804788732_1658-2370-0-706	10	0.100000	run1
d5f0e7023ab90fe0240b7fc46cf00c26<::>7	Q0	844446519_4983-5697-0-714	1	1.000000	run1
d5f0e7023ab90fe0240b7fc46cf00c26<::>7	Q0	804788732_1407-1657-0-242	2	0.500000	run1
d5f0e7023ab90fe0240b7fc46cf00c26<::>7	Q0	800189581_58203-58717-0-514	3	0.333333	run1
d5f0e7023ab90fe0240b7fc46cf00c26<::>7	Q0	800189581_1882-2547-0-665	4	0.250000	run1
d5f0e7023ab90fe0240b7fc46cf00c26<::>7	Q0	800189581_14866-15764-0-898	5	0.200000	run1
d5f0e7023ab90fe0240b7fc46cf00c26<::>7	Q0	810308089_527-1722-0-1195	6	0.166667	run1
d5f0e7023ab90fe0240b7fc46cf00c26<::>7	Q0	825927083_20979-21998-0-1018	7	0.142857	run1
d5f0e7023ab90fe0240b7fc46cf00c26<::>7	Q0	825927083_41333-41515-0-182	8	0.125000	run1
d5f0e7023ab90fe0240b7fc46cf00c26<::>7	Q0	840005513_5918-6746-0-828	9	0.111111	run1
d5f0e7023ab90fe0240b7fc46cf00c26<::>7	Q0	818532751_1986-2845-0-859	10	0.100000	run1
d5f0e7023ab90fe0240b7fc46cf00c26<::>8	Q0	846400873_22442-22784-0-342	1	1.000000	run1
d5f0e7023ab90fe0240b7fc46cf00c26<::>8	Q0	818532751_16203-16699-0-496	2	0.500000	run1
d5f0e7023ab90fe0240b7fc46cf00c26<::>8	Q0	800798238_37282-38038-0-756	3	0.333333	run1
d5f0e7023ab90fe0240b7fc46cf00c26<::>8	Q0	832692595_30950-31394-0-444	4	0.250000	run1
d5f0e7023ab90fe0240b7fc46cf00c26<::>8	Q0	817790267_30030-30150-0-120	5	0.200000	run1
d5f0e7023ab90fe0240b7fc46cf00c26<::>8	Q0	853000512_119909-120596-0-687	6	0.166667	run1
d5f0e7023ab90fe0240b7fc46cf00c26<::>8	Q0	836236385_48922-49253-0-331	7	0.142857	run1
d5f0e7023ab90fe0240b7fc46cf00c26<::>8	Q0	816711474_108354-108599-0-245	8	0.125000	run1
d5f0e7023ab90fe0240b7fc46cf00c26<::>8	Q0	857140452_24589-24751-0-162	9	0.111111	run1
d5f0e7023ab90fe0240b7fc46cf00c26<::>8	Q0	843571158_57457-57967-0-510	10	0.100000	run1
d5f0e7023ab90fe0240b7fc46cf00c26<::>9	Q0	855420636_12521-13315-0-794	1	1.000000	run1
d5f0e7023ab90fe0240b7fc46cf00c26<::>9	Q0	814479651_23684-25567-0-1883	2	0.500000	run1
d5f0e7023ab90fe0240b7fc46cf00c26<::>9	Q0	814479651_3322-3866-0-544	3	0.333333	run1
d5f0e7023ab90fe0240b7fc46cf00c26<::>9	Q0	814479651_35137-35355-0-218	4	0.250000	run1
d5f0e7023ab90fe0240b7fc46cf00c26<::>9	Q0	814479651_31294-31758-0-464	5	0.200000	run1
d5f0e7023ab90fe0240b7fc46cf00c26<::>9	Q0	841028991_14776-15060-0-284	6	0.166667	run1
d5f0e7023ab90fe0240b7fc46cf00c26<::>9	Q0	814479651_25568-26518-0-950	7	0.142857	run1
d5f0e7023ab90fe0240b7fc46cf00c26<::>9	Q0	814479651_1775-2512-0-737	8	0.125000	run1
d5f0e7023ab90fe0240b7fc46cf00c26<::>9	Q0	855420636_18946-19860-0-914	9	0.111111	run1
d5f0e7023ab90fe0240b7fc46cf00c26<::>9	Q0	855420636_8212-8643-0-431	10	0.100000	run1
0208bf26ec357a803445290fa88a2e9e<::>1	Q0	850931827_12432-13339-0-907	1	1.000000	run1
0208bf26ec357a803445290fa88a2e9e<::>1	Q0	850931827_11086-12414-0-1328	2	0.500000	run1
0208bf26ec357a803445290fa88a2e9e<::>1	Q0	850931827_14755-15684-0-929	3	0.333333	run1
0208bf26ec357a803445290fa88a2e9e<::>1	Q0	850931827_10241-10680-0-439	4	0.250000	run1
0208bf26ec357a803445290fa88a2e9e<::>1	Q0	850931827_30008-30728-0-720	5	0.200000	run1
0208bf26ec357a803445290fa88a2e9e<::>1	Q0	850931827_26385-26900-0-515	6	0.166667	run1
0208bf26ec357a803445290fa88a2e9e<::>1	Q0	850931827_23912-24644-0-732	7	0.142857	run1
0208bf26ec357a803445290fa88a2e9e<::>1	Q0	856666437_2196-2789-0-593	8	0.125000	run1
0208bf26ec357a803445290fa88a2e9e<::>1	Q0	850931827_24645-25411-0-766	9	0.111111	run1
0208bf26ec357a803445290fa88a2e9e<::>1	Q0	850931827_1090-1588-0-498	10	0.100000	run1
0208bf26ec357a803445290fa88a2e9e<::>2	Q0	850931827_25412-26384-0-972	1	1.000000	run1
0208bf26ec357a803445290fa88a2e9e<::>2	Q0	850931827_23912-24644-0-732	2	0.500000	run1
0208bf26ec357a803445290fa88a2e9e<::>2	Q0	850931827_24645-25411-0-766	3	0.333333	run1
0208bf26ec357a803445290fa88a2e9e<::>2	Q0	850931827_14755-15684-0-929	4	0.250000	run1
0208bf26ec357a803445290fa88a2e9e<::>2	Q0	850931827_26385-26900-0-515	5	0.200000	run1
0208bf26ec357a803445290fa88a2e9e<::>2	Q0	850931827_32124-32742-0-618	6	0.166667	run1
0208bf26ec357a803445290fa88a2e9e<::>2	Q0	850931827_29016-29453-0-437	7	0.142857	run1
0208bf26ec357a803445290fa88a2e9e<::>2	Q0	850931827_10241-10680-0-439	8	0.125000	run1
0208bf26ec357a803445290fa88a2e9e<::>2	Q0	850931827_1589-2154-0-565	9	0.111111	run1
0208bf26ec357a803445290fa88a2e9e<::>2	Q0	850931827_22771-23911-0-1140	10	0.100000	run1
0208bf26ec357a803445290fa88a2e9e<::>5	Q0	850931827_41868-43354-0-1485	1	1.000000	run1
0208bf26ec357a803445290fa88a2e9e<::>5	Q0	850931827_45056-45809-0-753	2	0.500000	run1
0208bf26ec357a803445290fa88a2e9e<::>5	Q0	850931827_1090-1588-0-498	3	0.333333	run1
0208bf26ec357a803445290fa88a2e9e<::>5	Q0	850931827_24645-25411-0-766	4	0.250000	run1
0208bf26ec357a803445290fa88a2e9e<::>5	Q0	850931827_23912-24644-0-732	5	0.200000	run1
0208bf26ec357a803445290fa88a2e9e<::>5	Q0	850931827_14755-15684-0-929	6	0.166667	run1
0208bf26ec357a803445290fa88a2e9e<::>5	Q0	850931827_39737-40495-0-758	7	0.142857	run1
0208bf26ec357a803445290fa88a2e9e<::>5	Q0	850931827_2155-2640-0-485	8	0.125000	run1
0208bf26ec357a803445290fa88a2e9e<::>5	Q0	850931827_25412-26384-0-972	9	0.111111	run1
0208bf26ec357a803445290fa88a2e9e<::>5	Q0	850931827_10241-10680-0-439	10	0.100000	run1
0208bf26ec357a803445290fa88a2e9e<::>6	Q0	850931827_2155-2640-0-485	1	1.000000	run1
0208bf26ec357a803445290fa88a2e9e<::>6	Q0	850931827_36728-38876-0-2146	2	0.500000	run1
0208bf26ec357a803445290fa88a2e9e<::>6	Q0	850931827_35737-36727-0-989	3	0.333333	run1
0208bf26ec357a803445290fa88a2e9e<::>6	Q0	850931827_38877-39736-0-859	4	0.250000	run1
0208bf26ec357a803445290fa88a2e9e<::>6	Q0	850931827_14755-15684-0-929	5	0.200000	run1
0208bf26ec357a803445290fa88a2e9e<::>6	Q0	850931827_13486-14754-0-1268	6	0.166667	run1
0208bf26ec357a803445290fa88a2e9e<::>6	Q0	850931827_10241-10680-0-439	7	0.142857	run1
0208bf26ec357a803445290fa88a2e9e<::>6	Q0	850931827_45056-45809-0-753	8	0.125000	run1
0208bf26ec357a803445290fa88a2e9e<::>6	Q0	850931827_1589-2154-0-565	9	0.111111	run1
0208bf26ec357a803445290fa88a2e9e<::>6	Q0	850931827_1090-1588-0-498	10	0.100000	run1
0208bf26ec357a803445290fa88a2e9e<::>7	Q0	850931827_35737-36727-0-989	1	1.000000	run1
0208bf26ec357a803445290fa88a2e9e<::>7	Q0	850931827_36728-38876-0-2146	2	0.500000	run1
0208bf26ec357a803445290fa88a2e9e<::>7	Q0	850931827_23912-24644-0-732	3	0.333333	run1
0208bf26ec357a803445290fa88a2e9e<::>7	Q0	850931827_38877-39736-0-859	4	0.250000	run1
0208bf26ec357a803445290fa88a2e9e<::>7	Q0	850931827_41087-41695-0-608	5	0.200000	run1
0208bf26ec357a803445290fa88a2e9e<::>7	Q0	850931827_14755-15684-0-929	6	0.166667	run1
0208bf26ec357a803445290fa88a2e9e<::>7	Q0	850931827_45056-45809-0-753	7	0.142857	run1
0208bf26ec357a803445290fa88a2e9e<::>7	Q0	850931827_39737-40495-0-758	8	0.125000	run1
0208bf26ec357a803445290fa88a2e9e<::>7	Q0	850931827_10241-10680-0-439	9	0.111111	run1
0208bf26ec357a803445290fa88a2e9e<::>7	Q0	838432748_16869-17158-0-289	10	0.100000	run1
91204c45fc829e328f9a3643d9dd4c2b<::>1	Q0	856834500_20701-21223-0-522	1	1.000000	run1
91204c45fc829e328f9a3643d9dd4c2b<::>1	Q0	856834500_24706-25045-0-339	2	0.500000	run1
91204c45fc829e328f9a3643d9dd4c2b<::>1	Q0	856834500_16879-17724-0-845	3	0.333333	run1
91204c45fc829e328f9a3643d9dd4c2b<::>1	Q0	850561695_14490-14891-0-401	4	0.250000	run1
91204c45fc829e328f9a3643d9dd4c2b<::>1	Q0	856834500_27628-27973-0-345	5	0.200000	run1
91204c45fc829e328f9a3643d9dd4c2b<::>1	Q0	856834500_14520-15123-0-603	6	0.166667	run1
91204c45fc829e328f9a3643d9dd4c2b<::>1	Q0	856834500_29203-30931-0-1728	7	0.142857	run1
91204c45fc829e328f9a3643d9dd4c2b<::>1	Q0	856834500_15654-15785-0-131	8	0.125000	run1
91204c45fc829e328f9a3643d9dd4c2b<::>1	Q0	856834500_28341-28829-0-488	9	0.111111	run1
91204c45fc829e328f9a3643d9dd4c2b<::>1	Q0	856834500_1475-2366-0-891	10	0.100000	run1
91204c45fc829e328f9a3643d9dd4c2b<::>2	Q0	856834500_20701-21223-0-522	1	1.000000	run1
91204c45fc829e328f9a3643d9dd4c2b<::>2	Q0	856834500_21224-21507-0-283	2	0.500000	run1
91204c45fc829e328f9a3643d9dd4c2b<::>2	Q0	856834500_1475-2366-0-891	3	0.333333	run1
91204c45fc829e328f9a3643d9dd4c2b<::>2	Q0	856834500_4716-5688-0-972	4	0.250000	run1
91204c45fc829e328f9a3643d9dd4c2b<::>2	Q0	856834500_904-1474-0-570	5	0.200000	run1
91204c45fc829e328f9a3643d9dd4c2b<::>2	Q0	856834500_204-903-0-699	6	0.166667	run1
91204c45fc829e328f9a3643d9dd4c2b<::>2	Q0	856834500_14520-15123-0-603	7	0.142857	run1
91204c45fc829e328f9a3643d9dd4c2b<::>2	Q0	856834500_15267-15653-0-386	8	0.125000	run1
91204c45fc829e328f9a3643d9dd4c2b<::>2	Q0	856834500_11772-12715-0-943	9	0.111111	run1
91204c45fc829e328f9a3643d9dd4c2b<::>2	Q0	856834500_28341-28829-0-488	10	0.100000	run1
91204c45fc829e328f9a3643d9dd4c2b<::>3	Q0	856834500_32198-32764-0-566	1	1.000000	run1
91204c45fc829e328f9a3643d9dd4c2b<::>3	Q0	856834500_13555-13845-0-290	2	0.500000	run1
91204c45fc829e328f9a3643d9dd4c2b<::>3	Q0	846609097_33450-34418-0-968	3	0.333333	run1
91204c45fc829e328f9a3643d9dd4c2b<::>3	Q0	856834500_10344-10851-0-507	4	0.250000	run1
91204c45fc829e328f9a3643d9dd4c2b<::>3	Q0	856834500_27391-27627-0-236	5	0.200000	run1
91204c45fc829e328f9a3643d9dd4c2b<::>3	Q0	856834500_29203-30931-0-1728	6	0.166667	run1
91204c45fc829e328f9a3643d9dd4c2b<::>3	Q0	856834500_30946-32133-0-1187	7	0.142857	run1
91204c45fc829e328f9a3643d9dd4c2b<::>3	Q0	856834500_12716-12844-0-128	8	0.125000	run1
91204c45fc829e328f9a3643d9dd4c2b<::>3	Q0	856800529_11085-11428-0-343	9	0.111111	run1
91204c45fc829e328f9a3643d9dd4c2b<::>3	Q0	819399335_25563-26773-0-1210	10	0.100000	run1
91204c45fc829e328f9a3643d9dd4c2b<::>4	Q0	856834500_32198-32764-0-566	1	1.000000	run1
91204c45fc829e328f9a3643d9dd4c2b<::>4	Q0	856834500_29203-30931-0-1728	2	0.500000	run1
91204c45fc829e328f9a3643d9dd4c2b<::>4	Q0	856834500_32786-34545-0-1759	3	0.333333	run1
91204c45fc829e328f9a3643d9dd4c2b<::>4	Q0	856834500_30946-32133-0-1187	4	0.250000	run1
91204c45fc829e328f9a3643d9dd4c2b<::>4	Q0	856834500_904-1474-0-570	5	0.200000	run1
91204c45fc829e328f9a3643d9dd4c2b<::>4	Q0	856834500_204-903-0-699	6	0.166667	run1
91204c45fc829e328f9a3643d9dd4c2b<::>4	Q0	856834500_15267-15653-0-386	7	0.142857	run1
91204c45fc829e328f9a3643d9dd4c2b<::>4	Q0	856834500_13883-14519-0-636	8	0.125000	run1
91204c45fc829e328f9a3643d9dd4c2b<::>4	Q0	856834500_16879-17724-0-845	9	0.111111	run1
91204c45fc829e328f9a3643d9dd4c2b<::>4	Q0	856834500_2367-3030-0-663	10	0.100000	run1
91204c45fc829e328f9a3643d9dd4c2b<::>6	Q0	850561695_14490-14891-0-401	1	1.000000	run1
91204c45fc829e328f9a3643d9dd4c2b<::>6	Q0	850561695_6313-6800-0-487	2	0.500000	run1
91204c45fc829e328f9a3643d9dd4c2b<::>6	Q0	850561695_16620-16852-0-232	3	0.333333	run1
91204c45fc829e328f9a3643d9dd4c2b<::>6	Q0	856834500_16879-17724-0-845	4	0.250000	run1
91204c45fc829e328f9a3643d9dd4c2b<::>6	Q0	850561695_22121-22888-0-767	5	0.200000	run1
91204c45fc829e328f9a3643d9dd4c2b<::>6	Q0	850561695_640-1031-0-391	6	0.166667	run1
91204c45fc829e328f9a3643d9dd4c2b<::>6	Q0	850561695_17913-18169-0-256	7	0.142857	run1
91204c45fc829e328f9a3643d9dd4c2b<::>6	Q0	850561695_12817-12919-0-102	8	0.125000	run1
91204c45fc829e328f9a3643d9dd4c2b<::>6	Q0	856834500_20701-21223-0-522	9	0.111111	run1
91204c45fc829e328f9a3643d9dd4c2b<::>6	Q0	850561695_18276-18864-0-588	10	0.100000	run1
91204c45fc829e328f9a3643d9dd4c2b<::>7	Q0	850561695_640-1031-0-391	1	1.000000	run1
91204c45fc829e328f9a3643d9dd4c2b<::>7	Q0	850561695_18276-18864-0-588	2	0.500000	run1
91204c45fc829e328f9a3643d9dd4c2b<::>7	Q0	850561695_1032-1175-0-143	3	0.333333	run1
91204c45fc829e328f9a3643d9dd4c2b<::>7	Q0	850561695_23943-25925-0-1982	4	0.250000	run1
91204c45fc829e328f9a3643d9dd4c2b<::>7	Q0	850561695_17913-18169-0-256	5	0.200000	run1
91204c45fc829e328f9a3643d9dd4c2b<::>7	Q0	850561695_14892-15416-0-524	6	0.166667	run1
91204c45fc829e328f9a3643d9dd4c2b<::>7	Q0	850561695_22913-23663-0-750	7	0.142857	run1
91204c45fc829e328f9a3643d9dd4c2b<::>7	Q0	850561695_6801-7948-0-1147	8	0.125000	run1
91204c45fc829e328f9a3643d9dd4c2b<::>7	Q0	846609097_42669-42793-0-124	9	0.111111	run1
91204c45fc829e328f9a3643d9dd4c2b<::>7	Q0	850561695_8712-9624-0-912	10	0.100000	run1
91204c45fc829e328f9a3643d9dd4c2b<::>8	Q0	850561695_18276-18864-0-588	1	1.000000	run1
91204c45fc829e328f9a3643d9dd4c2b<::>8	Q0	850561695_1032-1175-0-143	2	0.500000	run1
91204c45fc829e328f9a3643d9dd4c2b<::>8	Q0	850561695_20886-21517-0-631	3	0.333333	run1
91204c45fc829e328f9a3643d9dd4c2b<::>8	Q0	850561695_640-1031-0-391	4	0.250000	run1
91204c45fc829e328f9a3643d9dd4c2b<::>8	Q0	850561695_8712-9624-0-912	5	0.200000	run1
91204c45fc829e328f9a3643d9dd4c2b<::>8	Q0	850561695_23943-25925-0-1982	6	0.166667	run1
91204c45fc829e328f9a3643d9dd4c2b<::>8	Q0	850561695_14892-15416-0-524	7	0.142857	run1
91204c45fc829e328f9a3643d9dd4c2b<::>8	Q0	850561695_22913-23663-0-750	8	0.125000	run1
91204c45fc829e328f9a3643d9dd4c2b<::>8	Q0	850561695_17913-18169-0-256	9	0.111111	run1
91204c45fc829e328f9a3643d9dd4c2b<::>8	Q0	846609097_42669-42793-0-124	10	0.100000	run1
a2698b2973ea7db1ee5adb5e70ec02e4<::>1	Q0	834226571_364-764-0-400	1	1.000000	run1
a2698b2973ea7db1ee5adb5e70ec02e4<::>1	Q0	834226571_13168-13671-0-503	2	0.500000	run1
a2698b2973ea7db1ee5adb5e70ec02e4<::>1	Q0	834226571_10005-10224-0-219	3	0.333333	run1
a2698b2973ea7db1ee5adb5e70ec02e4<::>1	Q0	834226571_765-1254-0-489	4	0.250000	run1
a2698b2973ea7db1ee5adb5e70ec02e4<::>1	Q0	834226571_12862-13167-0-305	5	0.200000	run1
a2698b2973ea7db1ee5adb5e70ec02e4<::>1	Q0	834226571_6342-6558-0-216	6	0.166667	run1
a2698b2973ea7db1ee5adb5e70ec02e4<::>1	Q0	834226571_14288-14529-0-241	7	0.142857	run1
a2698b2973ea7db1ee5adb5e70ec02e4<::>1	Q0	834226571_18623-19245-0-621	8	0.125000	run1
a2698b2973ea7db1ee5adb5e70ec02e4<::>1	Q0	834226571_7785-8232-0-447	9	0.111111	run1
a2698b2973ea7db1ee5adb5e70ec02e4<::>1	Q0	834226571_3561-3915-0-354	10	0.100000	run1
a2698b2973ea7db1ee5adb5e70ec02e4<::>2	Q0	834226571_4749-5081-0-332	1	1.000000	run1
a2698b2973ea7db1ee5adb5e70ec02e4<::>2	Q0	834226571_6020-6341-0-321	2	0.500000	run1
a2698b2973ea7db1ee5adb5e70ec02e4<::>2	Q0	834226571_5082-5403-0-321	3	0.333333	run1
a2698b2973ea7db1ee5adb5e70ec02e4<::>2	Q0	834226571_6342-6558-0-216	4	0.250000	run1
a2698b2973ea7db1ee5adb5e70ec02e4<::>2	Q0	851776364_3227-3802-0-575	5	0.200000	run1
a2698b2973ea7db1ee5adb5e70ec02e4<::>2	Q0	834226571_5404-6019-0-615	6	0.166667	run1
a2698b2973ea7db1ee5adb5e70ec02e4<::>2	Q0	502521937_20066-20419-0-353	7	0.142857	run1
a2698b2973ea7db1ee5adb5e70ec02e4<::>2	Q0	844523896_70910-71525-0-615	8	0.125000	run1
a2698b2973ea7db1ee5adb5e70ec02e4<::>2	Q0	834226571_11488-12059-0-571	9	0.111111	run1
a2698b2973ea7db1ee5adb5e70ec02e4<::>2	Q0	722409356_17348-18182-0-834	10	0.100000	run1
a2698b2973ea7db1ee5adb5e70ec02e4<::>3	Q0	834226571_6342-6558-0-216	1	1.000000	run1
a2698b2973ea7db1ee5adb5e70ec02e4<::>3	Q0	834226571_6020-6341-0-321	2	0.500000	run1
a2698b2973ea7db1ee5adb5e70ec02e4<::>3	Q0	834226571_4749-5081-0-332	3	0.333333	run1
a2698b2973ea7db1ee5adb5e70ec02e4<::>3	Q0	834226571_5082-5403-0-321	4	0.250000	run1
a2698b2973ea7db1ee5adb5e70ec02e4<::>3	Q0	834226571_10005-10224-0-219	5	0.200000	run1
a2698b2973ea7db1ee5adb5e70ec02e4<::>3	Q0	834226571_8587-9336-0-749	6	0.166667	run1
a2698b2973ea7db1ee5adb5e70ec02e4<::>3	Q0	834226571_13168-13671-0-503	7	0.142857	run1
a2698b2973ea7db1ee5adb5e70ec02e4<::>3	Q0	834226571_14288-14529-0-241	8	0.125000	run1
a2698b2973ea7db1ee5adb5e70ec02e4<::>3	Q0	834226571_1255-1874-0-619	9	0.111111	run1
a2698b2973ea7db1ee5adb5e70ec02e4<::>3	Q0	834226571_11017-11432-0-415	10	0.100000	run1
a2698b2973ea7db1ee5adb5e70ec02e4<::>4	Q0	834226571_364-764-0-400	1	1.000000	run1
a2698b2973ea7db1ee5adb5e70ec02e4<::>4	Q0	834226571_13168-13671-0-503	2	0.500000	run1
a2698b2973ea7db1ee5adb5e70ec02e4<::>4	Q0	834226571_15633-15953-0-320	3	0.333333	run1
a2698b2973ea7db1ee5adb5e70ec02e4<::>4	Q0	834226571_8233-8586-0-353	4	0.250000	run1
a2698b2973ea7db1ee5adb5e70ec02e4<::>4	Q0	834226571_765-1254-0-489	5	0.200000	run1
a2698b2973ea7db1ee5adb5e70ec02e4<::>4	Q0	834226571_10005-10224-0-219	6	0.166667	run1
a2698b2973ea7db1ee5adb5e70ec02e4<::>4	Q0	834226571_8587-9336-0-749	7	0.142857	run1
a2698b2973ea7db1ee5adb5e70ec02e4<::>4	Q0	834226571_6342-6558-0-216	8	0.125000	run1
a2698b2973ea7db1ee5adb5e70ec02e4<::>4	Q0	834226571_12862-13167-0-305	9	0.111111	run1
a2698b2973ea7db1ee5adb5e70ec02e4<::>4	Q0	834226571_4749-5081-0-332	10	0.100000	run1
a2698b2973ea7db1ee5adb5e70ec02e4<::>5	Q0	834226571_765-1254-0-489	1	1.000000	run1
a2698b2973ea7db1ee5adb5e70ec02e4<::>5	Q0	834226571_13168-13671-0-503	2	0.500000	run1
a2698b2973ea7db1ee5adb5e70ec02e4<::>5	Q0	834226571_364-764-0-400	3	0.333333	run1
a2698b2973ea7db1ee5adb5e70ec02e4<::>5	Q0	848935469_50383-50882-0-499	4	0.250000	run1
a2698b2973ea7db1ee5adb5e70ec02e4<::>5	Q0	834226571_8233-8586-0-353	5	0.200000	run1
a2698b2973ea7db1ee5adb5e70ec02e4<::>5	Q0	830281102_11685-12319-0-634	6	0.166667	run1
a2698b2973ea7db1ee5adb5e70ec02e4<::>5	Q0	834226571_14288-14529-0-241	7	0.142857	run1
a2698b2973ea7db1ee5adb5e70ec02e4<::>5	Q0	834226571_7232-7729-0-497	8	0.125000	run1
a2698b2973ea7db1ee5adb5e70ec02e4<::>5	Q0	834226571_12060-12659-0-599	9	0.111111	run1
a2698b2973ea7db1ee5adb5e70ec02e4<::>5	Q0	834226571_15633-15953-0-320	10	0.100000	run1
a2698b2973ea7db1ee5adb5e70ec02e4<::>6	Q0	834226571_364-764-0-400	1	1.000000	run1
a2698b2973ea7db1ee5adb5e70ec02e4<::>6	Q0	834226571_7232-7729-0-497	2	0.500000	run1
a2698b2973ea7db1ee5adb5e70ec02e4<::>6	Q0	834226571_13168-13671-0-503	3	0.333333	run1
a2698b2973ea7db1ee5adb5e70ec02e4<::>6	Q0	834226571_18623-19245-0-621	4	0.250000	run1
a2698b2973ea7db1ee5adb5e70ec02e4<::>6	Q0	834226571_765-1254-0-489	5	0.200000	run1
a2698b2973ea7db1ee5adb5e70ec02e4<::>6	Q0	834226571_14288-14529-0-241	6	0.166667	run1
a2698b2973ea7db1ee5adb5e70ec02e4<::>6	Q0	834226571_15633-15953-0-320	7	0.142857	run1
a2698b2973ea7db1ee5adb5e70ec02e4<::>6	Q0	834226571_12862-13167-0-305	8	0.125000	run1
a2698b2973ea7db1ee5adb5e70ec02e4<::>6	Q0	834226571_13727-14287-0-560	9	0.111111	run1
a2698b2973ea7db1ee5adb5e70ec02e4<::>6	Q0	834226571_6642-7215-0-573	10	0.100000	run1
a2698b2973ea7db1ee5adb5e70ec02e4<::>7	Q0	834226571_18029-18605-0-576	1	1.000000	run1
a2698b2973ea7db1ee5adb5e70ec02e4<::>7	Q0	834226571_17102-17395-0-293	2	0.500000	run1
a2698b2973ea7db1ee5adb5e70ec02e4<::>7	Q0	834226571_15954-16896-0-942	3	0.333333	run1
a2698b2973ea7db1ee5adb5e70ec02e4<::>7	Q0	849961652_1599-1766-0-167	4	0.250000	run1
a2698b2973ea7db1ee5adb5e70ec02e4<::>7	Q0	856975427_51286-51699-0-413	5	0.200000	run1
a2698b2973ea7db1ee5adb5e70ec02e4<::>7	Q0	832726718_36622-36909-0-287	6	0.166667	run1
a2698b2973ea7db1ee5adb5e70ec02e4<::>7	Q0	803140957_17355-17907-0-551	7	0.142857	run1
a2698b2973ea7db1ee5adb5e70ec02e4<::>7	Q0	856975427_55510-55889-0-379	8	0.125000	run1
a2698b2973ea7db1ee5adb5e70ec02e4<::>7	Q0	854564981_19632-20309-0-677	9	0.111111	run1
a2698b2973ea7db1ee5adb5e70ec02e4<::>7	Q0	807673964_92713-93880-0-1167	10	0.100000	run1
a2698b2973ea7db1ee5adb5e70ec02e4<::>8	Q0	848935469_15296-15832-0-536	1	1.000000	run1
a2698b2973ea7db1ee5adb5e70ec02e4<::>8	Q0	865292047_10908-11347-0-439	2	0.500000	run1
a2698b2973ea7db1ee5adb5e70ec02e4<::>8	Q0	843324743_98752-98913-0-161	3	0.333333	run1
a2698b2973ea7db1ee5adb5e70ec02e4<::>8	Q0	848935469_8724-9774-0-1050	4	0.250000	run1
a2698b2973ea7db1ee5adb5e70ec02e4<::>8	Q0	865292047_10006-10907-0-901	5	0.200000	run1
a2698b2973ea7db1ee5adb5e70ec02e4<::>8	Q0	810308089_34521-35458-0-937	6	0.166667	run1
a2698b2973ea7db1ee5adb5e70ec02e4<::>8	Q0	834226571_13727-14287-0-560	7	0.142857	run1
a2698b2973ea7db1ee5adb5e70ec02e4<::>8	Q0	834226571_12862-13167-0-305	8	0.125000	run1
a2698b2973ea7db1ee5adb5e70ec02e4<::>8	Q0	848935469_40050-40571-0-521	9	0.111111	run1
a2698b2973ea7db1ee5adb5e70ec02e4<::>8	Q0	810308089_35459-36467-0-1008	10	0.100000	run1
a2698b2973ea7db1ee5adb5e70ec02e4<::>9	Q0	848935469_8724-9774-0-1050	1	1.000000	run1
a2698b2973ea7db1ee5adb5e70ec02e4<::>9	Q0	848935469_59082-59338-0-256	2	0.500000	run1
a2698b2973ea7db1ee5adb5e70ec02e4<::>9	Q0	810308089_34521-35458-0-937	3	0.333333	run1
a2698b2973ea7db1ee5adb5e70ec02e4<::>9	Q0	865292047_10908-11347-0-439	4	0.250000	run1
a2698b2973ea7db1ee5adb5e70ec02e4<::>9	Q0	834226571_13727-14287-0-560	5	0.200000	run1
a2698b2973ea7db1ee5adb5e70ec02e4<::>9	Q0	848935469_9775-10037-0-262	6	0.166667	run1
a2698b2973ea7db1ee5adb5e70ec02e4<::>9	Q0	848935469_4492-5386-0-894	7	0.142857	run1
a2698b2973ea7db1ee5adb5e70ec02e4<::>9	Q0	848935469_50383-50882-0-499	8	0.125000	run1
a2698b2973ea7db1ee5adb5e70ec02e4<::>9	Q0	848935469_8066-8723-0-657	9	0.111111	run1
a2698b2973ea7db1ee5adb5e70ec02e4<::>9	Q0	815240122_66815-67011-0-196	10	0.100000	run1
a3f07e9ed5f257db6aecd30511f03af1<::>1	Q0	842831882_76-573-0-497	1	1.000000	run1
a3f07e9ed5f257db6aecd30511f03af1<::>1	Q0	842831882_574-1434-0-858	2	0.500000	run1
a3f07e9ed5f257db6aecd30511f03af1<::>1	Q0	842831882_8373-8539-0-166	3	0.333333	run1
a3f07e9ed5f257db6aecd30511f03af1<::>1	Q0	842831882_7809-8340-0-531	4	0.250000	run1
a3f07e9ed5f257db6aecd30511f03af1<::>1	Q0	842831882_29196-29596-0-400	5	0.200000	run1
a3f07e9ed5f257db6aecd30511f03af1<::>1	Q0	842831882_26726-28494-0-1767	6	0.166667	run1
a3f07e9ed5f257db6aecd30511f03af1<::>1	Q0	807568393_122-800-0-678	7	0.142857	run1
a3f07e9ed5f257db6aecd30511f03af1<::>1	Q0	842831882_10116-11025-0-909	8	0.125000	run1
a3f07e9ed5f257db6aecd30511f03af1<::>1	Q0	842831882_14196-15932-0-1736	9	0.111111	run1
a3f07e9ed5f257db6aecd30511f03af1<::>1	Q0	815422972_19469-20057-0-587	10	0.100000	run1
a3f07e9ed5f257db6aecd30511f03af1<::>2	Q0	842831882_574-1434-0-858	1	1.000000	run1
a3f07e9ed5f257db6aecd30511f03af1<::>2	Q0	842831882_76-573-0-497	2	0.500000	run1
a3f07e9ed5f257db6aecd30511f03af1<::>2	Q0	842831882_7809-8340-0-531	3	0.333333	run1
a3f07e9ed5f257db6aecd30511f03af1<::>2	Q0	842831882_29196-29596-0-400	4	0.250000	run1
a3f07e9ed5f257db6aecd30511f03af1<::>2	Q0	842831882_3333-4343-0-1010	5	0.200000	run1
a3f07e9ed5f257db6aecd30511f03af1<::>2	Q0	842831882_2117-2756-0-639	6	0.166667	run1
a3f07e9ed5f257db6aecd30511f03af1<::>2	Q0	842831882_26726-28494-0-1767	7	0.142857	run1
a3f07e9ed5f257db6aecd30511f03af1<::>2	Q0	842831882_8373-8539-0-166	8	0.125000	run1
a3f07e9ed5f257db6aecd30511f03af1<::>2	Q0	842831882_7409-7808-0-397	9	0.111111	run1
a3f07e9ed5f257db6aecd30511f03af1<::>2	Q0	842831882_11063-12245-0-1182	10	0.100000	run1
a3f07e9ed5f257db6aecd30511f03af1<::>3	Q0	842831882_76-573-0-497	1	1.000000	run1
a3f07e9ed5f257db6aecd30511f03af1<::>3	Q0	842831882_574-1434-0-858	2	0.500000	run1
a3f07e9ed5f257db6aecd30511f03af1<::>3	Q0	842831882_7809-8340-0-531	3	0.333333	run1
a3f07e9ed5f257db6aecd30511f03af1<::>3	Q0	842831882_20284-20861-0-577	4	0.250000	run1
a3f07e9ed5f257db6aecd30511f03af1<::>3	Q0	842831882_26726-28494-0-1767	5	0.200000	run1
a3f07e9ed5f257db6aecd30511f03af1<::>3	Q0	842831882_29196-29596-0-400	6	0.166667	run1
a3f07e9ed5f257db6aecd30511f03af1<::>3	Q0	842831882_3333-4343-0-1010	7	0.142857	run1
a3f07e9ed5f257db6aecd30511f03af1<::>3	Q0	842831882_2117-2756-0-639	8	0.125000	run1
a3f07e9ed5f257db6aecd30511f03af1<::>3	Q0	842831882_8373-8539-0-166	9	0.111111	run1
a3f07e9ed5f257db6aecd30511f03af1<::>3	Q0	842831882_19071-19285-0-214	10	0.100000	run1
a3f07e9ed5f257db6aecd30511f03af1<::>4	Q0	842831882_574-1434-0-858	1	1.000000	run1
a3f07e9ed5f257db6aecd30511f03af1<::>4	Q0	842831882_76-573-0-497	2	0.500000	run1
a3f07e9ed5f257db6aecd30511f03af1<::>4	Q0	842831882_29196-29596-0-400	3	0.333333	run1
a3f07e9ed5f257db6aecd30511f03af1<::>4	Q0	842831882_26726-28494-0-1767	4	0.250000	run1
a3f07e9ed5f257db6aecd30511f03af1<::>4	Q0	842831882_8373-8539-0-166	5	0.200000	run1
a3f07e9ed5f257db6aecd30511f03af1<::>4	Q0	842831882_3333-4343-0-1010	6	0.166667	run1
a3f07e9ed5f257db6aecd30511f03af1<::>4	Q0	842831882_7809-8340-0-531	7	0.142857	run1
a3f07e9ed5f257db6aecd30511f03af1<::>4	Q0	842831882_11063-12245-0-1182	8	0.125000	run1
a3f07e9ed5f257db6aecd30511f03af1<::>4	Q0	842831882_19071-19285-0-214	9	0.111111	run1
a3f07e9ed5f257db6aecd30511f03af1<::>4	Q0	842831882_14196-15932-0-1736	10	0.100000	run1
a3f07e9ed5f257db6aecd30511f03af1<::>5	Q0	834210179_30364-31402-0-1038	1	1.000000	run1
a3f07e9ed5f257db6aecd30511f03af1<::>5	Q0	837756128_23667-29241-2091-3246	2	0.500000	run1
a3f07e9ed5f257db6aecd30511f03af1<::>5	Q0	834210179_3380-3836-0-456	3	0.333333	run1
a3f07e9ed5f257db6aecd30511f03af1<::>5	Q0	837756128_23667-29241-3247-4396	4	0.250000	run1
a3f07e9ed5f257db6aecd30511f03af1<::>5	Q0	826807874_34243-34708-0-465	5	0.200000	run1
a3f07e9ed5f257db6aecd30511f03af1<::>5	Q0	834210179_144-954-0-805	6	0.166667	run1
a3f07e9ed5f257db6aecd30511f03af1<::>5	Q0	838008890_18994-19394-0-400	7	0.142857	run1
a3f07e9ed5f257db6aecd30511f03af1<::>5	Q0	815422972_19469-20057-0-587	8	0.125000	run1
a3f07e9ed5f257db6aecd30511f03af1<::>5	Q0	807568393_5361-5612-0-251	9	0.111111	run1
a3f07e9ed5f257db6aecd30511f03af1<::>5	Q0	826807874_34709-35635-0-926	10	0.100000	run1
a3f07e9ed5f257db6aecd30511f03af1<::>6	Q0	826807874_3382-4136-0-753	1	1.000000	run1
a3f07e9ed5f257db6aecd30511f03af1<::>6	Q0	834210179_30364-31402-0-1038	2	0.500000	run1
a3f07e9ed5f257db6aecd30511f03af1<::>6	Q0	826807874_33186-34242-0-1056	3	0.333333	run1
a3f07e9ed5f257db6aecd30511f03af1<::>6	Q0	826851894_33243-33487-0-244	4	0.250000	run1
a3f07e9ed5f257db6aecd30511f03af1<::>6	Q0	837756128_2628-4170-0-1542	5	0.200000	run1
a3f07e9ed5f257db6aecd30511f03af1<::>6	Q0	826851894_3118-3779-0-661	6	0.166667	run1
a3f07e9ed5f257db6aecd30511f03af1<::>6	Q0	826851894_34726-35214-0-488	7	0.142857	run1
a3f07e9ed5f257db6aecd30511f03af1<::>6	Q0	837756128_185-1406-0-1221	8	0.125000	run1
a3f07e9ed5f257db6aecd30511f03af1<::>6	Q0	837756128_1407-2301-0-894	9	0.111111	run1
a3f07e9ed5f257db6aecd30511f03af1<::>6	Q0	826851894_24775-25161-0-386	10	0.100000	run1
6a738cc02c5aa0b74319acd0e8a809dd<::>1	Q0	836413300_446-1385-0-939	1	1.000000	run1
6a738cc02c5aa0b74319acd0e8a809dd<::>1	Q0	836413300_12271-12560-0-289	2	0.500000	run1
6a738cc02c5aa0b74319acd0e8a809dd<::>1	Q0	836413300_14735-15544-0-809	3	0.333333	run1
6a738cc02c5aa0b74319acd0e8a809dd<::>1	Q0	836413300_28841-32202-0-2485	4	0.250000	run1
6a738cc02c5aa0b74319acd0e8a809dd<::>1	Q0	836413300_21439-22869-0-1430	5	0.200000	run1
6a738cc02c5aa0b74319acd0e8a809dd<::>1	Q0	836413300_12619-12940-0-321	6	0.166667	run1
6a738cc02c5aa0b74319acd0e8a809dd<::>1	Q0	836413300_2341-3664-0-1323	7	0.142857	run1
6a738cc02c5aa0b74319acd0e8a809dd<::>1	Q0	836413300_9931-10265-0-334	8	0.125000	run1
6a738cc02c5aa0b74319acd0e8a809dd<::>1	Q0	836413300_10437-10893-0-456	9	0.111111	run1
6a738cc02c5aa0b74319acd0e8a809dd<::>1	Q0	836413300_14010-14176-0-166	10	0.100000	run1
6a738cc02c5aa0b74319acd0e8a809dd<::>3	Q0	836413300_28841-32202-0-2485	1	1.000000	run1
6a738cc02c5aa0b74319acd0e8a809dd<::>3	Q0	836413300_446-1385-0-939	2	0.500000	run1
6a738cc02c5aa0b74319acd0e8a809dd<::>3	Q0	836413300_2341-3664-0-1323	3	0.333333	run1
6a738cc02c5aa0b74319acd0e8a809dd<::>3	Q0	836413300_21439-22869-0-1430	4	0.250000	run1
6a738cc02c5aa0b74319acd0e8a809dd<::>3	Q0	836413300_10437-10893-0-456	5	0.200000	run1
6a738cc02c5aa0b74319acd0e8a809dd<::>3	Q0	836413300_28267-28840-0-573	6	0.166667	run1
6a738cc02c5aa0b74319acd0e8a809dd<::>3	Q0	852851492_8880-9208-0-328	7	0.142857	run1
6a738cc02c5aa0b74319acd0e8a809dd<::>3	Q0	836413300_28841-32202-1800-3361	8	0.125000	run1
6a738cc02c5aa0b74319acd0e8a809dd<::>3	Q0	844025991_10471-12925-1583-2454	9	0.111111	run1
6a738cc02c5aa0b74319acd0e8a809dd<::>3	Q0	836413300_7558-7994-0-436	10	0.100000	run1
6a738cc02c5aa0b74319acd0e8a809dd<::>4	Q0	836413300_14010-14176-0-166	1	1.000000	run1
6a738cc02c5aa0b74319acd0e8a809dd<::>4	Q0	836413300_10980-12270-0-1290	2	0.500000	run1
6a738cc02c5aa0b74319acd0e8a809dd<::>4	Q0	866342496_16680-18138-0-1458	3	0.333333	run1
6a738cc02c5aa0b74319acd0e8a809dd<::>4	Q0	849846855_26973-27275-0-302	4	0.250000	run1
6a738cc02c5aa0b74319acd0e8a809dd<::>4	Q0	836413300_7558-7994-0-436	5	0.200000	run1
6a738cc02c5aa0b74319acd0e8a809dd<::>4	Q0	836413300_9931-10265-0-334	6	0.166667	run1
6a738cc02c5aa0b74319acd0e8a809dd<::>4	Q0	836800285_13637-14395-0-758	7	0.142857	run1
6a738cc02c5aa0b74319acd0e8a809dd<::>4	Q0	836413300_17279-17477-0-198	8	0.125000	run1
6a738cc02c5aa0b74319acd0e8a809dd<::>4	Q0	849846855_14931-15401-0-470	9	0.111111	run1
6a738cc02c5aa0b74319acd0e8a809dd<::>4	Q0	841302782_2895-4854-0-1959	10	0.100000	run1
6a738cc02c5aa0b74319acd0e8a809dd<::>5	Q0	836413300_10980-12270-0-1290	1	1.000000	run1
6a738cc02c5aa0b74319acd0e8a809dd<::>5	Q0	836800285_15347-16002-0-655	2	0.500000	run1
6a738cc02c5aa0b74319acd0e8a809dd<::>5	Q0	836800285_13637-14395-0-758	3	0.333333	run1
6a738cc02c5aa0b74319acd0e8a809dd<::>5	Q0	849846855_26973-27275-0-302	4	0.250000	run1
6a738cc02c5aa0b74319acd0e8a809dd<::>5	Q0	849846855_7090-7388-0-298	5	0.200000	run1
6a738cc02c5aa0b74319acd0e8a809dd<::>5	Q0	836800285_11987-12802-0-815	6	0.166667	run1
6a738cc02c5aa0b74319acd0e8a809dd<::>5	Q0	836413300_14735-15544-0-809	7	0.142857	run1
6a738cc02c5aa0b74319acd0e8a809dd<::>5	Q0	836413300_14010-14176-0-166	8	0.125000	run1
6a738cc02c5aa0b74319acd0e8a809dd<::>5	Q0	866342496_16680-18138-0-1458	9	0.111111	run1
6a738cc02c5aa0b74319acd0e8a809dd<::>5	Q0	849846855_14931-15401-0-470	10	0.100000	run1
6a738cc02c5aa0b74319acd0e8a809dd<::>6	Q0	836413300_10980-12270-0-1290	1	1.000000	run1
6a738cc02c5aa0b74319acd0e8a809dd<::>6	Q0	836413300_8591-8847-0-256	2	0.500000	run1
6a738cc02c5aa0b74319acd0e8a809dd<::>6	Q0	836413300_14735-15544-0-809	3	0.333333	run1
6a738cc02c5aa0b74319acd0e8a809dd<::>6	Q0	836413300_446-1385-0-939	4	0.250000	run1
6a738cc02c5aa0b74319acd0e8a809dd<::>6	Q0	836413300_10437-10893-0-456	5	0.200000	run1
6a738cc02c5aa0b74319acd0e8a809dd<::>6	Q0	836413300_7558-7994-0-436	6	0.166667	run1
6a738cc02c5aa0b74319acd0e8a809dd<::>6	Q0	836413300_10322-10436-0-114	7	0.142857	run1
6a738cc02c5aa0b74319acd0e8a809dd<::>6	Q0	836413300_3763-4293-0-530	8	0.125000	run1
6a738cc02c5aa0b74319acd0e8a809dd<::>6	Q0	836413300_15988-16869-0-881	9	0.111111	run1
6a738cc02c5aa0b74319acd0e8a809dd<::>6	Q0	836413300_28267-28840-0-573	10	0.100000	run1
6a738cc02c5aa0b74319acd0e8a809dd<::>7	Q0	818981440_2524-2747-0-223	1	1.000000	run1
6a738cc02c5aa0b74319acd0e8a809dd<::>7	Q0	801197945_2962-4235-0-1273	2	0.500000	run1
6a738cc02c5aa0b74319acd0e8a809dd<::>7	Q0	804513106_10951-11598-0-647	3	0.333333	run1
6a738cc02c5aa0b74319acd0e8a809dd<::>7	Q0	836413300_19462-19738-0-276	4	0.250000	run1
6a738cc02c5aa0b74319acd0e8a809dd<::>7	Q0	801197945_1529-2276-0-747	5	0.200000	run1
6a738cc02c5aa0b74319acd0e8a809dd<::>7	Q0	801197945_4236-4818-0-582	6	0.166667	run1
6a738cc02c5aa0b74319acd0e8a809dd<::>7	Q0	801197945_8054-9488-0-1434	7	0.142857	run1
6a738cc02c5aa0b74319acd0e8a809dd<::>7	Q0	836413300_20320-20591-0-271	8	0.125000	run1
6a738cc02c5aa0b74319acd0e8a809dd<::>7	Q0	836413300_20617-20897-0-280	9	0.111111	run1
6a738cc02c5aa0b74319acd0e8a809dd<::>7	Q0	801717519_18188-18952-0-764	10	0.100000	run1
6a738cc02c5aa0b74319acd0e8a809dd<::>8	Q0	801197945_115-609-0-494	1	1.000000	run1
6a738cc02c5aa0b74319acd0e8a809dd<::>8	Q0	801197945_32696-33417-0-721	2	0.500000	run1
6a738cc02c5aa0b74319acd0e8a809dd<::>8	Q0	801197945_14967-15359-0-392	3	0.333333	run1
6a738cc02c5aa0b74319acd0e8a809dd<::>8	Q0	801197945_21201-21312-0-111	4	0.250000	run1
6a738cc02c5aa0b74319acd0e8a809dd<::>8	Q0	801197945_24141-24422-0-281	5	0.200000	run1
6a738cc02c5aa0b74319acd0e8a809dd<::>8	Q0	801197945_14832-14940-0-108	6	0.166667	run1
6a738cc02c5aa0b74319acd0e8a809dd<::>8	Q0	801197945_4819-5547-0-728	7	0.142857	run1
6a738cc02c5aa0b74319acd0e8a809dd<::>8	Q0	801197945_2962-4235-0-1273	8	0.125000	run1
6a738cc02c5aa0b74319acd0e8a809dd<::>8	Q0	801197945_28858-28961-0-103	9	0.111111	run1
6a738cc02c5aa0b74319acd0e8a809dd<::>8	Q0	801197945_15360-16493-0-1133	10	0.100000	run1
6a738cc02c5aa0b74319acd0e8a809dd<::>9	Q0	801197945_22337-23360-0-1023	1	1.000000	run1
6a738cc02c5aa0b74319acd0e8a809dd<::>9	Q0	801197945_4819-5547-0-728	2	0.500000	run1
6a738cc02c5aa0b74319acd0e8a809dd<::>9	Q0	801197945_24423-25987-0-1564	3	0.333333	run1
6a738cc02c5aa0b74319acd0e8a809dd<::>9	Q0	801197945_8054-9488-0-1434	4	0.250000	run1
6a738cc02c5aa0b74319acd0e8a809dd<::>9	Q0	801197945_23361-24140-0-779	5	0.200000	run1
6a738cc02c5aa0b74319acd0e8a809dd<::>9	Q0	801197945_24141-24422-0-281	6	0.166667	run1
6a738cc02c5aa0b74319acd0e8a809dd<::>9	Q0	801197945_115-609-0-494	7	0.142857	run1
6a738cc02c5aa0b74319acd0e8a809dd<::>9	Q0	801197945_6803-7644-0-841	8	0.125000	run1
6a738cc02c5aa0b74319acd0e8a809dd<::>9	Q0	801197945_28858-28961-0-103	9	0.111111	run1
6a738cc02c5aa0b74319acd0e8a809dd<::>9	Q0	801197945_32696-33417-0-721	10	0.100000	run1
95a0893567c7519c090ecbcdd14daccd<::>1	Q0	846282869_1580-2418-0-838	1	1.000000	run1
95a0893567c7519c090ecbcdd14daccd<::>1	Q0	801328598_150-638-0-488	2	0.500000	run1
95a0893567c7519c090ecbcdd14daccd<::>1	Q0	846282869_4117-4261-0-144	3	0.333333	run1
95a0893567c7519c090ecbcdd14daccd<::>1	Q0	846282869_2966-3838-0-872	4	0.250000	run1
95a0893567c7519c090ecbcdd14daccd<::>1	Q0	846282869_191-787-0-560	5	0.200000	run1
95a0893567c7519c090ecbcdd14daccd<::>1	Q0	846282869_17224-17916-0-692	6	0.166667	run1
95a0893567c7519c090ecbcdd14daccd<::>1	Q0	846282869_15782-16042-0-260	7	0.142857	run1
95a0893567c7519c090ecbcdd14daccd<::>1	Q0	801328598_1731-2271-0-540	8	0.125000	run1
95a0893567c7519c090ecbcdd14daccd<::>1	Q0	812329835_29999-30334-0-335	9	0.111111	run1
95a0893567c7519c090ecbcdd14daccd<::>1	Q0	846282869_27877-28228-0-351	10	0.100000	run1
95a0893567c7519c090ecbcdd14daccd<::>2	Q0	801328598_1731-2271-0-540	1	1.000000	run1
95a0893567c7519c090ecbcdd14daccd<::>2	Q0	846282869_1580-2418-0-838	2	0.500000	run1
95a0893567c7519c090ecbcdd14daccd<::>2	Q0	801328598_59794-61430-0-1635	3	0.333333	run1
95a0893567c7519c090ecbcdd14daccd<::>2	Q0	846282869_191-787-0-560	4	0.250000	run1
95a0893567c7519c090ecbcdd14daccd<::>2	Q0	846282869_17224-17916-0-692	5	0.200000	run1
95a0893567c7519c090ecbcdd14daccd<::>2	Q0	846282869_26679-27240-0-561	6	0.166667	run1
95a0893567c7519c090ecbcdd14daccd<::>2	Q0	846282869_27877-28228-0-351	7	0.142857	run1
95a0893567c7519c090ecbcdd14daccd<::>2	Q0	846282869_19430-19815-0-385	8	0.125000	run1
95a0893567c7519c090ecbcdd14daccd<::>2	Q0	846282869_2966-3838-0-872	9	0.111111	run1
95a0893567c7519c090ecbcdd14daccd<::>2	Q0	846282869_15228-15651-0-423	10	0.100000	run1
95a0893567c7519c090ecbcdd14daccd<::>3	Q0	801328598_1429-1730-0-301	1	1.000000	run1
95a0893567c7519c090ecbcdd14daccd<::>3	Q0	846282869_2419-2965-0-546	2	0.500000	run1
95a0893567c7519c090ecbcdd14daccd<::>3	Q0	801328598_71797-72744-0-947	3	0.333333	run1
95a0893567c7519c090ecbcdd14daccd<::>3	Q0	801328598_68591-69060-0-469	4	0.250000	run1
95a0893567c7519c090ecbcdd14daccd<::>3	Q0	846282869_7770-9663-0-1893	5	0.200000	run1
95a0893567c7519c090ecbcdd14daccd<::>3	Q0	846282869_19534-20837-0-1303	6	0.166667	run1
95a0893567c7519c090ecbcdd14daccd<::>3	Q0	801328598_59268-59619-0-351	7	0.142857	run1
95a0893567c7519c090ecbcdd14daccd<::>3	Q0	801328598_39460-39827-0-367	8	0.125000	run1
95a0893567c7519c090ecbcdd14daccd<::>3	Q0	801328598_15083-16504-0-1417	9	0.111111	run1
95a0893567c7519c090ecbcdd14daccd<::>3	Q0	801328598_49234-49869-0-627	10	0.100000	run1
95a0893567c7519c090ecbcdd14daccd<::>4	Q0	801328598_11868-12016-0-148	1	1.000000	run1
95a0893567c7519c090ecbcdd14daccd<::>4	Q0	801328598_16571-17855-0-1284	2	0.500000	run1
95a0893567c7519c090ecbcdd14daccd<::>4	Q0	851084667_13930-14442-0-512	3	0.333333	run1
95a0893567c7519c090ecbcdd14daccd<::>4	Q0	801328598_150-638-0-488	4	0.250000	run1
95a0893567c7519c090ecbcdd14daccd<::>4	Q0	846282869_1580-2418-0-838	5	0.200000	run1
95a0893567c7519c090ecbcdd14daccd<::>4	Q0	801408202_23975-24841-0-866	6	0.166667	run1
95a0893567c7519c090ecbcdd14daccd<::>4	Q0	801328598_13594-15082-0-1488	7	0.142857	run1
95a0893567c7519c090ecbcdd14daccd<::>4	Q0	855235711_19217-19363-0-146	8	0.125000	run1
95a0893567c7519c090ecbcdd14daccd<::>4	Q0	801328598_17856-18820-0-960	9	0.111111	run1
95a0893567c7519c090ecbcdd14daccd<::>4	Q0	808154621_9797-10076-0-279	10	0.100000	run1
95a0893567c7519c090ecbcdd14daccd<::>5	Q0	801328598_20509-20945-0-436	1	1.000000	run1
95a0893567c7519c090ecbcdd14daccd<::>5	Q0	801328598_16571-17855-0-1284	2	0.500000	run1
95a0893567c7519c090ecbcdd14daccd<::>5	Q0	847310442_3800-4576-0-747	3	0.333333	run1
95a0893567c7519c090ecbcdd14daccd<::>5	Q0	846612211_131202-131675-0-473	4	0.250000	run1
95a0893567c7519c090ecbcdd14daccd<::>5	Q0	801328598_20946-21419-0-473	5	0.200000	run1
95a0893567c7519c090ecbcdd14daccd<::>5	Q0	846612211_130408-130730-0-322	6	0.166667	run1
95a0893567c7519c090ecbcdd14daccd<::>5	Q0	811374371_21062-21621-0-559	7	0.142857	run1
95a0893567c7519c090ecbcdd14daccd<::>5	Q0	801328598_18821-19699-0-878	8	0.125000	run1
95a0893567c7519c090ecbcdd14daccd<::>5	Q0	843571158_23996-24705-0-709	9	0.111111	run1
95a0893567c7519c090ecbcdd14daccd<::>5	Q0	801328598_17856-18820-0-960	10	0.100000	run1
95a0893567c7519c090ecbcdd14daccd<::>6	Q0	801328598_1731-2271-0-540	1	1.000000	run1
95a0893567c7519c090ecbcdd14daccd<::>6	Q0	846282869_17224-17916-0-692	2	0.500000	run1
95a0893567c7519c090ecbcdd14daccd<::>6	Q0	846282869_15228-15651-0-423	3	0.333333	run1
95a0893567c7519c090ecbcdd14daccd<::>6	Q0	801328598_69061-69836-0-759	4	0.250000	run1
95a0893567c7519c090ecbcdd14daccd<::>6	Q0	846282869_4117-4261-0-144	5	0.200000	run1
95a0893567c7519c090ecbcdd14daccd<::>6	Q0	846282869_1580-2418-0-838	6	0.166667	run1
95a0893567c7519c090ecbcdd14daccd<::>6	Q0	801328598_64354-64615-0-261	7	0.142857	run1
95a0893567c7519c090ecbcdd14daccd<::>6	Q0	801328598_63947-64353-0-406	8	0.125000	run1
95a0893567c7519c090ecbcdd14daccd<::>6	Q0	846282869_191-787-0-560	9	0.111111	run1
95a0893567c7519c090ecbcdd14daccd<::>6	Q0	846282869_15782-16042-0-260	10	0.100000	run1
aea2634b0e5f1c2444550d31c41adc94<::>1	Q0	834188205_8571-9285-0-714	1	1.000000	run1
aea2634b0e5f1c2444550d31c41adc94<::>1	Q0	834188205_1272-2165-0-891	2	0.500000	run1
aea2634b0e5f1c2444550d31c41adc94<::>1	Q0	834188205_251-1271-0-1018	3	0.333333	run1
aea2634b0e5f1c2444550d31c41adc94<::>1	Q0	834188205_7556-8521-0-965	4	0.250000	run1
aea2634b0e5f1c2444550d31c41adc94<::>1	Q0	834188205_25908-26068-0-160	5	0.200000	run1
aea2634b0e5f1c2444550d31c41adc94<::>1	Q0	834188205_15835-16436-0-601	6	0.166667	run1
aea2634b0e5f1c2444550d31c41adc94<::>1	Q0	834188205_2166-2927-0-760	7	0.142857	run1
aea2634b0e5f1c2444550d31c41adc94<::>1	Q0	834188205_9951-10695-0-744	8	0.125000	run1
aea2634b0e5f1c2444550d31c41adc94<::>1	Q0	834188205_6801-7492-0-691	9	0.111111	run1
aea2634b0e5f1c2444550d31c41adc94<::>1	Q0	834188205_35070-35395-0-325	10	0.100000	run1
aea2634b0e5f1c2444550d31c41adc94<::>2	Q0	834188205_1272-2165-0-891	1	1.000000	run1
aea2634b0e5f1c2444550d31c41adc94<::>2	Q0	834188205_30111-30591-0-480	2	0.500000	run1
aea2634b0e5f1c2444550d31c41adc94<::>2	Q0	834188205_8571-9285-0-714	3	0.333333	run1
aea2634b0e5f1c2444550d31c41adc94<::>2	Q0	834188205_2166-2927-0-760	4	0.250000	run1
aea2634b0e5f1c2444550d31c41adc94<::>2	Q0	834188205_7556-8521-0-965	5	0.200000	run1
aea2634b0e5f1c2444550d31c41adc94<::>2	Q0	834188205_49428-49661-0-233	6	0.166667	run1
aea2634b0e5f1c2444550d31c41adc94<::>2	Q0	834188205_34422-34758-0-336	7	0.142857	run1
aea2634b0e5f1c2444550d31c41adc94<::>2	Q0	834188205_2928-3229-0-301	8	0.125000	run1
aea2634b0e5f1c2444550d31c41adc94<::>2	Q0	834188205_18250-18688-0-438	9	0.111111	run1
aea2634b0e5f1c2444550d31c41adc94<::>2	Q0	834188205_251-1271-0-1018	10	0.100000	run1
aea2634b0e5f1c2444550d31c41adc94<::>3	Q0	866379367_9227-9404-0-177	1	1.000000	run1
aea2634b0e5f1c2444550d31c41adc94<::>3	Q0	866379367_4423-4624-0-201	2	0.500000	run1
aea2634b0e5f1c2444550d31c41adc94<::>3	Q0	819529415_78000-78174-0-174	3	0.333333	run1
aea2634b0e5f1c2444550d31c41adc94<::>3	Q0	853841453_32621-33227-0-606	4	0.250000	run1
aea2634b0e5f1c2444550d31c41adc94<::>3	Q0	857118384_17490-17653-0-163	5	0.200000	run1
aea2634b0e5f1c2444550d31c41adc94<::>3	Q0	836459607_17214-17578-0-364	6	0.166667	run1
aea2634b0e5f1c2444550d31c41adc94<::>3	Q0	834215913_43424-43740-0-316	7	0.142857	run1
aea2634b0e5f1c2444550d31c41adc94<::>3	Q0	802083395_8687-9313-0-626	8	0.125000	run1
aea2634b0e5f1c2444550d31c41adc94<::>3	Q0	802083395_2306-2524-0-218	9	0.111111	run1
aea2634b0e5f1c2444550d31c41adc94<::>3	Q0	817115950_2342-3778-0-1436	10	0.100000	run1
aea2634b0e5f1c2444550d31c41adc94<::>4	Q0	866379367_229-514-0-285	1	1.000000	run1
aea2634b0e5f1c2444550d31c41adc94<::>4	Q0	866379367_7371-7458-0-87	2	0.500000	run1
aea2634b0e5f1c2444550d31c41adc94<::>4	Q0	866379367_5928-6323-0-387	3	0.333333	run1
aea2634b0e5f1c2444550d31c41adc94<::>4	Q0	866379367_2657-2829-0-172	4	0.250000	run1
aea2634b0e5f1c2444550d31c41adc94<::>4	Q0	866379367_6324-6973-0-649	5	0.200000	run1
aea2634b0e5f1c2444550d31c41adc94<::>4	Q0	866379367_6974-7370-0-396	6	0.166667	run1
aea2634b0e5f1c2444550d31c41adc94<::>4	Q0	866379367_515-960-0-445	7	0.142857	run1
aea2634b0e5f1c2444550d31c41adc94<::>4	Q0	866379367_4625-4970-0-345	8	0.125000	run1
aea2634b0e5f1c2444550d31c41adc94<::>4	Q0	866379367_1820-2633-0-813	9	0.111111	run1
aea2634b0e5f1c2444550d31c41adc94<::>4	Q0	866379367_7475-8117-0-642	10	0.100000	run1
aea2634b0e5f1c2444550d31c41adc94<::>5	Q0	822183230_146240-147115-0-875	1	1.000000	run1
aea2634b0e5f1c2444550d31c41adc94<::>5	Q0	834188205_51385-51606-0-221	2	0.500000	run1
aea2634b0e5f1c2444550d31c41adc94<::>5	Q0	800798238_29278-29507-0-229	3	0.333333	run1
aea2634b0e5f1c2444550d31c41adc94<::>5	Q0	834188205_18250-18688-0-438	4	0.250000	run1
aea2634b0e5f1c2444550d31c41adc94<::>5	Q0	834188205_18689-19259-0-570	5	0.200000	run1
aea2634b0e5f1c2444550d31c41adc94<::>5	Q0	853841453_32491-32620-0-129	6	0.166667	run1
aea2634b0e5f1c2444550d31c41adc94<::>5	Q0	807294979_59345-59720-0-375	7	0.142857	run1
aea2634b0e5f1c2444550d31c41adc94<::>5	Q0	850460203_33453-33826-0-373	8	0.125000	run1
aea2634b0e5f1c2444550d31c41adc94<::>5	Q0	807294979_57607-58152-0-545	9	0.111111	run1
aea2634b0e5f1c2444550d31c41adc94<::>5	Q0	854138543_35823-36201-0-378	10	0.100000	run1
aea2634b0e5f1c2444550d31c41adc94<::>8	Q0	834188205_43780-44387-0-607	1	1.000000	run1
aea2634b0e5f1c2444550d31c41adc94<::>8	Q0	834188205_47455-47998-0-543	2	0.500000	run1
aea2634b0e5f1c2444550d31c41adc94<::>8	Q0	834188205_46876-47454-0-578	3	0.333333	run1
aea2634b0e5f1c2444550d31c41adc94<::>8	Q0	834188205_43468-43764-0-296	4	0.250000	run1
aea2634b0e5f1c2444550d31c41adc94<::>8	Q0	834188205_18250-18688-0-438	5	0.200000	run1
aea2634b0e5f1c2444550d31c41adc94<::>8	Q0	836048634_2846-3244-0-398	6	0.166667	run1
aea2634b0e5f1c2444550d31c41adc94<::>8	Q0	850284707_55990-56555-0-565	7	0.142857	run1
aea2634b0e5f1c2444550d31c41adc94<::>8	Q0	857125726_80987-81993-0-1005	8	0.125000	run1
aea2634b0e5f1c2444550d31c41adc94<::>8	Q0	838023554_15002-15404-0-402	9	0.111111	run1
aea2634b0e5f1c2444550d31c41adc94<::>8	Q0	834188205_45449-46123-0-674	10	0.100000	run1
717ca9138f07b4621887812f47499d74<::>1	Q0	834324633_11142-12231-0-1089	1	1.000000	run1
717ca9138f07b4621887812f47499d74<::>1	Q0	832625244_11398-12328-0-930	2	0.500000	run1
717ca9138f07b4621887812f47499d74<::>1	Q0	836109619_22366-23194-0-826	3	0.333333	run1
717ca9138f07b4621887812f47499d74<::>1	Q0	801917418_13275-14045-0-769	4	0.250000	run1
717ca9138f07b4621887812f47499d74<::>1	Q0	834324633_12232-12814-0-582	5	0.200000	run1
717ca9138f07b4621887812f47499d74<::>1	Q0	853113559_13758-14534-0-775	6	0.166667	run1
717ca9138f07b4621887812f47499d74<::>1	Q0	834324633_27860-28486-0-626	7	0.142857	run1
717ca9138f07b4621887812f47499d74<::>1	Q0	834324633_29274-29736-0-462	8	0.125000	run1
717ca9138f07b4621887812f47499d74<::>1	Q0	834324633_45649-46118-0-469	9	0.111111	run1
717ca9138f07b4621887812f47499d74<::>1	Q0	799589068_74681-75627-0-945	10	0.100000	run1
717ca9138f07b4621887812f47499d74<::>2	Q0	826231264_46021-48297-0-2004	1	1.000000	run1
717ca9138f07b4621887812f47499d74<::>2	Q0	826231264_649-1551-0-902	2	0.500000	run1
717ca9138f07b4621887812f47499d74<::>2	Q0	826231264_15358-17921-0-2344	3	0.333333	run1
717ca9138f07b4621887812f47499d74<::>2	Q0	834324633_1693-2291-0-598	4	0.250000	run1
717ca9138f07b4621887812f47499d74<::>2	Q0	826231264_1552-2320-0-767	5	0.200000	run1
717ca9138f07b4621887812f47499d74<::>2	Q0	826231264_15358-17921-1817-2563	6	0.166667	run1
717ca9138f07b4621887812f47499d74<::>2	Q0	826231264_188-648-0-460	7	0.142857	run1
717ca9138f07b4621887812f47499d74<::>2	Q0	826231264_30317-32490-0-2173	8	0.125000	run1
717ca9138f07b4621887812f47499d74<::>2	Q0	826231264_17922-20342-0-2420	9	0.111111	run1
717ca9138f07b4621887812f47499d74<::>2	Q0	826231264_46021-48297-1595-2276	10	0.100000	run1
717ca9138f07b4621887812f47499d74<::>3	Q0	866268349_22317-22424-0-107	1	1.000000	run1
717ca9138f07b4621887812f47499d74<::>3	Q0	834324633_1693-2291-0-598	2	0.500000	run1
717ca9138f07b4621887812f47499d74<::>3	Q0	846256872_11731-11806-0-75	3	0.333333	run1
717ca9138f07b4621887812f47499d74<::>3	Q0	834324633_2659-3131-0-472	4	0.250000	run1
717ca9138f07b4621887812f47499d74<::>3	Q0	854352625_2518-3353-0-835	5	0.200000	run1
717ca9138f07b4621887812f47499d74<::>3	Q0	834324633_51995-52811-0-816	6	0.166667	run1
717ca9138f07b4621887812f47499d74<::>3	Q0	849295900_28480-29128-0-648	7	0.142857	run1
717ca9138f07b4621887812f47499d74<::>3	Q0	834324633_43497-44459-0-962	8	0.125000	run1
717ca9138f07b4621887812f47499d74<::>3	Q0	810104740_7716-8066-0-350	9	0.111111	run1
717ca9138f07b4621887812f47499d74<::>3	Q0	834324633_58969-60218-0-1249	10	0.100000	run1
717ca9138f07b4621887812f47499d74<::>4	Q0	835664641_2741-3495-0-754	1	1.000000	run1
717ca9138f07b4621887812f47499d74<::>4	Q0	834324633_3132-3816-0-684	2	0.500000	run1
717ca9138f07b4621887812f47499d74<::>4	Q0	856668085_34626-34775-0-149	3	0.333333	run1
717ca9138f07b4621887812f47499d74<::>4	Q0	834324633_55226-56043-0-814	4	0.250000	run1
717ca9138f07b4621887812f47499d74<::>4	Q0	866375019_10314-10471-0-157	5	0.200000	run1
717ca9138f07b4621887812f47499d74<::>4	Q0	834324633_56044-56348-0-304	6	0.166667	run1
717ca9138f07b4621887812f47499d74<::>4	Q0	856560481_54833-56022-0-1189	7	0.142857	run1
717ca9138f07b4621887812f47499d74<::>4	Q0	834324633_56905-57005-0-100	8	0.125000	run1
717ca9138f07b4621887812f47499d74<::>4	Q0	815948378_952-1117-0-165	9	0.111111	run1
717ca9138f07b4621887812f47499d74<::>4	Q0	834324633_42656-43488-0-832	10	0.100000	run1
717ca9138f07b4621887812f47499d74<::>5	Q0	834324633_12232-12814-0-582	1	1.000000	run1
717ca9138f07b4621887812f47499d74<::>5	Q0	834324633_43497-44459-0-962	2	0.500000	run1
717ca9138f07b4621887812f47499d74<::>5	Q0	834324633_51995-52811-0-816	3	0.333333	run1
717ca9138f07b4621887812f47499d74<::>5	Q0	814500964_17253-17681-0-428	4	0.250000	run1
717ca9138f07b4621887812f47499d74<::>5	Q0	834324633_41740-42582-0-842	5	0.200000	run1
717ca9138f07b4621887812f47499d74<::>5	Q0	834324633_11142-12231-0-1089	6	0.166667	run1
717ca9138f07b4621887812f47499d74<::>5	Q0	834324633_2659-3131-0-472	7	0.142857	run1
717ca9138f07b4621887812f47499d74<::>5	Q0	826231264_17922-20342-0-2420	8	0.125000	run1
717ca9138f07b4621887812f47499d74<::>5	Q0	834324633_38245-38608-0-363	9	0.111111	run1
717ca9138f07b4621887812f47499d74<::>5	Q0	834324633_31272-32601-0-1329	10	0.100000	run1
717ca9138f07b4621887812f47499d74<::>6	Q0	834324633_11142-12231-0-1089	1	1.000000	run1
717ca9138f07b4621887812f47499d74<::>6	Q0	826231264_17922-20342-0-2420	2	0.500000	run1
717ca9138f07b4621887812f47499d74<::>6	Q0	834324633_12232-12814-0-582	3	0.333333	run1
717ca9138f07b4621887812f47499d74<::>6	Q0	801917418_13275-14045-0-769	4	0.250000	run1
717ca9138f07b4621887812f47499d74<::>6	Q0	807526721_17122-17642-0-520	5	0.200000	run1
717ca9138f07b4621887812f47499d74<::>6	Q0	854835457_23888-24312-0-424	6	0.166667	run1
717ca9138f07b4621887812f47499d74<::>6	Q0	834324633_42656-43488-0-832	7	0.142857	run1
717ca9138f07b4621887812f47499d74<::>6	Q0	853113559_13758-14534-0-775	8	0.125000	run1
717ca9138f07b4621887812f47499d74<::>6	Q0	834324633_45649-46118-0-469	9	0.111111	run1
717ca9138f07b4621887812f47499d74<::>6	Q0	866468357_9336-9948-0-611	10	0.100000	run1
717ca9138f07b4621887812f47499d74<::>7	Q0	866148608_6783-7438-0-655	1	1.000000	run1
717ca9138f07b4621887812f47499d74<::>7	Q0	834324633_56044-56348-0-304	2	0.500000	run1
717ca9138f07b4621887812f47499d74<::>7	Q0	846256872_4563-5066-0-503	3	0.333333	run1
717ca9138f07b4621887812f47499d74<::>7	Q0	826031936_6033-6319-0-286	4	0.250000	run1
717ca9138f07b4621887812f47499d74<::>7	Q0	838528924_2813-3180-0-367	5	0.200000	run1
717ca9138f07b4621887812f47499d74<::>7	Q0	834324633_33076-34076-0-1000	6	0.166667	run1
717ca9138f07b4621887812f47499d74<::>7	Q0	800075295_11465-11721-0-256	7	0.142857	run1
717ca9138f07b4621887812f47499d74<::>7	Q0	834324633_34077-35207-0-1130	8	0.125000	run1
717ca9138f07b4621887812f47499d74<::>7	Q0	846256872_15885-16051-0-166	9	0.111111	run1
717ca9138f07b4621887812f47499d74<::>7	Q0	834324633_2659-3131-0-472	10	0.100000	run1
717ca9138f07b4621887812f47499d74<::>8	Q0	834324633_50397-51224-0-827	1	1.000000	run1
717ca9138f07b4621887812f47499d74<::>8	Q0	834324633_3132-3816-0-684	2	0.500000	run1
717ca9138f07b4621887812f47499d74<::>8	Q0	838528924_2813-3180-0-367	3	0.333333	run1
717ca9138f07b4621887812f47499d74<::>8	Q0	841719735_39505-39868-0-363	4	0.250000	run1
717ca9138f07b4621887812f47499d74<::>8	Q0	800930494_35055-35706-0-651	5	0.200000	run1
717ca9138f07b4621887812f47499d74<::>8	Q0	830052392_15543-16214-0-671	6	0.166667	run1
717ca9138f07b4621887812f47499d74<::>8	Q0	803834055_12770-13190-0-420	7	0.142857	run1
717ca9138f07b4621887812f47499d74<::>8	Q0	834324633_46179-47120-0-941	8	0.125000	run1
717ca9138f07b4621887812f47499d74<::>8	Q0	834324633_56905-57005-0-100	9	0.111111	run1
717ca9138f07b4621887812f47499d74<::>8	Q0	821374809_9656-9978-0-322	10	0.100000	run1
5b9edac124aea30a2256705d27226d7f<::>1	Q0	840297813_3670-5180-0-1510	1	1.000000	run1
5b9edac124aea30a2256705d27226d7f<::>1	Q0	840297813_30551-31009-0-458	2	0.500000	run1
5b9edac124aea30a2256705d27226d7f<::>1	Q0	806376271_40405-41737-0-1331	3	0.333333	run1
5b9edac124aea30a2256705d27226d7f<::>1	Q0	854199200_3660-4730-0-1070	4	0.250000	run1
5b9edac124aea30a2256705d27226d7f<::>1	Q0	840297813_31040-32124-0-1081	5	0.200000	run1
5b9edac124aea30a2256705d27226d7f<::>1	Q0	840297813_6083-7053-0-970	6	0.166667	run1
5b9edac124aea30a2256705d27226d7f<::>1	Q0	854199200_4731-5414-0-683	7	0.142857	run1
5b9edac124aea30a2256705d27226d7f<::>1	Q0	854199200_2615-3639-0-1024	8	0.125000	run1
5b9edac124aea30a2256705d27226d7f<::>1	Q0	854199200_8737-9714-0-977	9	0.111111	run1
5b9edac124aea30a2256705d27226d7f<::>1	Q0	840297813_591-826-0-235	10	0.100000	run1
5b9edac124aea30a2256705d27226d7f<::>2	Q0	837275285_72917-73230-0-313	1	1.000000	run1
5b9edac124aea30a2256705d27226d7f<::>2	Q0	812829591_21997-23101-0-1104	2	0.500000	run1
5b9edac124aea30a2256705d27226d7f<::>2	Q0	837275285_68848-69340-0-492	3	0.333333	run1
5b9edac124aea30a2256705d27226d7f<::>2	Q0	837275285_71760-72544-0-784	4	0.250000	run1
5b9edac124aea30a2256705d27226d7f<::>2	Q0	837275285_69627-69961-0-334	5	0.200000	run1
5b9edac124aea30a2256705d27226d7f<::>2	Q0	808696160_12243-12505-0-262	6	0.166667	run1
5b9edac124aea30a2256705d27226d7f<::>2	Q0	837275285_66928-67233-0-305	7	0.142857	run1
5b9edac124aea30a2256705d27226d7f<::>2	Q0	837275285_31621-31984-0-363	8	0.125000	run1
5b9edac124aea30a2256705d27226d7f<::>2	Q0	837275285_71248-71385-0-137	9	0.111111	run1
5b9edac124aea30a2256705d27226d7f<::>2	Q0	837275285_651-1313-0-662	10	0.100000	run1
5b9edac124aea30a2256705d27226d7f<::>3	Q0	806376271_55533-56132-0-595	1	1.000000	run1
5b9edac124aea30a2256705d27226d7f<::>3	Q0	806376271_56202-56806-0-604	2	0.500000	run1
5b9edac124aea30a2256705d27226d7f<::>3	Q0	806376271_50387-51434-0-1047	3	0.333333	run1
5b9edac124aea30a2256705d27226d7f<::>3	Q0	806376271_1956-2855-0-899	4	0.250000	run1
5b9edac124aea30a2256705d27226d7f<::>3	Q0	806376271_61081-62730-0-1649	5	0.200000	run1
5b9edac124aea30a2256705d27226d7f<::>3	Q0	806376271_42562-43664-0-1102	6	0.166667	run1
5b9edac124aea30a2256705d27226d7f<::>3	Q0	806376271_58662-59259-0-595	7	0.142857	run1
5b9edac124aea30a2256705d27226d7f<::>3	Q0	799574985_8672-9802-0-1130	8	0.125000	run1
5b9edac124aea30a2256705d27226d7f<::>3	Q0	806376271_39630-40318-0-688	9	0.111111	run1
5b9edac124aea30a2256705d27226d7f<::>3	Q0	806376271_31768-32614-0-846	10	0.100000	run1
5b9edac124aea30a2256705d27226d7f<::>4	Q0	837275285_18310-18974-0-664	1	1.000000	run1
5b9edac124aea30a2256705d27226d7f<::>4	Q0	826096157_29224-29774-0-550	2	0.500000	run1
5b9edac124aea30a2256705d27226d7f<::>4	Q0	854199200_2615-3639-0-1024	3	0.333333	run1
5b9edac124aea30a2256705d27226d7f<::>4	Q0	830818184_12589-12824-0-235	4	0.250000	run1
5b9edac124aea30a2256705d27226d7f<::>4	Q0	806376271_39630-40318-0-688	5	0.200000	run1
5b9edac124aea30a2256705d27226d7f<::>4	Q0	837275285_72917-73230-0-313	6	0.166667	run1
5b9edac124aea30a2256705d27226d7f<::>4	Q0	837275285_16847-17730-0-883	7	0.142857	run1
5b9edac124aea30a2256705d27226d7f<::>4	Q0	837275285_71760-72544-0-784	8	0.125000	run1
5b9edac124aea30a2256705d27226d7f<::>4	Q0	837275285_52566-53170-0-604	9	0.111111	run1
5b9edac124aea30a2256705d27226d7f<::>4	Q0	828449611_21137-21314-0-177	10	0.100000	run1
5b9edac124aea30a2256705d27226d7f<::>6	Q0	826096157_156-630-0-474	1	1.000000	run1
5b9edac124aea30a2256705d27226d7f<::>6	Q0	840297813_30551-31009-0-458	2	0.500000	run1
5b9edac124aea30a2256705d27226d7f<::>6	Q0	806376271_46650-47025-0-375	3	0.333333	run1
5b9edac124aea30a2256705d27226d7f<::>6	Q0	837275285_651-1313-0-662	4	0.250000	run1
5b9edac124aea30a2256705d27226d7f<::>6	Q0	837275285_51973-52565-0-592	5	0.200000	run1
5b9edac124aea30a2256705d27226d7f<::>6	Q0	837275285_52566-53170-0-604	6	0.166667	run1
5b9edac124aea30a2256705d27226d7f<::>6	Q0	840297813_32143-33481-0-1338	7	0.142857	run1
5b9edac124aea30a2256705d27226d7f<::>6	Q0	806376271_40405-41737-0-1331	8	0.125000	run1
5b9edac124aea30a2256705d27226d7f<::>6	Q0	806376271_368-755-0-387	9	0.111111	run1
5b9edac124aea30a2256705d27226d7f<::>6	Q0	806376271_57226-57939-0-713	10	0.100000	run1
5b9edac124aea30a2256705d27226d7f<::>7	Q0	826096157_156-630-0-474	1	1.000000	run1
5b9edac124aea30a2256705d27226d7f<::>7	Q0	826096157_40641-41263-0-622	2	0.500000	run1
5b9edac124aea30a2256705d27226d7f<::>7	Q0	826096157_20388-21054-0-666	3	0.333333	run1
5b9edac124aea30a2256705d27226d7f<::>7	Q0	826096157_35288-35733-0-445	4	0.250000	run1
5b9edac124aea30a2256705d27226d7f<::>7	Q0	826096157_21055-21971-0-915	5	0.200000	run1
5b9edac124aea30a2256705d27226d7f<::>7	Q0	826096157_18486-19259-0-773	6	0.166667	run1
5b9edac124aea30a2256705d27226d7f<::>7	Q0	826096157_34714-34810-0-96	7	0.142857	run1
5b9edac124aea30a2256705d27226d7f<::>7	Q0	826096157_19834-20387-0-553	8	0.125000	run1
5b9edac124aea30a2256705d27226d7f<::>7	Q0	826096157_29224-29774-0-550	9	0.111111	run1
5b9edac124aea30a2256705d27226d7f<::>7	Q0	826096157_25617-26263-0-646	10	0.100000	run1
5b9edac124aea30a2256705d27226d7f<::>8	Q0	840297813_32143-33481-0-1338	1	1.000000	run1
5b9edac124aea30a2256705d27226d7f<::>8	Q0	806376271_46650-47025-0-375	2	0.500000	run1
5b9edac124aea30a2256705d27226d7f<::>8	Q0	840297813_33482-34801-0-1319	3	0.333333	run1
5b9edac124aea30a2256705d27226d7f<::>8	Q0	828863731_3949-4308-0-359	4	0.250000	run1
5b9edac124aea30a2256705d27226d7f<::>8	Q0	826096157_29224-29774-0-550	5	0.200000	run1
5b9edac124aea30a2256705d27226d7f<::>8	Q0	840297813_34802-36344-0-1542	6	0.166667	run1
5b9edac124aea30a2256705d27226d7f<::>8	Q0	826096157_40406-40609-0-203	7	0.142857	run1
5b9edac124aea30a2256705d27226d7f<::>8	Q0	807601926_151-273-0-122	8	0.125000	run1
5b9edac124aea30a2256705d27226d7f<::>8	Q0	840297813_25275-26277-0-1002	9	0.111111	run1
5b9edac124aea30a2256705d27226d7f<::>8	Q0	837275285_60353-61851-0-1498	10	0.100000	run1
41a4006bfa6841516188c1695ebaf16c<::>1	Q0	843537822_62979-63260-0-281	1	1.000000	run1
41a4006bfa6841516188c1695ebaf16c<::>1	Q0	843537822_52165-52792-0-627	2	0.500000	run1
41a4006bfa6841516188c1695ebaf16c<::>1	Q0	843537822_56271-56580-0-309	3	0.333333	run1
41a4006bfa6841516188c1695ebaf16c<::>1	Q0	843537822_39480-40121-0-638	4	0.250000	run1
41a4006bfa6841516188c1695ebaf16c<::>1	Q0	843537822_70554-71038-0-484	5	0.200000	run1
41a4006bfa6841516188c1695ebaf16c<::>1	Q0	843537822_72658-72840-0-182	6	0.166667	run1
41a4006bfa6841516188c1695ebaf16c<::>1	Q0	843537822_63713-64044-0-331	7	0.142857	run1
41a4006bfa6841516188c1695ebaf16c<::>1	Q0	843537822_52818-53846-0-1028	8	0.125000	run1
41a4006bfa6841516188c1695ebaf16c<::>1	Q0	843537822_67170-67632-0-462	9	0.111111	run1
41a4006bfa6841516188c1695ebaf16c<::>1	Q0	843537822_71039-71302-0-263	10	0.100000	run1
41a4006bfa6841516188c1695ebaf16c<::>2	Q0	843537822_66876-67169-0-293	1	1.000000	run1
41a4006bfa6841516188c1695ebaf16c<::>2	Q0	843316151_86518-87625-0-1107	2	0.500000	run1
41a4006bfa6841516188c1695ebaf16c<::>2	Q0	843316151_284-1174-0-890	3	0.333333	run1
41a4006bfa6841516188c1695ebaf16c<::>2	Q0	835683107_10449-10906-0-457	4	0.250000	run1
41a4006bfa6841516188c1695ebaf16c<::>2	Q0	843316151_30890-31497-0-606	5	0.200000	run1
41a4006bfa6841516188c1695ebaf16c<::>2	Q0	824750228_33844-34155-0-311	6	0.166667	run1
41a4006bfa6841516188c1695ebaf16c<::>2	Q0	843316151_89209-89998-0-788	7	0.142857	run1
41a4006bfa6841516188c1695ebaf16c<::>2	Q0	824750228_91563-91830-0-267	8	0.125000	run1
41a4006bfa6841516188c1695ebaf16c<::>2	Q0	843316151_81842-82502-0-660	9	0.111111	run1
41a4006bfa6841516188c1695ebaf16c<::>2	Q0	807855893_33215-33482-0-267	10	0.100000	run1
41a4006bfa6841516188c1695ebaf16c<::>3	Q0	843537822_46715-47282-0-567	1	1.000000	run1
41a4006bfa6841516188c1695ebaf16c<::>3	Q0	843537822_5747-6315-0-568	2	0.500000	run1
41a4006bfa6841516188c1695ebaf16c<::>3	Q0	843537822_48297-48781-0-483	3	0.333333	run1
41a4006bfa6841516188c1695ebaf16c<::>3	Q0	843537822_61589-62221-0-632	4	0.250000	run1
41a4006bfa6841516188c1695ebaf16c<::>3	Q0	843537822_50713-51695-0-982	5	0.200000	run1
41a4006bfa6841516188c1695ebaf16c<::>3	Q0	843537822_47834-48296-0-462	6	0.166667	run1
41a4006bfa6841516188c1695ebaf16c<::>3	Q0	843537822_47283-47833-0-549	7	0.142857	run1
41a4006bfa6841516188c1695ebaf16c<::>3	Q0	843537822_74034-74946-0-912	8	0.125000	run1
41a4006bfa6841516188c1695ebaf16c<::>3	Q0	843537822_39480-40121-0-638	9	0.111111	run1
41a4006bfa6841516188c1695ebaf16c<::>3	Q0	843537822_32826-33453-0-627	10	0.100000	run1
41a4006bfa6841516188c1695ebaf16c<::>4	Q0	843537822_5747-6315-0-568	1	1.000000	run1
41a4006bfa6841516188c1695ebaf16c<::>4	Q0	843537822_47834-48296-0-462	2	0.500000	run1
41a4006bfa6841516188c1695ebaf16c<::>4	Q0	843537822_50713-51695-0-982	3	0.333333	run1
41a4006bfa6841516188c1695ebaf16c<::>4	Q0	843537822_46715-47282-0-567	4	0.250000	run1
41a4006bfa6841516188c1695ebaf16c<::>4	Q0	843537822_16100-16683-0-583	5	0.200000	run1
41a4006bfa6841516188c1695ebaf16c<::>4	Q0	843537822_48782-49295-0-513	6	0.166667	run1
41a4006bfa6841516188c1695ebaf16c<::>4	Q0	843537822_81058-86976-2708-4782	7	0.142857	run1
41a4006bfa6841516188c1695ebaf16c<::>4	Q0	843537822_49348-50219-0-870	8	0.125000	run1
41a4006bfa6841516188c1695ebaf16c<::>4	Q0	843537822_61589-62221-0-632	9	0.111111	run1
41a4006bfa6841516188c1695ebaf16c<::>4	Q0	843537822_79151-79651-0-500	10	0.100000	run1
41a4006bfa6841516188c1695ebaf16c<::>5	Q0	843316151_80714-81397-0-683	1	1.000000	run1
41a4006bfa6841516188c1695ebaf16c<::>5	Q0	843316151_82503-82689-0-185	2	0.500000	run1
41a4006bfa6841516188c1695ebaf16c<::>5	Q0	843316151_81842-82502-0-660	3	0.333333	run1
41a4006bfa6841516188c1695ebaf16c<::>5	Q0	843537822_43037-43767-0-730	4	0.250000	run1
41a4006bfa6841516188c1695ebaf16c<::>5	Q0	843316151_31787-32488-0-701	5	0.200000	run1
41a4006bfa6841516188c1695ebaf16c<::>5	Q0	843537822_24139-24506-0-366	6	0.166667	run1
41a4006bfa6841516188c1695ebaf16c<::>5	Q0	843537822_28706-29361-0-655	7	0.142857	run1
41a4006bfa6841516188c1695ebaf16c<::>5	Q0	843537822_25189-26266-0-1076	8	0.125000	run1
41a4006bfa6841516188c1695ebaf16c<::>5	Q0	841858995_29890-30039-0-149	9	0.111111	run1
41a4006bfa6841516188c1695ebaf16c<::>5	Q0	843537822_27683-28705-0-1022	10	0.100000	run1
41a4006bfa6841516188c1695ebaf16c<::>6	Q0	843316151_87626-88155-0-529	1	1.000000	run1
41a4006bfa6841516188c1695ebaf16c<::>6	Q0	841795888_14481-14808-0-327	2	0.500000	run1
41a4006bfa6841516188c1695ebaf16c<::>6	Q0	843316151_83300-83985-0-685	3	0.333333	run1
41a4006bfa6841516188c1695ebaf16c<::>6	Q0	843537822_3963-5068-0-1096	4	0.250000	run1
41a4006bfa6841516188c1695ebaf16c<::>6	Q0	843537822_6316-7100-0-784	5	0.200000	run1
41a4006bfa6841516188c1695ebaf16c<::>6	Q0	843537822_26733-27591-0-858	6	0.166667	run1
41a4006bfa6841516188c1695ebaf16c<::>6	Q0	843537822_5747-6315-0-568	7	0.142857	run1
41a4006bfa6841516188c1695ebaf16c<::>6	Q0	843537822_25189-26266-0-1076	8	0.125000	run1
41a4006bfa6841516188c1695ebaf16c<::>6	Q0	843537822_52818-53846-0-1028	9	0.111111	run1
41a4006bfa6841516188c1695ebaf16c<::>6	Q0	843537822_36099-36915-0-816	10	0.100000	run1
41a4006bfa6841516188c1695ebaf16c<::>7	Q0	843316151_64018-65787-0-1768	1	1.000000	run1
41a4006bfa6841516188c1695ebaf16c<::>7	Q0	824750228_75022-75318-0-296	2	0.500000	run1
41a4006bfa6841516188c1695ebaf16c<::>7	Q0	841333202_2571-3569-0-993	3	0.333333	run1
41a4006bfa6841516188c1695ebaf16c<::>7	Q0	843316151_84202-84627-0-425	4	0.250000	run1
41a4006bfa6841516188c1695ebaf16c<::>7	Q0	846477311_16506-16751-0-245	5	0.200000	run1
41a4006bfa6841516188c1695ebaf16c<::>7	Q0	813171516_645-1013-0-368	6	0.166667	run1
41a4006bfa6841516188c1695ebaf16c<::>7	Q0	866409195_56085-57097-0-982	7	0.142857	run1
41a4006bfa6841516188c1695ebaf16c<::>7	Q0	833122377_90438-91059-0-620	8	0.125000	run1
41a4006bfa6841516188c1695ebaf16c<::>7	Q0	846477311_15024-15350-0-326	9	0.111111	run1
41a4006bfa6841516188c1695ebaf16c<::>7	Q0	841333202_100462-102023-0-1561	10	0.100000	run1
13a398b30067d58d179fa8cbc2592449<::>1	Q0	803493063_4363-5677-0-1314	1	1.000000	run1
13a398b30067d58d179fa8cbc2592449<::>1	Q0	803493063_5678-7018-0-1340	2	0.500000	run1
13a398b30067d58d179fa8cbc2592449<::>1	Q0	803493063_11479-12671-0-1182	3	0.333333	run1
13a398b30067d58d179fa8cbc2592449<::>1	Q0	842960242_35664-36201-0-537	4	0.250000	run1
13a398b30067d58d179fa8cbc2592449<::>1	Q0	842960242_36438-36883-0-445	5	0.200000	run1
13a398b30067d58d179fa8cbc2592449<::>1	Q0	803493063_12688-13133-0-445	6	0.166667	run1
13a398b30067d58d179fa8cbc2592449<::>1	Q0	842960242_62481-62925-0-444	7	0.142857	run1
13a398b30067d58d179fa8cbc2592449<::>1	Q0	803493063_151-938-0-781	8	0.125000	run1
13a398b30067d58d179fa8cbc2592449<::>1	Q0	817513184_3843-4665-0-822	9	0.111111	run1
13a398b30067d58d179fa8cbc2592449<::>1	Q0	803493063_8102-8313-0-211	10	0.100000	run1
13a398b30067d58d179fa8cbc2592449<::>2	Q0	803493063_13206-13907-0-697	1	1.000000	run1
13a398b30067d58d179fa8cbc2592449<::>2	Q0	842960242_36438-36883-0-445	2	0.500000	run1
13a398b30067d58d179fa8cbc2592449<::>2	Q0	803493063_10433-10702-0-269	3	0.333333	run1
13a398b30067d58d179fa8cbc2592449<::>2	Q0	803493063_10703-11433-0-730	4	0.250000	run1
13a398b30067d58d179fa8cbc2592449<::>2	Q0	799427548_13483-14277-0-790	5	0.200000	run1
13a398b30067d58d179fa8cbc2592449<::>2	Q0	803493063_151-938-0-781	6	0.166667	run1
13a398b30067d58d179fa8cbc2592449<::>2	Q0	803493063_13922-14199-0-277	7	0.142857	run1
13a398b30067d58d179fa8cbc2592449<::>2	Q0	825935959_5129-5507-0-378	8	0.125000	run1
13a398b30067d58d179fa8cbc2592449<::>2	Q0	803493063_1914-2425-0-511	9	0.111111	run1
13a398b30067d58d179fa8cbc2592449<::>2	Q0	842960242_73558-73687-0-129	10	0.100000	run1
13a398b30067d58d179fa8cbc2592449<::>3	Q0	842960242_36438-36883-0-445	1	1.000000	run1
13a398b30067d58d179fa8cbc2592449<::>3	Q0	803493063_13206-13907-0-697	2	0.500000	run1
13a398b30067d58d179fa8cbc2592449<::>3	Q0	803493063_8102-8313-0-211	3	0.333333	run1
13a398b30067d58d179fa8cbc2592449<::>3	Q0	803493063_10433-10702-0-269	4	0.250000	run1
13a398b30067d58d179fa8cbc2592449<::>3	Q0	803493063_10703-11433-0-730	5	0.200000	run1
13a398b30067d58d179fa8cbc2592449<::>3	Q0	842960242_61652-62480-0-828	6	0.166667	run1
13a398b30067d58d179fa8cbc2592449<::>3	Q0	842960242_36884-37447-0-563	7	0.142857	run1
13a398b30067d58d179fa8cbc2592449<::>3	Q0	803493063_12688-13133-0-445	8	0.125000	run1
13a398b30067d58d179fa8cbc2592449<::>3	Q0	842960242_65584-66137-0-553	9	0.111111	run1
13a398b30067d58d179fa8cbc2592449<::>3	Q0	803493063_13922-14199-0-277	10	0.100000	run1
13a398b30067d58d179fa8cbc2592449<::>4	Q0	799427548_14278-14694-0-416	1	1.000000	run1
13a398b30067d58d179fa8cbc2592449<::>4	Q0	842960242_36438-36883-0-445	2	0.500000	run1
13a398b30067d58d179fa8cbc2592449<::>4	Q0	866268349_2055-2669-0-614	3	0.333333	run1
13a398b30067d58d179fa8cbc2592449<::>4	Q0	812271701_38099-38779-0-678	4	0.250000	run1
13a398b30067d58d179fa8cbc2592449<::>4	Q0	803493063_13922-14199-0-277	5	0.200000	run1
13a398b30067d58d179fa8cbc2592449<::>4	Q0	816045490_475-1293-0-812	6	0.166667	run1
13a398b30067d58d179fa8cbc2592449<::>4	Q0	803493063_12688-13133-0-445	7	0.142857	run1
13a398b30067d58d179fa8cbc2592449<::>4	Q0	856136637_47075-47693-0-618	8	0.125000	run1
13a398b30067d58d179fa8cbc2592449<::>4	Q0	841138078_22433-22824-0-391	9	0.111111	run1
13a398b30067d58d179fa8cbc2592449<::>4	Q0	842586039_20582-21170-0-579	10	0.100000	run1
13a398b30067d58d179fa8cbc2592449<::>5	Q0	842960242_65030-65583-0-553	1	1.000000	run1
13a398b30067d58d179fa8cbc2592449<::>5	Q0	823786677_6068-6290-0-222	2	0.500000	run1
13a398b30067d58d179fa8cbc2592449<::>5	Q0	804544157_27233-27388-0-155	3	0.333333	run1
13a398b30067d58d179fa8cbc2592449<::>5	Q0	804544157_2494-2722-0-228	4	0.250000	run1
13a398b30067d58d179fa8cbc2592449<::>5	Q0	823786677_6291-6470-0-179	5	0.200000	run1
13a398b30067d58d179fa8cbc2592449<::>5	Q0	842960242_34598-34999-0-401	6	0.166667	run1
13a398b30067d58d179fa8cbc2592449<::>5	Q0	807213829_4121-4335-0-214	7	0.142857	run1
13a398b30067d58d179fa8cbc2592449<::>5	Q0	842960242_68203-68737-0-534	8	0.125000	run1
13a398b30067d58d179fa8cbc2592449<::>5	Q0	856611874_14529-15136-0-607	9	0.111111	run1
13a398b30067d58d179fa8cbc2592449<::>5	Q0	834496017_78535-79268-0-733	10	0.100000	run1
13a398b30067d58d179fa8cbc2592449<::>6	Q0	842960242_70079-70668-0-589	1	1.000000	run1
13a398b30067d58d179fa8cbc2592449<::>6	Q0	842960242_50357-51020-0-663	2	0.500000	run1
13a398b30067d58d179fa8cbc2592449<::>6	Q0	842960242_77665-78258-0-593	3	0.333333	run1
13a398b30067d58d179fa8cbc2592449<::>6	Q0	844366867_21046-21238-0-192	4	0.250000	run1
13a398b30067d58d179fa8cbc2592449<::>6	Q0	842960242_48225-49705-0-1480	5	0.200000	run1
13a398b30067d58d179fa8cbc2592449<::>6	Q0	722409356_42902-44617-0-1715	6	0.166667	run1
13a398b30067d58d179fa8cbc2592449<::>6	Q0	850572298_91865-92303-0-438	7	0.142857	run1
13a398b30067d58d179fa8cbc2592449<::>6	Q0	842960242_13347-14044-0-697	8	0.125000	run1
13a398b30067d58d179fa8cbc2592449<::>6	Q0	803403924_6659-11330-0-1947	9	0.111111	run1
13a398b30067d58d179fa8cbc2592449<::>6	Q0	826674676_7201-7677-0-476	10	0.100000	run1
13a398b30067d58d179fa8cbc2592449<::>7	Q0	842960242_6545-7291-0-746	1	1.000000	run1
13a398b30067d58d179fa8cbc2592449<::>7	Q0	825868890_30675-30935-0-260	2	0.500000	run1
13a398b30067d58d179fa8cbc2592449<::>7	Q0	803493063_10433-10702-0-269	3	0.333333	run1
13a398b30067d58d179fa8cbc2592449<::>7	Q0	844242367_5717-5904-0-187	4	0.250000	run1
13a398b30067d58d179fa8cbc2592449<::>7	Q0	842960242_21939-23182-0-1243	5	0.200000	run1
13a398b30067d58d179fa8cbc2592449<::>7	Q0	837238085_15715-16094-0-379	6	0.166667	run1
13a398b30067d58d179fa8cbc2592449<::>7	Q0	842960242_13347-14044-0-697	7	0.142857	run1
13a398b30067d58d179fa8cbc2592449<::>7	Q0	842960242_7881-8559-0-678	8	0.125000	run1
13a398b30067d58d179fa8cbc2592449<::>7	Q0	842960242_48225-49705-0-1480	9	0.111111	run1
13a398b30067d58d179fa8cbc2592449<::>7	Q0	842960242_20873-21938-0-1065	10	0.100000	run1
13a398b30067d58d179fa8cbc2592449<::>8	Q0	853000512_140812-141050-0-238	1	1.000000	run1
13a398b30067d58d179fa8cbc2592449<::>8	Q0	835214350_2465-2995-0-530	2	0.500000	run1
13a398b30067d58d179fa8cbc2592449<::>8	Q0	842960242_29815-30429-0-614	3	0.333333	run1
13a398b30067d58d179fa8cbc2592449<::>8	Q0	803403924_4158-4889-0-731	4	0.250000	run1
13a398b30067d58d179fa8cbc2592449<::>8	Q0	803403924_1845-2257-0-412	5	0.200000	run1
13a398b30067d58d179fa8cbc2592449<::>8	Q0	842960242_28580-29225-0-645	6	0.166667	run1
13a398b30067d58d179fa8cbc2592449<::>8	Q0	803403924_4919-5717-0-798	7	0.142857	run1
13a398b30067d58d179fa8cbc2592449<::>8	Q0	800636995_35213-35321-0-108	8	0.125000	run1
13a398b30067d58d179fa8cbc2592449<::>8	Q0	842827984_28042-28585-0-543	9	0.111111	run1
13a398b30067d58d179fa8cbc2592449<::>8	Q0	842960242_9478-9960-0-482	10	0.100000	run1
13a398b30067d58d179fa8cbc2592449<::>9	Q0	853000512_140812-141050-0-238	1	1.000000	run1
13a398b30067d58d179fa8cbc2592449<::>9	Q0	842960242_21939-23182-0-1243	2	0.500000	run1
13a398b30067d58d179fa8cbc2592449<::>9	Q0	831294648_59125-59552-0-427	3	0.333333	run1
13a398b30067d58d179fa8cbc2592449<::>9	Q0	825868890_97034-97510-0-476	4	0.250000	run1
13a398b30067d58d179fa8cbc2592449<::>9	Q0	842960242_31210-32101-0-891	5	0.200000	run1
13a398b30067d58d179fa8cbc2592449<::>9	Q0	842960242_7881-8559-0-678	6	0.166667	run1
13a398b30067d58d179fa8cbc2592449<::>9	Q0	842960242_19760-20872-0-1112	7	0.142857	run1
13a398b30067d58d179fa8cbc2592449<::>9	Q0	823581716_795-1128-0-333	8	0.125000	run1
13a398b30067d58d179fa8cbc2592449<::>9	Q0	835214350_2465-2995-0-530	9	0.111111	run1
13a398b30067d58d179fa8cbc2592449<::>9	Q0	835214350_34327-34654-0-327	10	0.100000	run1
a277cf5022616282aa819ee76c9343de<::>1	Q0	846612211_83006-83531-0-525	1	1.000000	run1
a277cf5022616282aa819ee76c9343de<::>1	Q0	836878553_45811-46606-0-795	2	0.500000	run1
a277cf5022616282aa819ee76c9343de<::>1	Q0	837764629_60468-60806-0-338	3	0.333333	run1
a277cf5022616282aa819ee76c9343de<::>1	Q0	836268722_4347-4774-0-427	4	0.250000	run1
a277cf5022616282aa819ee76c9343de<::>1	Q0	856443359_5571-6135-0-564	5	0.200000	run1
a277cf5022616282aa819ee76c9343de<::>1	Q0	836268722_6860-7560-0-700	6	0.166667	run1
a277cf5022616282aa819ee76c9343de<::>1	Q0	853093355_71656-71895-0-239	7	0.142857	run1
a277cf5022616282aa819ee76c9343de<::>1	Q0	836878553_47519-48002-0-483	8	0.125000	run1
a277cf5022616282aa819ee76c9343de<::>1	Q0	815169572_7170-7800-0-630	9	0.111111	run1
a277cf5022616282aa819ee76c9343de<::>1	Q0	846612211_78023-78582-0-559	10	0.100000	run1
a277cf5022616282aa819ee76c9343de<::>2	Q0	836878553_47519-48002-0-483	1	1.000000	run1
a277cf5022616282aa819ee76c9343de<::>2	Q0	801120865_17788-18938-0-1150	2	0.500000	run1
a277cf5022616282aa819ee76c9343de<::>2	Q0	846612211_78023-78582-0-559	3	0.333333	run1
a277cf5022616282aa819ee76c9343de<::>2	Q0	801120865_34291-34715-0-424	4	0.250000	run1
a277cf5022616282aa819ee76c9343de<::>2	Q0	835683107_86877-87581-0-702	5	0.200000	run1
a277cf5022616282aa819ee76c9343de<::>2	Q0	836878553_21805-22686-0-881	6	0.166667	run1
a277cf5022616282aa819ee76c9343de<::>2	Q0	835683107_75784-76294-0-510	7	0.142857	run1
a277cf5022616282aa819ee76c9343de<::>2	Q0	835683107_88433-89556-0-1123	8	0.125000	run1
a277cf5022616282aa819ee76c9343de<::>2	Q0	829923870_18616-18918-0-302	9	0.111111	run1
a277cf5022616282aa819ee76c9343de<::>2	Q0	836878553_20513-20827-0-314	10	0.100000	run1
a277cf5022616282aa819ee76c9343de<::>3	Q0	836878553_21541-21804-0-263	1	1.000000	run1
a277cf5022616282aa819ee76c9343de<::>3	Q0	846612211_77626-78022-0-396	2	0.500000	run1
a277cf5022616282aa819ee76c9343de<::>3	Q0	836878553_20828-21216-0-388	3	0.333333	run1
a277cf5022616282aa819ee76c9343de<::>3	Q0	835683107_45343-46278-0-935	4	0.250000	run1
a277cf5022616282aa819ee76c9343de<::>3	Q0	835683107_15102-15661-0-559	5	0.200000	run1
a277cf5022616282aa819ee76c9343de<::>3	Q0	846612211_80388-81094-0-706	6	0.166667	run1
a277cf5022616282aa819ee76c9343de<::>3	Q0	836878553_9656-9757-0-101	7	0.142857	run1
a277cf5022616282aa819ee76c9343de<::>3	Q0	818081208_61026-61683-0-657	8	0.125000	run1
a277cf5022616282aa819ee76c9343de<::>3	Q0	828142626_7481-8310-0-828	9	0.111111	run1
a277cf5022616282aa819ee76c9343de<::>3	Q0	864620271_870-1176-0-306	10	0.100000	run1
a277cf5022616282aa819ee76c9343de<::>4	Q0	818081208_69418-69813-0-395	1	1.000000	run1
a277cf5022616282aa819ee76c9343de<::>4	Q0	850224534_61195-62203-0-1008	2	0.500000	run1
a277cf5022616282aa819ee76c9343de<::>4	Q0	818081208_68446-68720-0-274	3	0.333333	run1
a277cf5022616282aa819ee76c9343de<::>4	Q0	810626059_28451-28798-0-345	4	0.250000	run1
a277cf5022616282aa819ee76c9343de<::>4	Q0	818081208_31944-32390-0-446	5	0.200000	run1
a277cf5022616282aa819ee76c9343de<::>4	Q0	809011158_11700-12412-0-712	6	0.166667	run1
a277cf5022616282aa819ee76c9343de<::>4	Q0	815855965_9146-9788-0-642	7	0.142857	run1
a277cf5022616282aa819ee76c9343de<::>4	Q0	850224534_92484-93633-0-1149	8	0.125000	run1
a277cf5022616282aa819ee76c9343de<::>4	Q0	850224534_43122-43979-0-857	9	0.111111	run1
a277cf5022616282aa819ee76c9343de<::>4	Q0	818081208_39114-39535-0-419	10	0.100000	run1
a277cf5022616282aa819ee76c9343de<::>5	Q0	818081208_31944-32390-0-446	1	1.000000	run1
a277cf5022616282aa819ee76c9343de<::>5	Q0	818081208_28579-29119-0-540	2	0.500000	run1
a277cf5022616282aa819ee76c9343de<::>5	Q0	818081208_69418-69813-0-395	3	0.333333	run1
a277cf5022616282aa819ee76c9343de<::>5	Q0	817787595_76582-77837-0-1255	4	0.250000	run1
a277cf5022616282aa819ee76c9343de<::>5	Q0	818081208_13243-14138-0-894	5	0.200000	run1
a277cf5022616282aa819ee76c9343de<::>5	Q0	818081208_49056-49326-0-270	6	0.166667	run1
a277cf5022616282aa819ee76c9343de<::>5	Q0	854736235_18208-18473-0-263	7	0.142857	run1
a277cf5022616282aa819ee76c9343de<::>5	Q0	818081208_18485-19018-0-533	8	0.125000	run1
a277cf5022616282aa819ee76c9343de<::>5	Q0	817787595_75397-75926-0-529	9	0.111111	run1
a277cf5022616282aa819ee76c9343de<::>5	Q0	850224534_61195-62203-0-1008	10	0.100000	run1
a277cf5022616282aa819ee76c9343de<::>6	Q0	818785695_6827-7651-0-824	1	1.000000	run1
a277cf5022616282aa819ee76c9343de<::>6	Q0	823213847_6296-6758-0-462	2	0.500000	run1
a277cf5022616282aa819ee76c9343de<::>6	Q0	862594573_59133-59385-0-252	3	0.333333	run1
a277cf5022616282aa819ee76c9343de<::>6	Q0	841795888_31577-31872-0-295	4	0.250000	run1
a277cf5022616282aa819ee76c9343de<::>6	Q0	808898990_89984-90641-0-651	5	0.200000	run1
a277cf5022616282aa819ee76c9343de<::>6	Q0	824750228_87391-87847-0-456	6	0.166667	run1
a277cf5022616282aa819ee76c9343de<::>6	Q0	820003296_45315-45813-0-498	7	0.142857	run1
a277cf5022616282aa819ee76c9343de<::>6	Q0	818081208_16708-16994-0-286	8	0.125000	run1
a277cf5022616282aa819ee76c9343de<::>6	Q0	810550387_17267-17918-0-651	9	0.111111	run1
a277cf5022616282aa819ee76c9343de<::>6	Q0	824750228_16331-16678-0-347	10	0.100000	run1
a277cf5022616282aa819ee76c9343de<::>7	Q0	835681681_38700-39405-0-705	1	1.000000	run1
a277cf5022616282aa819ee76c9343de<::>7	Q0	846612211_39088-39298-0-210	2	0.500000	run1
a277cf5022616282aa819ee76c9343de<::>7	Q0	818785695_20981-21260-0-279	3	0.333333	run1
a277cf5022616282aa819ee76c9343de<::>7	Q0	824750228_28196-28676-0-479	4	0.250000	run1
a277cf5022616282aa819ee76c9343de<::>7	Q0	820567692_26268-26358-0-90	5	0.200000	run1
a277cf5022616282aa819ee76c9343de<::>7	Q0	824750228_12098-13055-0-957	6	0.166667	run1
a277cf5022616282aa819ee76c9343de<::>7	Q0	820567692_830-920-0-90	7	0.142857	run1
a277cf5022616282aa819ee76c9343de<::>7	Q0	846612211_141292-141709-0-417	8	0.125000	run1
a277cf5022616282aa819ee76c9343de<::>7	Q0	837492804_13988-15275-0-1287	9	0.111111	run1
a277cf5022616282aa819ee76c9343de<::>7	Q0	835683107_28272-28575-0-303	10	0.100000	run1
a277cf5022616282aa819ee76c9343de<::>8	Q0	841333202_96450-97150-0-700	1	1.000000	run1
a277cf5022616282aa819ee76c9343de<::>8	Q0	841333202_86351-87519-0-1168	2	0.500000	run1
a277cf5022616282aa819ee76c9343de<::>8	Q0	841333202_99433-100461-0-1028	3	0.333333	run1
a277cf5022616282aa819ee76c9343de<::>8	Q0	857050538_40294-41868-0-1574	4	0.250000	run1
a277cf5022616282aa819ee76c9343de<::>8	Q0	841333202_73941-75327-0-1386	5	0.200000	run1
a277cf5022616282aa819ee76c9343de<::>8	Q0	841333202_82398-84057-0-1659	6	0.166667	run1
a277cf5022616282aa819ee76c9343de<::>8	Q0	818081208_51496-51913-0-417	7	0.142857	run1
a277cf5022616282aa819ee76c9343de<::>8	Q0	818081208_19203-19906-0-703	8	0.125000	run1
a277cf5022616282aa819ee76c9343de<::>8	Q0	841333202_75444-77023-0-1579	9	0.111111	run1
a277cf5022616282aa819ee76c9343de<::>8	Q0	818081208_24479-24998-0-517	10	0.100000	run1
6528deeee4180c1b2b770a2929482e82<::>1	Q0	846587463_36795-37274-0-479	1	1.000000	run1
6528deeee4180c1b2b770a2929482e82<::>1	Q0	824739779_94-913-0-819	2	0.500000	run1
6528deeee4180c1b2b770a2929482e82<::>1	Q0	846587463_3814-4972-0-1158	3	0.333333	run1
6528deeee4180c1b2b770a2929482e82<::>1	Q0	846587463_39455-40530-0-1075	4	0.250000	run1
6528deeee4180c1b2b770a2929482e82<::>1	Q0	824739779_3341-4677-0-1336	5	0.200000	run1
6528deeee4180c1b2b770a2929482e82<::>1	Q0	846587463_30827-31409-0-582	6	0.166667	run1
6528deeee4180c1b2b770a2929482e82<::>1	Q0	846587463_62540-62812-0-272	7	0.142857	run1
6528deeee4180c1b2b770a2929482e82<::>1	Q0	846587463_37532-38263-0-727	8	0.125000	run1
6528deeee4180c1b2b770a2929482e82<::>1	Q0	846587463_80824-81610-0-786	9	0.111111	run1
6528deeee4180c1b2b770a2929482e82<::>1	Q0	846587463_83704-84373-0-667	10	0.100000	run1
6528deeee4180c1b2b770a2929482e82<::>2	Q0	846587463_29620-30826-0-1206	1	1.000000	run1
6528deeee4180c1b2b770a2929482e82<::>2	Q0	846587463_85588-87482-0-1890	2	0.500000	run1
6528deeee4180c1b2b770a2929482e82<::>2	Q0	846588693_5836-6232-0-396	3	0.333333	run1
6528deeee4180c1b2b770a2929482e82<::>2	Q0	846587463_23619-24163-0-544	4	0.250000	run1
6528deeee4180c1b2b770a2929482e82<::>2	Q0	846587463_9774-11188-0-1414	5	0.200000	run1
6528deeee4180c1b2b770a2929482e82<::>2	Q0	834421776_16211-16611-0-400	6	0.166667	run1
6528deeee4180c1b2b770a2929482e82<::>2	Q0	846540561_4774-4880-0-106	7	0.142857	run1
6528deeee4180c1b2b770a2929482e82<::>2	Q0	811832576_22574-23512-0-938	8	0.125000	run1
6528deeee4180c1b2b770a2929482e82<::>2	Q0	846587463_84440-85498-0-1058	9	0.111111	run1
6528deeee4180c1b2b770a2929482e82<::>2	Q0	804066200_31708-31911-0-203	10	0.100000	run1
6528deeee4180c1b2b770a2929482e82<::>3	Q0	846588693_5836-6232-0-396	1	1.000000	run1
6528deeee4180c1b2b770a2929482e82<::>3	Q0	866493429_102611-103216-0-605	2	0.500000	run1
6528deeee4180c1b2b770a2929482e82<::>3	Q0	800968273_2161-2276-0-115	3	0.333333	run1
6528deeee4180c1b2b770a2929482e82<::>3	Q0	819481234_13479-13869-0-390	4	0.250000	run1
6528deeee4180c1b2b770a2929482e82<::>3	Q0	804066200_20490-20765-0-275	5	0.200000	run1
6528deeee4180c1b2b770a2929482e82<::>3	Q0	863530237_60316-60436-0-120	6	0.166667	run1
6528deeee4180c1b2b770a2929482e82<::>3	Q0	846587463_85588-87482-0-1890	7	0.142857	run1
6528deeee4180c1b2b770a2929482e82<::>3	Q0	825053091_21535-22439-0-904	8	0.125000	run1
6528deeee4180c1b2b770a2929482e82<::>3	Q0	846587463_31663-33084-0-1417	9	0.111111	run1
6528deeee4180c1b2b770a2929482e82<::>3	Q0	857081732_43737-45121-0-1384	10	0.100000	run1
6528deeee4180c1b2b770a2929482e82<::>4	Q0	821728509_149-840-0-691	1	1.000000	run1
6528deeee4180c1b2b770a2929482e82<::>4	Q0	846587463_80824-81610-0-786	2	0.500000	run1
6528deeee4180c1b2b770a2929482e82<::>4	Q0	820967068_5998-6709-0-711	3	0.333333	run1
6528deeee4180c1b2b770a2929482e82<::>4	Q0	845249344_31962-32386-0-424	4	0.250000	run1
6528deeee4180c1b2b770a2929482e82<::>4	Q0	802480708_5317-6297-0-980	5	0.200000	run1
6528deeee4180c1b2b770a2929482e82<::>4	Q0	846452375_36496-37000-0-504	6	0.166667	run1
6528deeee4180c1b2b770a2929482e82<::>4	Q0	855121871_27057-27657-0-600	7	0.142857	run1
6528deeee4180c1b2b770a2929482e82<::>4	Q0	834421776_16211-16611-0-400	8	0.125000	run1
6528deeee4180c1b2b770a2929482e82<::>4	Q0	803137950_9254-9731-0-477	9	0.111111	run1
6528deeee4180c1b2b770a2929482e82<::>4	Q0	834421776_13543-14244-0-701	10	0.100000	run1
6528deeee4180c1b2b770a2929482e82<::>5	Q0	803060232_818-1310-0-492	1	1.000000	run1
6528deeee4180c1b2b770a2929482e82<::>5	Q0	803060232_6837-7299-0-462	2	0.500000	run1
6528deeee4180c1b2b770a2929482e82<::>5	Q0	803060232_14054-14456-0-402	3	0.333333	run1
6528deeee4180c1b2b770a2929482e82<::>5	Q0	803060232_11379-11860-0-481	4	0.250000	run1
6528deeee4180c1b2b770a2929482e82<::>5	Q0	803060232_7372-7592-0-219	5	0.200000	run1
6528deeee4180c1b2b770a2929482e82<::>5	Q0	803060232_7593-7823-0-229	6	0.166667	run1
6528deeee4180c1b2b770a2929482e82<::>5	Q0	803060232_5356-6214-0-858	7	0.142857	run1
6528deeee4180c1b2b770a2929482e82<::>5	Q0	803060232_3924-4988-0-1064	8	0.125000	run1
6528deeee4180c1b2b770a2929482e82<::>5	Q0	803060232_14806-15050-0-244	9	0.111111	run1
6528deeee4180c1b2b770a2929482e82<::>5	Q0	803060232_16559-16755-0-196	10	0.100000	run1
6528deeee4180c1b2b770a2929482e82<::>6	Q0	846587463_56025-56508-0-483	1	1.000000	run1
6528deeee4180c1b2b770a2929482e82<::>6	Q0	846587463_28843-29416-0-573	2	0.500000	run1
6528deeee4180c1b2b770a2929482e82<::>6	Q0	846587463_56509-57354-0-845	3	0.333333	run1
6528deeee4180c1b2b770a2929482e82<::>6	Q0	846587463_3814-4972-0-1158	4	0.250000	run1
6528deeee4180c1b2b770a2929482e82<::>6	Q0	824739779_94-913-0-819	5	0.200000	run1
6528deeee4180c1b2b770a2929482e82<::>6	Q0	804066200_20490-20765-0-275	6	0.166667	run1
6528deeee4180c1b2b770a2929482e82<::>6	Q0	804066200_4919-5526-0-607	7	0.142857	run1
6528deeee4180c1b2b770a2929482e82<::>6	Q0	857081732_43737-45121-0-1384	8	0.125000	run1
6528deeee4180c1b2b770a2929482e82<::>6	Q0	839225200_1913-2197-0-284	9	0.111111	run1
6528deeee4180c1b2b770a2929482e82<::>6	Q0	822354564_4868-4965-0-97	10	0.100000	run1
6528deeee4180c1b2b770a2929482e82<::>7	Q0	846587463_28843-29416-0-573	1	1.000000	run1
6528deeee4180c1b2b770a2929482e82<::>7	Q0	846587463_56025-56508-0-483	2	0.500000	run1
6528deeee4180c1b2b770a2929482e82<::>7	Q0	846587463_56509-57354-0-845	3	0.333333	run1
6528deeee4180c1b2b770a2929482e82<::>7	Q0	824739779_94-913-0-819	4	0.250000	run1
6528deeee4180c1b2b770a2929482e82<::>7	Q0	846587463_29620-30826-0-1206	5	0.200000	run1
6528deeee4180c1b2b770a2929482e82<::>7	Q0	834421776_4370-4694-0-324	6	0.166667	run1
6528deeee4180c1b2b770a2929482e82<::>7	Q0	857081732_43737-45121-0-1384	7	0.142857	run1
6528deeee4180c1b2b770a2929482e82<::>7	Q0	865563029_32678-33336-0-658	8	0.125000	run1
6528deeee4180c1b2b770a2929482e82<::>7	Q0	846587463_36795-37274-0-479	9	0.111111	run1
6528deeee4180c1b2b770a2929482e82<::>7	Q0	846452375_36496-37000-0-504	10	0.100000	run1
6528deeee4180c1b2b770a2929482e82<::>8	Q0	846587463_3814-4972-0-1158	1	1.000000	run1
6528deeee4180c1b2b770a2929482e82<::>8	Q0	846587463_2745-3243-0-498	2	0.500000	run1
6528deeee4180c1b2b770a2929482e82<::>8	Q0	857081732_46622-47518-0-896	3	0.333333	run1
6528deeee4180c1b2b770a2929482e82<::>8	Q0	857081732_42690-43736-0-1046	4	0.250000	run1
6528deeee4180c1b2b770a2929482e82<::>8	Q0	846587463_47463-47887-0-424	5	0.200000	run1
6528deeee4180c1b2b770a2929482e82<::>8	Q0	846587463_58638-58996-0-358	6	0.166667	run1
6528deeee4180c1b2b770a2929482e82<::>8	Q0	830211656_120-749-0-629	7	0.142857	run1
6528deeee4180c1b2b770a2929482e82<::>8	Q0	846587463_3244-3813-0-569	8	0.125000	run1
6528deeee4180c1b2b770a2929482e82<::>8	Q0	846587463_6374-6904-0-530	9	0.111111	run1
6528deeee4180c1b2b770a2929482e82<::>8	Q0	846587463_27414-27978-0-564	10	0.100000	run1
