d5b1e735a040853ed361a3dfde1b8ef0<::>1	Q0	ibmcld_00513-7-2197	1	1.000000	run1
d5b1e735a040853ed361a3dfde1b8ef0<::>1	Q0	ibmcld_00550-7-2005	2	0.500000	run1
d5b1e735a040853ed361a3dfde1b8ef0<::>1	Q0	ibmcld_11110-7-2325	3	0.333333	run1
d5b1e735a040853ed361a3dfde1b8ef0<::>1	Q0	ibmcld_09544-4-2227	4	0.250000	run1
d5b1e735a040853ed361a3dfde1b8ef0<::>1	Q0	ibmcld_00576-6036-7924	5	0.200000	run1
d5b1e735a040853ed361a3dfde1b8ef0<::>1	Q0	ibmcld_06618-4-2239	6	0.166667	run1
d5b1e735a040853ed361a3dfde1b8ef0<::>1	Q0	ibmcld_06542-3-1568	7	0.142857	run1
d5b1e735a040853ed361a3dfde1b8ef0<::>1	Q0	ibmcld_06686-4-2239	8	0.125000	run1
d5b1e735a040853ed361a3dfde1b8ef0<::>1	Q0	ibmcld_13480-7-2163	9	0.111111	run1
d5b1e735a040853ed361a3dfde1b8ef0<::>1	Q0	ibmcld_00576-7385-9302	10	0.100000	run1
d5b1e735a040853ed361a3dfde1b8ef0<::>2	Q0	ibmcld_00580-6386-8382	1	1.000000	run1
d5b1e735a040853ed361a3dfde1b8ef0<::>2	Q0	ibmcld_00580-4796-6846	2	0.500000	run1
d5b1e735a040853ed361a3dfde1b8ef0<::>2	Q0	ibmcld_00576-7385-9302	3	0.333333	run1
d5b1e735a040853ed361a3dfde1b8ef0<::>2	Q0	ibmcld_00623-7-1781	4	0.250000	run1
d5b1e735a040853ed361a3dfde1b8ef0<::>2	Q0	ibmcld_00579-1483-3406	5	0.200000	run1
d5b1e735a040853ed361a3dfde1b8ef0<::>2	Q0	ibmcld_00472-19526-21520	6	0.166667	run1
d5b1e735a040853ed361a3dfde1b8ef0<::>2	Q0	ibmcld_00580-34804-36790	7	0.142857	run1
d5b1e735a040853ed361a3dfde1b8ef0<::>2	Q0	ibmcld_00580-7918-10060	8	0.125000	run1
d5b1e735a040853ed361a3dfde1b8ef0<::>2	Q0	ibmcld_12904-23555-25450	9	0.111111	run1
d5b1e735a040853ed361a3dfde1b8ef0<::>2	Q0	ibmcld_00580-41116-43256	10	0.100000	run1
d5b1e735a040853ed361a3dfde1b8ef0<::>3	Q0	ibmcld_00580-3166-5282	1	1.000000	run1
d5b1e735a040853ed361a3dfde1b8ef0<::>3	Q0	ibmcld_00510-7123-9213	2	0.500000	run1
d5b1e735a040853ed361a3dfde1b8ef0<::>3	Q0	ibmcld_00580-7-1957	3	0.333333	run1
d5b1e735a040853ed361a3dfde1b8ef0<::>3	Q0	ibmcld_00556-7-1696	4	0.250000	run1
d5b1e735a040853ed361a3dfde1b8ef0<::>3	Q0	ibmcld_00579-1483-3406	5	0.200000	run1
d5b1e735a040853ed361a3dfde1b8ef0<::>3	Q0	ibmcld_00580-4796-6846	6	0.166667	run1
d5b1e735a040853ed361a3dfde1b8ef0<::>3	Q0	ibmcld_00623-7-1781	7	0.142857	run1
d5b1e735a040853ed361a3dfde1b8ef0<::>3	Q0	ibmcld_00576-1572-3411	8	0.125000	run1
d5b1e735a040853ed361a3dfde1b8ef0<::>3	Q0	ibmcld_15647-9342-11109	9	0.111111	run1
d5b1e735a040853ed361a3dfde1b8ef0<::>3	Q0	ibmcld_15747-4-2094	10	0.100000	run1
d5b1e735a040853ed361a3dfde1b8ef0<::>4	Q0	ibmcld_12904-23555-25450	1	1.000000	run1
d5b1e735a040853ed361a3dfde1b8ef0<::>4	Q0	ibmcld_00558-23465-25360	2	0.500000	run1
d5b1e735a040853ed361a3dfde1b8ef0<::>4	Q0	ibmcld_00510-7123-9213	3	0.333333	run1
d5b1e735a040853ed361a3dfde1b8ef0<::>4	Q0	ibmcld_00556-7-1696	4	0.250000	run1
d5b1e735a040853ed361a3dfde1b8ef0<::>4	Q0	ibmcld_07578-1268470-1270517	5	0.200000	run1
d5b1e735a040853ed361a3dfde1b8ef0<::>4	Q0	ibmcld_16727-1271119-1273166	6	0.166667	run1
d5b1e735a040853ed361a3dfde1b8ef0<::>4	Q0	ibmcld_00510-5537-7566	7	0.142857	run1
d5b1e735a040853ed361a3dfde1b8ef0<::>4	Q0	ibmcld_15298-5891-7299	8	0.125000	run1
d5b1e735a040853ed361a3dfde1b8ef0<::>4	Q0	ibmcld_00629-29811-31959	9	0.111111	run1
d5b1e735a040853ed361a3dfde1b8ef0<::>4	Q0	ibmcld_00485-1687-3253	10	0.100000	run1
d5b1e735a040853ed361a3dfde1b8ef0<::>5	Q0	ibmcld_12904-23555-25450	1	1.000000	run1
d5b1e735a040853ed361a3dfde1b8ef0<::>5	Q0	ibmcld_00510-7123-9213	2	0.500000	run1
d5b1e735a040853ed361a3dfde1b8ef0<::>5	Q0	ibmcld_00558-23465-25360	3	0.333333	run1
d5b1e735a040853ed361a3dfde1b8ef0<::>5	Q0	ibmcld_00556-7-1696	4	0.250000	run1
d5b1e735a040853ed361a3dfde1b8ef0<::>5	Q0	ibmcld_00510-5537-7566	5	0.200000	run1
d5b1e735a040853ed361a3dfde1b8ef0<::>5	Q0	ibmcld_00581-0-1268	6	0.166667	run1
d5b1e735a040853ed361a3dfde1b8ef0<::>5	Q0	ibmcld_01234-7-2066	7	0.142857	run1
d5b1e735a040853ed361a3dfde1b8ef0<::>5	Q0	ibmcld_00576-2983-5018	8	0.125000	run1
d5b1e735a040853ed361a3dfde1b8ef0<::>5	Q0	ibmcld_00485-1687-3253	9	0.111111	run1
d5b1e735a040853ed361a3dfde1b8ef0<::>5	Q0	ibmcld_00629-29811-31959	10	0.100000	run1
d5b1e735a040853ed361a3dfde1b8ef0<::>6	Q0	ibmcld_16729-107144-108976	1	1.000000	run1
d5b1e735a040853ed361a3dfde1b8ef0<::>6	Q0	ibmcld_00646-7-1813	2	0.500000	run1
d5b1e735a040853ed361a3dfde1b8ef0<::>6	Q0	ibmcld_13159-1443-3030	3	0.333333	run1
d5b1e735a040853ed361a3dfde1b8ef0<::>6	Q0	ibmcld_00547-7-1654	4	0.250000	run1
d5b1e735a040853ed361a3dfde1b8ef0<::>6	Q0	ibmcld_12439-4480-5517	5	0.200000	run1
d5b1e735a040853ed361a3dfde1b8ef0<::>6	Q0	ibmcld_12889-3-1157	6	0.166667	run1
d5b1e735a040853ed361a3dfde1b8ef0<::>6	Q0	ibmcld_00553-2137-3438	7	0.142857	run1
d5b1e735a040853ed361a3dfde1b8ef0<::>6	Q0	ibmcld_00580-20968-23077	8	0.125000	run1
d5b1e735a040853ed361a3dfde1b8ef0<::>6	Q0	ibmcld_12744-7-1645	9	0.111111	run1
d5b1e735a040853ed361a3dfde1b8ef0<::>6	Q0	ibmcld_00580-33278-35323	10	0.100000	run1
d5b1e735a040853ed361a3dfde1b8ef0<::>7	Q0	ibmcld_16729-112397-114109	1	1.000000	run1
d5b1e735a040853ed361a3dfde1b8ef0<::>7	Q0	ibmcld_00558-7-1874	2	0.500000	run1
d5b1e735a040853ed361a3dfde1b8ef0<::>7	Q0	ibmcld_12904-7-1919	3	0.333333	run1
d5b1e735a040853ed361a3dfde1b8ef0<::>7	Q0	ibmcld_00535-0-1738	4	0.250000	run1
d5b1e735a040853ed361a3dfde1b8ef0<::>7	Q0	ibmcld_12904-1535-3460	5	0.200000	run1
d5b1e735a040853ed361a3dfde1b8ef0<::>7	Q0	ibmcld_00558-1499-3456	6	0.166667	run1
d5b1e735a040853ed361a3dfde1b8ef0<::>7	Q0	ibmcld_00479-7-2264	7	0.142857	run1
d5b1e735a040853ed361a3dfde1b8ef0<::>7	Q0	ibmcld_01150-4410-6468	8	0.125000	run1
d5b1e735a040853ed361a3dfde1b8ef0<::>7	Q0	ibmcld_16727-699213-701164	9	0.111111	run1
d5b1e735a040853ed361a3dfde1b8ef0<::>7	Q0	ibmcld_00612-7-2163	10	0.100000	run1
d5b1e735a040853ed361a3dfde1b8ef0<::>8	Q0	ibmcld_00535-0-1738	1	1.000000	run1
d5b1e735a040853ed361a3dfde1b8ef0<::>8	Q0	ibmcld_00558-7-1874	2	0.500000	run1
d5b1e735a040853ed361a3dfde1b8ef0<::>8	Q0	ibmcld_16729-112397-114109	3	0.333333	run1
d5b1e735a040853ed361a3dfde1b8ef0<::>8	Q0	ibmcld_12904-7-1919	4	0.250000	run1
d5b1e735a040853ed361a3dfde1b8ef0<::>8	Q0	ibmcld_00609-0-1350	5	0.200000	run1
d5b1e735a040853ed361a3dfde1b8ef0<::>8	Q0	ibmcld_00558-1499-3456	6	0.166667	run1
d5b1e735a040853ed361a3dfde1b8ef0<::>8	Q0	ibmcld_12904-1535-3460	7	0.142857	run1
d5b1e735a040853ed361a3dfde1b8ef0<::>8	Q0	ibmcld_00558-2925-4840	8	0.125000	run1
d5b1e735a040853ed361a3dfde1b8ef0<::>8	Q0	ibmcld_12904-2979-4903	9	0.111111	run1
d5b1e735a040853ed361a3dfde1b8ef0<::>8	Q0	ibmcld_00489-2612-4354	10	0.100000	run1
d5b1e735a040853ed361a3dfde1b8ef0<::>9	Q0	ibmcld_00462-1307-2903	1	1.000000	run1
d5b1e735a040853ed361a3dfde1b8ef0<::>9	Q0	ibmcld_00462-7-1647	2	0.500000	run1
d5b1e735a040853ed361a3dfde1b8ef0<::>9	Q0	ibmcld_12896-2674-4240	3	0.333333	run1
d5b1e735a040853ed361a3dfde1b8ef0<::>9	Q0	ibmcld_00495-2656-4252	4	0.250000	run1
d5b1e735a040853ed361a3dfde1b8ef0<::>9	Q0	ibmcld_12896-4072-5538	5	0.200000	run1
d5b1e735a040853ed361a3dfde1b8ef0<::>9	Q0	ibmcld_00495-4036-5502	6	0.166667	run1
d5b1e735a040853ed361a3dfde1b8ef0<::>9	Q0	ibmcld_00495-1384-3135	7	0.142857	run1
d5b1e735a040853ed361a3dfde1b8ef0<::>9	Q0	ibmcld_00589-18424-20018	8	0.125000	run1
d5b1e735a040853ed361a3dfde1b8ef0<::>9	Q0	ibmcld_12896-1393-3153	9	0.111111	run1
d5b1e735a040853ed361a3dfde1b8ef0<::>9	Q0	ibmcld_00620-14227-15704	10	0.100000	run1
fdee20f7fd677e420742b09989623d68<::>1	Q0	ibmcld_16295-7-1721	1	1.000000	run1
fdee20f7fd677e420742b09989623d68<::>1	Q0	ibmcld_16368-7-2072	2	0.500000	run1
fdee20f7fd677e420742b09989623d68<::>1	Q0	ibmcld_03080-7-1901	3	0.333333	run1
fdee20f7fd677e420742b09989623d68<::>1	Q0	ibmcld_03166-4-2012	4	0.250000	run1
fdee20f7fd677e420742b09989623d68<::>1	Q0	ibmcld_02855-7-2041	5	0.200000	run1
fdee20f7fd677e420742b09989623d68<::>1	Q0	ibmcld_16384-7-2422	6	0.166667	run1
fdee20f7fd677e420742b09989623d68<::>1	Q0	ibmcld_03166-6034-7833	7	0.142857	run1
fdee20f7fd677e420742b09989623d68<::>1	Q0	ibmcld_03421-1518-3290	8	0.125000	run1
fdee20f7fd677e420742b09989623d68<::>1	Q0	ibmcld_16384-1889-3334	9	0.111111	run1
fdee20f7fd677e420742b09989623d68<::>1	Q0	ibmcld_03080-1529-3357	10	0.100000	run1
fdee20f7fd677e420742b09989623d68<::>2	Q0	ibmcld_16295-7-1721	1	1.000000	run1
fdee20f7fd677e420742b09989623d68<::>2	Q0	ibmcld_16368-7-2072	2	0.500000	run1
fdee20f7fd677e420742b09989623d68<::>2	Q0	ibmcld_03166-4-2012	3	0.333333	run1
fdee20f7fd677e420742b09989623d68<::>2	Q0	ibmcld_16295-1365-2938	4	0.250000	run1
fdee20f7fd677e420742b09989623d68<::>2	Q0	ibmcld_16384-7-2422	5	0.200000	run1
fdee20f7fd677e420742b09989623d68<::>2	Q0	ibmcld_02855-7-2041	6	0.166667	run1
fdee20f7fd677e420742b09989623d68<::>2	Q0	ibmcld_03421-1518-3290	7	0.142857	run1
fdee20f7fd677e420742b09989623d68<::>2	Q0	ibmcld_03080-7-1901	8	0.125000	run1
fdee20f7fd677e420742b09989623d68<::>2	Q0	ibmcld_16384-1889-3334	9	0.111111	run1
fdee20f7fd677e420742b09989623d68<::>2	Q0	ibmcld_03080-1529-3357	10	0.100000	run1
fdee20f7fd677e420742b09989623d68<::>3	Q0	ibmcld_16368-7-2072	1	1.000000	run1
fdee20f7fd677e420742b09989623d68<::>3	Q0	ibmcld_03421-1518-3290	2	0.500000	run1
fdee20f7fd677e420742b09989623d68<::>3	Q0	ibmcld_16384-7-2422	3	0.333333	run1
fdee20f7fd677e420742b09989623d68<::>3	Q0	ibmcld_03080-7-1901	4	0.250000	run1
fdee20f7fd677e420742b09989623d68<::>3	Q0	ibmcld_16384-1889-3334	5	0.200000	run1
fdee20f7fd677e420742b09989623d68<::>3	Q0	ibmcld_03166-8640-10452	6	0.166667	run1
fdee20f7fd677e420742b09989623d68<::>3	Q0	ibmcld_03080-1529-3357	7	0.142857	run1
fdee20f7fd677e420742b09989623d68<::>3	Q0	ibmcld_03421-4-1877	8	0.125000	run1
fdee20f7fd677e420742b09989623d68<::>3	Q0	ibmcld_16295-7-1721	9	0.111111	run1
fdee20f7fd677e420742b09989623d68<::>3	Q0	ibmcld_16365-8408-10508	10	0.100000	run1
fdee20f7fd677e420742b09989623d68<::>4	Q0	ibmcld_16388-7-1918	1	1.000000	run1
fdee20f7fd677e420742b09989623d68<::>4	Q0	ibmcld_16298-6367-7794	2	0.500000	run1
fdee20f7fd677e420742b09989623d68<::>4	Q0	ibmcld_03180-5630-7213	3	0.333333	run1
fdee20f7fd677e420742b09989623d68<::>4	Q0	ibmcld_03422-6821-8665	4	0.250000	run1
fdee20f7fd677e420742b09989623d68<::>4	Q0	ibmcld_02855-27616-29462	5	0.200000	run1
fdee20f7fd677e420742b09989623d68<::>4	Q0	ibmcld_16385-3291-4480	6	0.166667	run1
fdee20f7fd677e420742b09989623d68<::>4	Q0	ibmcld_03188-4819-6738	7	0.142857	run1
fdee20f7fd677e420742b09989623d68<::>4	Q0	ibmcld_16385-1806-3819	8	0.125000	run1
fdee20f7fd677e420742b09989623d68<::>4	Q0	ibmcld_16388-1286-2901	9	0.111111	run1
fdee20f7fd677e420742b09989623d68<::>4	Q0	ibmcld_16387-7-1890	10	0.100000	run1
fdee20f7fd677e420742b09989623d68<::>5	Q0	ibmcld_03080-7-1901	1	1.000000	run1
fdee20f7fd677e420742b09989623d68<::>5	Q0	ibmcld_16368-7-2072	2	0.500000	run1
fdee20f7fd677e420742b09989623d68<::>5	Q0	ibmcld_03421-4-1877	3	0.333333	run1
fdee20f7fd677e420742b09989623d68<::>5	Q0	ibmcld_03421-1518-3290	4	0.250000	run1
fdee20f7fd677e420742b09989623d68<::>5	Q0	ibmcld_16389-0-2061	5	0.200000	run1
fdee20f7fd677e420742b09989623d68<::>5	Q0	ibmcld_03166-8640-10452	6	0.166667	run1
fdee20f7fd677e420742b09989623d68<::>5	Q0	ibmcld_16384-7-2422	7	0.142857	run1
fdee20f7fd677e420742b09989623d68<::>5	Q0	ibmcld_03080-1529-3357	8	0.125000	run1
fdee20f7fd677e420742b09989623d68<::>5	Q0	ibmcld_02855-7-2041	9	0.111111	run1
fdee20f7fd677e420742b09989623d68<::>5	Q0	ibmcld_16365-7-1700	10	0.100000	run1
fdee20f7fd677e420742b09989623d68<::>6	Q0	ibmcld_16295-7-1721	1	1.000000	run1
fdee20f7fd677e420742b09989623d68<::>6	Q0	ibmcld_16368-7-2072	2	0.500000	run1
fdee20f7fd677e420742b09989623d68<::>6	Q0	ibmcld_16384-7-2422	3	0.333333	run1
fdee20f7fd677e420742b09989623d68<::>6	Q0	ibmcld_03080-7-1901	4	0.250000	run1
fdee20f7fd677e420742b09989623d68<::>6	Q0	ibmcld_03080-1529-3357	5	0.200000	run1
fdee20f7fd677e420742b09989623d68<::>6	Q0	ibmcld_02855-7-2041	6	0.166667	run1
fdee20f7fd677e420742b09989623d68<::>6	Q0	ibmcld_03421-1518-3290	7	0.142857	run1
fdee20f7fd677e420742b09989623d68<::>6	Q0	ibmcld_03166-4-2012	8	0.125000	run1
fdee20f7fd677e420742b09989623d68<::>6	Q0	ibmcld_16295-1365-2938	9	0.111111	run1
fdee20f7fd677e420742b09989623d68<::>6	Q0	ibmcld_03421-4-1877	10	0.100000	run1
fdee20f7fd677e420742b09989623d68<::>7	Q0	ibmcld_16368-14455-16070	1	1.000000	run1
fdee20f7fd677e420742b09989623d68<::>7	Q0	ibmcld_16386-7-2009	2	0.500000	run1
fdee20f7fd677e420742b09989623d68<::>7	Q0	ibmcld_16385-1806-3819	3	0.333333	run1
fdee20f7fd677e420742b09989623d68<::>7	Q0	ibmcld_03422-11881-13717	4	0.250000	run1
fdee20f7fd677e420742b09989623d68<::>7	Q0	ibmcld_16368-13121-14853	5	0.200000	run1
fdee20f7fd677e420742b09989623d68<::>7	Q0	ibmcld_16365-15662-16934	6	0.166667	run1
fdee20f7fd677e420742b09989623d68<::>7	Q0	ibmcld_03422-1615-3407	7	0.142857	run1
fdee20f7fd677e420742b09989623d68<::>7	Q0	ibmcld_03422-4265-5874	8	0.125000	run1
fdee20f7fd677e420742b09989623d68<::>7	Q0	ibmcld_16384-1889-3334	9	0.111111	run1
fdee20f7fd677e420742b09989623d68<::>7	Q0	ibmcld_03421-9438-11232	10	0.100000	run1
fdee20f7fd677e420742b09989623d68<::>8	Q0	ibmcld_16368-7-2072	1	1.000000	run1
fdee20f7fd677e420742b09989623d68<::>8	Q0	ibmcld_03080-1529-3357	2	0.500000	run1
fdee20f7fd677e420742b09989623d68<::>8	Q0	ibmcld_16295-7-1721	3	0.333333	run1
fdee20f7fd677e420742b09989623d68<::>8	Q0	ibmcld_03080-7-1901	4	0.250000	run1
fdee20f7fd677e420742b09989623d68<::>8	Q0	ibmcld_16366-1573-3444	5	0.200000	run1
fdee20f7fd677e420742b09989623d68<::>8	Q0	ibmcld_03421-4-1877	6	0.166667	run1
fdee20f7fd677e420742b09989623d68<::>8	Q0	ibmcld_16384-7-2422	7	0.142857	run1
fdee20f7fd677e420742b09989623d68<::>8	Q0	ibmcld_16365-7-1700	8	0.125000	run1
fdee20f7fd677e420742b09989623d68<::>8	Q0	ibmcld_03421-1518-3290	9	0.111111	run1
fdee20f7fd677e420742b09989623d68<::>8	Q0	ibmcld_16365-8408-10508	10	0.100000	run1
be461bfeda2d4826cdb663dcaa7d1ced<::>1	Q0	ibmcld_06160-11142-12906	1	1.000000	run1
be461bfeda2d4826cdb663dcaa7d1ced<::>1	Q0	ibmcld_10596-11475-13230	2	0.500000	run1
be461bfeda2d4826cdb663dcaa7d1ced<::>1	Q0	ibmcld_10596-9883-11854	3	0.333333	run1
be461bfeda2d4826cdb663dcaa7d1ced<::>1	Q0	ibmcld_10596-12943-14509	4	0.250000	run1
be461bfeda2d4826cdb663dcaa7d1ced<::>1	Q0	ibmcld_06160-12611-14167	5	0.200000	run1
be461bfeda2d4826cdb663dcaa7d1ced<::>1	Q0	ibmcld_10534-545406-546780	6	0.166667	run1
be461bfeda2d4826cdb663dcaa7d1ced<::>1	Q0	ibmcld_06160-10037-11653	7	0.142857	run1
be461bfeda2d4826cdb663dcaa7d1ced<::>1	Q0	ibmcld_10534-540701-541915	8	0.125000	run1
be461bfeda2d4826cdb663dcaa7d1ced<::>1	Q0	ibmcld_10596-5350-7330	9	0.111111	run1
be461bfeda2d4826cdb663dcaa7d1ced<::>1	Q0	ibmcld_05747-7-1924	10	0.100000	run1
be461bfeda2d4826cdb663dcaa7d1ced<::>2	Q0	ibmcld_06209-6757-8643	1	1.000000	run1
be461bfeda2d4826cdb663dcaa7d1ced<::>2	Q0	ibmcld_06209-8154-10055	2	0.500000	run1
be461bfeda2d4826cdb663dcaa7d1ced<::>2	Q0	ibmcld_10642-7855-9754	3	0.333333	run1
be461bfeda2d4826cdb663dcaa7d1ced<::>2	Q0	ibmcld_05529-45126-46213	4	0.250000	run1
be461bfeda2d4826cdb663dcaa7d1ced<::>2	Q0	ibmcld_10642-6354-8294	5	0.200000	run1
be461bfeda2d4826cdb663dcaa7d1ced<::>2	Q0	ibmcld_05598-74350-75436	6	0.166667	run1
be461bfeda2d4826cdb663dcaa7d1ced<::>2	Q0	ibmcld_05528-30080-31167	7	0.142857	run1
be461bfeda2d4826cdb663dcaa7d1ced<::>2	Q0	ibmcld_05693-0-832	8	0.125000	run1
be461bfeda2d4826cdb663dcaa7d1ced<::>2	Q0	ibmcld_05526-33989-35119	9	0.111111	run1
be461bfeda2d4826cdb663dcaa7d1ced<::>2	Q0	ibmcld_10145-0-822	10	0.100000	run1
be461bfeda2d4826cdb663dcaa7d1ced<::>3	Q0	ibmcld_06209-8154-10055	1	1.000000	run1
be461bfeda2d4826cdb663dcaa7d1ced<::>3	Q0	ibmcld_06209-6757-8643	2	0.500000	run1
be461bfeda2d4826cdb663dcaa7d1ced<::>3	Q0	ibmcld_10394-7-1848	3	0.333333	run1
be461bfeda2d4826cdb663dcaa7d1ced<::>3	Q0	ibmcld_06209-19911-21816	4	0.250000	run1
be461bfeda2d4826cdb663dcaa7d1ced<::>3	Q0	ibmcld_10642-6354-8294	5	0.200000	run1
be461bfeda2d4826cdb663dcaa7d1ced<::>3	Q0	ibmcld_10642-7855-9754	6	0.166667	run1
be461bfeda2d4826cdb663dcaa7d1ced<::>3	Q0	ibmcld_10642-7-1848	7	0.142857	run1
be461bfeda2d4826cdb663dcaa7d1ced<::>3	Q0	ibmcld_06209-7-1817	8	0.125000	run1
be461bfeda2d4826cdb663dcaa7d1ced<::>3	Q0	ibmcld_04489-116642-118577	9	0.111111	run1
be461bfeda2d4826cdb663dcaa7d1ced<::>3	Q0	ibmcld_10395-7-1827	10	0.100000	run1
be461bfeda2d4826cdb663dcaa7d1ced<::>4	Q0	ibmcld_06209-8154-10055	1	1.000000	run1
be461bfeda2d4826cdb663dcaa7d1ced<::>4	Q0	ibmcld_06209-6757-8643	2	0.500000	run1
be461bfeda2d4826cdb663dcaa7d1ced<::>4	Q0	ibmcld_10642-7855-9754	3	0.333333	run1
be461bfeda2d4826cdb663dcaa7d1ced<::>4	Q0	ibmcld_06209-19911-21816	4	0.250000	run1
be461bfeda2d4826cdb663dcaa7d1ced<::>4	Q0	ibmcld_10642-6354-8294	5	0.200000	run1
be461bfeda2d4826cdb663dcaa7d1ced<::>4	Q0	ibmcld_10394-7-1848	6	0.166667	run1
be461bfeda2d4826cdb663dcaa7d1ced<::>4	Q0	ibmcld_04489-116642-118577	7	0.142857	run1
be461bfeda2d4826cdb663dcaa7d1ced<::>4	Q0	ibmcld_05891-116023-117972	8	0.125000	run1
be461bfeda2d4826cdb663dcaa7d1ced<::>4	Q0	ibmcld_10290-113594-115347	9	0.111111	run1
be461bfeda2d4826cdb663dcaa7d1ced<::>4	Q0	ibmcld_10395-7-1827	10	0.100000	run1
be461bfeda2d4826cdb663dcaa7d1ced<::>5	Q0	ibmcld_06160-11142-12906	1	1.000000	run1
be461bfeda2d4826cdb663dcaa7d1ced<::>5	Q0	ibmcld_10568-21131-23284	2	0.500000	run1
be461bfeda2d4826cdb663dcaa7d1ced<::>5	Q0	ibmcld_10596-11475-13230	3	0.333333	run1
be461bfeda2d4826cdb663dcaa7d1ced<::>5	Q0	ibmcld_10444-6885-8477	4	0.250000	run1
be461bfeda2d4826cdb663dcaa7d1ced<::>5	Q0	ibmcld_10596-9883-11854	5	0.200000	run1
be461bfeda2d4826cdb663dcaa7d1ced<::>5	Q0	ibmcld_10568-9803-11621	6	0.166667	run1
be461bfeda2d4826cdb663dcaa7d1ced<::>5	Q0	ibmcld_06160-10037-11653	7	0.142857	run1
be461bfeda2d4826cdb663dcaa7d1ced<::>5	Q0	ibmcld_05858-7079-9314	8	0.125000	run1
be461bfeda2d4826cdb663dcaa7d1ced<::>5	Q0	ibmcld_05762-7-1980	9	0.111111	run1
be461bfeda2d4826cdb663dcaa7d1ced<::>5	Q0	ibmcld_06128-10107-11936	10	0.100000	run1
be461bfeda2d4826cdb663dcaa7d1ced<::>6	Q0	ibmcld_06320-2897-4555	1	1.000000	run1
be461bfeda2d4826cdb663dcaa7d1ced<::>6	Q0	ibmcld_03837-1503-3686	2	0.500000	run1
be461bfeda2d4826cdb663dcaa7d1ced<::>6	Q0	ibmcld_07578-167747-169664	3	0.333333	run1
be461bfeda2d4826cdb663dcaa7d1ced<::>6	Q0	ibmcld_03916-52329-54120	4	0.250000	run1
be461bfeda2d4826cdb663dcaa7d1ced<::>6	Q0	ibmcld_16727-167721-169638	5	0.200000	run1
be461bfeda2d4826cdb663dcaa7d1ced<::>6	Q0	ibmcld_03884-1775-4170	6	0.166667	run1
be461bfeda2d4826cdb663dcaa7d1ced<::>6	Q0	ibmcld_04082-1339-2584	7	0.142857	run1
be461bfeda2d4826cdb663dcaa7d1ced<::>6	Q0	ibmcld_07578-143784-145737	8	0.125000	run1
be461bfeda2d4826cdb663dcaa7d1ced<::>6	Q0	ibmcld_04090-125946-127333	9	0.111111	run1
be461bfeda2d4826cdb663dcaa7d1ced<::>6	Q0	ibmcld_16727-143758-145711	10	0.100000	run1
be461bfeda2d4826cdb663dcaa7d1ced<::>7	Q0	ibmcld_06160-11142-12906	1	1.000000	run1
be461bfeda2d4826cdb663dcaa7d1ced<::>7	Q0	ibmcld_10596-11475-13230	2	0.500000	run1
be461bfeda2d4826cdb663dcaa7d1ced<::>7	Q0	ibmcld_10596-12943-14509	3	0.333333	run1
be461bfeda2d4826cdb663dcaa7d1ced<::>7	Q0	ibmcld_06160-12611-14167	4	0.250000	run1
be461bfeda2d4826cdb663dcaa7d1ced<::>7	Q0	ibmcld_10568-21131-23284	5	0.200000	run1
be461bfeda2d4826cdb663dcaa7d1ced<::>7	Q0	ibmcld_10596-5350-7330	6	0.166667	run1
be461bfeda2d4826cdb663dcaa7d1ced<::>7	Q0	ibmcld_05747-7-1924	7	0.142857	run1
be461bfeda2d4826cdb663dcaa7d1ced<::>7	Q0	ibmcld_06160-5357-7356	8	0.125000	run1
be461bfeda2d4826cdb663dcaa7d1ced<::>7	Q0	ibmcld_06128-10107-11936	9	0.111111	run1
be461bfeda2d4826cdb663dcaa7d1ced<::>7	Q0	ibmcld_10596-9883-11854	10	0.100000	run1
be461bfeda2d4826cdb663dcaa7d1ced<::>8	Q0	ibmcld_16729-218252-220002	1	1.000000	run1
be461bfeda2d4826cdb663dcaa7d1ced<::>8	Q0	ibmcld_10642-10731-12253	2	0.500000	run1
be461bfeda2d4826cdb663dcaa7d1ced<::>8	Q0	ibmcld_10068-66169-67695	3	0.333333	run1
be461bfeda2d4826cdb663dcaa7d1ced<::>8	Q0	ibmcld_10284-1470-3569	4	0.250000	run1
be461bfeda2d4826cdb663dcaa7d1ced<::>8	Q0	ibmcld_10402-71558-73110	5	0.200000	run1
be461bfeda2d4826cdb663dcaa7d1ced<::>8	Q0	ibmcld_10068-115418-116493	6	0.166667	run1
be461bfeda2d4826cdb663dcaa7d1ced<::>8	Q0	ibmcld_10642-9304-11080	7	0.142857	run1
be461bfeda2d4826cdb663dcaa7d1ced<::>8	Q0	ibmcld_10400-7104-8022	8	0.125000	run1
be461bfeda2d4826cdb663dcaa7d1ced<::>8	Q0	ibmcld_10403-88925-90236	9	0.111111	run1
be461bfeda2d4826cdb663dcaa7d1ced<::>8	Q0	ibmcld_10399-7236-8154	10	0.100000	run1
be461bfeda2d4826cdb663dcaa7d1ced<::>9	Q0	ibmcld_14913-0-1238	1	1.000000	run1
be461bfeda2d4826cdb663dcaa7d1ced<::>9	Q0	ibmcld_07717-7794-9268	2	0.500000	run1
be461bfeda2d4826cdb663dcaa7d1ced<::>9	Q0	ibmcld_11130-1841-4011	3	0.333333	run1
be461bfeda2d4826cdb663dcaa7d1ced<::>9	Q0	ibmcld_07717-6101-8054	4	0.250000	run1
be461bfeda2d4826cdb663dcaa7d1ced<::>9	Q0	ibmcld_14549-16227-18518	5	0.200000	run1
be461bfeda2d4826cdb663dcaa7d1ced<::>9	Q0	ibmcld_13904-0-1404	6	0.166667	run1
be461bfeda2d4826cdb663dcaa7d1ced<::>9	Q0	ibmcld_07578-180868-182768	7	0.142857	run1
be461bfeda2d4826cdb663dcaa7d1ced<::>9	Q0	ibmcld_16727-180842-182742	8	0.125000	run1
be461bfeda2d4826cdb663dcaa7d1ced<::>9	Q0	ibmcld_16026-0-358	9	0.111111	run1
be461bfeda2d4826cdb663dcaa7d1ced<::>9	Q0	ibmcld_07953-7-2429	10	0.100000	run1
1c041ce47a81941c26899fdf08bde961<::>1	Q0	ibmcld_11531-7-2096	1	1.000000	run1
1c041ce47a81941c26899fdf08bde961<::>1	Q0	ibmcld_09989-0-1547	2	0.500000	run1
1c041ce47a81941c26899fdf08bde961<::>1	Q0	ibmcld_11670-0-1646	3	0.333333	run1
1c041ce47a81941c26899fdf08bde961<::>1	Q0	ibmcld_09988-7-1841	4	0.250000	run1
1c041ce47a81941c26899fdf08bde961<::>1	Q0	ibmcld_16654-7-2090	5	0.200000	run1
1c041ce47a81941c26899fdf08bde961<::>1	Q0	ibmcld_13493-7-1679	6	0.166667	run1
1c041ce47a81941c26899fdf08bde961<::>1	Q0	ibmcld_13498-4203-6131	7	0.142857	run1
1c041ce47a81941c26899fdf08bde961<::>1	Q0	ibmcld_09980-7404-8312	8	0.125000	run1
1c041ce47a81941c26899fdf08bde961<::>1	Q0	ibmcld_07436-7-1996	9	0.111111	run1
1c041ce47a81941c26899fdf08bde961<::>1	Q0	ibmcld_06566-2732-4096	10	0.100000	run1
1c041ce47a81941c26899fdf08bde961<::>2	Q0	ibmcld_13493-7-1679	1	1.000000	run1
1c041ce47a81941c26899fdf08bde961<::>2	Q0	ibmcld_13490-8459-10131	2	0.500000	run1
1c041ce47a81941c26899fdf08bde961<::>2	Q0	ibmcld_13111-8468-10140	3	0.333333	run1
1c041ce47a81941c26899fdf08bde961<::>2	Q0	ibmcld_09989-0-1547	4	0.250000	run1
1c041ce47a81941c26899fdf08bde961<::>2	Q0	ibmcld_13493-1220-3010	5	0.200000	run1
1c041ce47a81941c26899fdf08bde961<::>2	Q0	ibmcld_13472-3084-5036	6	0.166667	run1
1c041ce47a81941c26899fdf08bde961<::>2	Q0	ibmcld_13498-31178-32892	7	0.142857	run1
1c041ce47a81941c26899fdf08bde961<::>2	Q0	ibmcld_13492-1566-3634	8	0.125000	run1
1c041ce47a81941c26899fdf08bde961<::>2	Q0	ibmcld_05152-1176-2997	9	0.111111	run1
1c041ce47a81941c26899fdf08bde961<::>2	Q0	ibmcld_13480-7832-9910	10	0.100000	run1
1c041ce47a81941c26899fdf08bde961<::>3	Q0	ibmcld_16628-0-1541	1	1.000000	run1
1c041ce47a81941c26899fdf08bde961<::>3	Q0	ibmcld_13498-67367-68536	2	0.500000	run1
1c041ce47a81941c26899fdf08bde961<::>3	Q0	ibmcld_13475-2776-3323	3	0.333333	run1
1c041ce47a81941c26899fdf08bde961<::>3	Q0	ibmcld_09988-1469-3494	4	0.250000	run1
1c041ce47a81941c26899fdf08bde961<::>3	Q0	ibmcld_13492-4722-6382	5	0.200000	run1
1c041ce47a81941c26899fdf08bde961<::>3	Q0	ibmcld_09988-7-1841	6	0.166667	run1
1c041ce47a81941c26899fdf08bde961<::>3	Q0	ibmcld_13498-70698-72301	7	0.142857	run1
1c041ce47a81941c26899fdf08bde961<::>3	Q0	ibmcld_13472-3084-5036	8	0.125000	run1
1c041ce47a81941c26899fdf08bde961<::>3	Q0	ibmcld_13475-1462-3168	9	0.111111	run1
1c041ce47a81941c26899fdf08bde961<::>3	Q0	ibmcld_09989-0-1547	10	0.100000	run1
1c041ce47a81941c26899fdf08bde961<::>4	Q0	ibmcld_07175-7-2035	1	1.000000	run1
1c041ce47a81941c26899fdf08bde961<::>4	Q0	ibmcld_07175-1564-2340	2	0.500000	run1
1c041ce47a81941c26899fdf08bde961<::>4	Q0	ibmcld_07242-2547-4328	3	0.333333	run1
1c041ce47a81941c26899fdf08bde961<::>4	Q0	ibmcld_07045-7-2118	4	0.250000	run1
1c041ce47a81941c26899fdf08bde961<::>4	Q0	ibmcld_07176-1848-3996	5	0.200000	run1
1c041ce47a81941c26899fdf08bde961<::>4	Q0	ibmcld_07176-7-2278	6	0.166667	run1
1c041ce47a81941c26899fdf08bde961<::>4	Q0	ibmcld_13075-7-2200	7	0.142857	run1
1c041ce47a81941c26899fdf08bde961<::>4	Q0	ibmcld_07086-7-2167	8	0.125000	run1
1c041ce47a81941c26899fdf08bde961<::>4	Q0	ibmcld_07163-7-1995	9	0.111111	run1
1c041ce47a81941c26899fdf08bde961<::>4	Q0	ibmcld_07237-1522-3387	10	0.100000	run1
1c041ce47a81941c26899fdf08bde961<::>5	Q0	ibmcld_16551-0-1579	1	1.000000	run1
1c041ce47a81941c26899fdf08bde961<::>5	Q0	ibmcld_00208-7298-9073	2	0.500000	run1
1c041ce47a81941c26899fdf08bde961<::>5	Q0	ibmcld_14573-0-1280	3	0.333333	run1
1c041ce47a81941c26899fdf08bde961<::>5	Q0	ibmcld_07578-1234045-1235864	4	0.250000	run1
1c041ce47a81941c26899fdf08bde961<::>5	Q0	ibmcld_04693-5720-7686	5	0.200000	run1
1c041ce47a81941c26899fdf08bde961<::>5	Q0	ibmcld_16727-1236678-1238497	6	0.166667	run1
1c041ce47a81941c26899fdf08bde961<::>5	Q0	ibmcld_16452-8473-9628	7	0.142857	run1
1c041ce47a81941c26899fdf08bde961<::>5	Q0	ibmcld_07578-769389-771160	8	0.125000	run1
1c041ce47a81941c26899fdf08bde961<::>5	Q0	ibmcld_00546-3779-4137	9	0.111111	run1
1c041ce47a81941c26899fdf08bde961<::>5	Q0	ibmcld_10543-5396-7301	10	0.100000	run1
1c041ce47a81941c26899fdf08bde961<::>6	Q0	ibmcld_16729-11586-13439	1	1.000000	run1
1c041ce47a81941c26899fdf08bde961<::>6	Q0	ibmcld_13162-7-1878	2	0.500000	run1
1c041ce47a81941c26899fdf08bde961<::>6	Q0	ibmcld_13162-12751-14416	3	0.333333	run1
1c041ce47a81941c26899fdf08bde961<::>6	Q0	ibmcld_16728-5097-7108	4	0.250000	run1
1c041ce47a81941c26899fdf08bde961<::>6	Q0	ibmcld_13162-11690-13171	5	0.200000	run1
1c041ce47a81941c26899fdf08bde961<::>6	Q0	ibmcld_16729-326786-328759	6	0.166667	run1
1c041ce47a81941c26899fdf08bde961<::>6	Q0	ibmcld_14654-7-1943	7	0.142857	run1
1c041ce47a81941c26899fdf08bde961<::>6	Q0	ibmcld_16728-6533-8457	8	0.125000	run1
1c041ce47a81941c26899fdf08bde961<::>6	Q0	ibmcld_14823-7-1880	9	0.111111	run1
1c041ce47a81941c26899fdf08bde961<::>6	Q0	ibmcld_03595-3056-4739	10	0.100000	run1
1c041ce47a81941c26899fdf08bde961<::>7	Q0	ibmcld_16627-0-1141	1	1.000000	run1
1c041ce47a81941c26899fdf08bde961<::>7	Q0	ibmcld_16638-0-764	2	0.500000	run1
1c041ce47a81941c26899fdf08bde961<::>7	Q0	ibmcld_13480-3420-5386	3	0.333333	run1
1c041ce47a81941c26899fdf08bde961<::>7	Q0	ibmcld_13498-108109-110305	4	0.250000	run1
1c041ce47a81941c26899fdf08bde961<::>7	Q0	ibmcld_16612-0-523	5	0.200000	run1
1c041ce47a81941c26899fdf08bde961<::>7	Q0	ibmcld_16613-0-1165	6	0.166667	run1
1c041ce47a81941c26899fdf08bde961<::>7	Q0	ibmcld_13498-106506-108540	7	0.142857	run1
1c041ce47a81941c26899fdf08bde961<::>7	Q0	ibmcld_13498-101780-103603	8	0.125000	run1
1c041ce47a81941c26899fdf08bde961<::>7	Q0	ibmcld_00054-3422-4901	9	0.111111	run1
1c041ce47a81941c26899fdf08bde961<::>7	Q0	ibmcld_09951-0-757	10	0.100000	run1
1c041ce47a81941c26899fdf08bde961<::>8	Q0	ibmcld_00539-7-1755	1	1.000000	run1
1c041ce47a81941c26899fdf08bde961<::>8	Q0	ibmcld_00522-7-1725	2	0.500000	run1
1c041ce47a81941c26899fdf08bde961<::>8	Q0	ibmcld_00512-5160-7348	3	0.333333	run1
1c041ce47a81941c26899fdf08bde961<::>8	Q0	ibmcld_00522-2652-4218	4	0.250000	run1
1c041ce47a81941c26899fdf08bde961<::>8	Q0	ibmcld_00579-7-1988	5	0.200000	run1
1c041ce47a81941c26899fdf08bde961<::>8	Q0	ibmcld_00491-1283-3050	6	0.166667	run1
1c041ce47a81941c26899fdf08bde961<::>8	Q0	ibmcld_00495-4036-5502	7	0.142857	run1
1c041ce47a81941c26899fdf08bde961<::>8	Q0	ibmcld_00580-36448-38370	8	0.125000	run1
1c041ce47a81941c26899fdf08bde961<::>8	Q0	ibmcld_12896-4072-5538	9	0.111111	run1
1c041ce47a81941c26899fdf08bde961<::>8	Q0	ibmcld_00553-6057-7460	10	0.100000	run1
1dcbbeb35d4d25ba1ffb787a9f2080e2<::>1	Q0	ibmcld_16258-1324-3123	1	1.000000	run1
1dcbbeb35d4d25ba1ffb787a9f2080e2<::>1	Q0	ibmcld_16258-2570-3569	2	0.500000	run1
1dcbbeb35d4d25ba1ffb787a9f2080e2<::>1	Q0	ibmcld_16258-7-1952	3	0.333333	run1
1dcbbeb35d4d25ba1ffb787a9f2080e2<::>1	Q0	ibmcld_03036-4322-6185	4	0.250000	run1
1dcbbeb35d4d25ba1ffb787a9f2080e2<::>1	Q0	ibmcld_03036-2789-4951	5	0.200000	run1
1dcbbeb35d4d25ba1ffb787a9f2080e2<::>1	Q0	ibmcld_16364-36153-38148	6	0.166667	run1
1dcbbeb35d4d25ba1ffb787a9f2080e2<::>1	Q0	ibmcld_03028-1501-3230	7	0.142857	run1
1dcbbeb35d4d25ba1ffb787a9f2080e2<::>1	Q0	ibmcld_03363-1671-3630	8	0.125000	run1
1dcbbeb35d4d25ba1ffb787a9f2080e2<::>1	Q0	ibmcld_07174-4025-4810	9	0.111111	run1
1dcbbeb35d4d25ba1ffb787a9f2080e2<::>1	Q0	ibmcld_16727-85529-87367	10	0.100000	run1
1dcbbeb35d4d25ba1ffb787a9f2080e2<::>2	Q0	ibmcld_03037-1358-3485	1	1.000000	run1
1dcbbeb35d4d25ba1ffb787a9f2080e2<::>2	Q0	ibmcld_16258-1324-3123	2	0.500000	run1
1dcbbeb35d4d25ba1ffb787a9f2080e2<::>2	Q0	ibmcld_16258-2570-3569	3	0.333333	run1
1dcbbeb35d4d25ba1ffb787a9f2080e2<::>2	Q0	ibmcld_03042-1241-3131	4	0.250000	run1
1dcbbeb35d4d25ba1ffb787a9f2080e2<::>2	Q0	ibmcld_02844-1555-3643	5	0.200000	run1
1dcbbeb35d4d25ba1ffb787a9f2080e2<::>2	Q0	ibmcld_03107-5127-7134	6	0.166667	run1
1dcbbeb35d4d25ba1ffb787a9f2080e2<::>2	Q0	ibmcld_03042-2711-4616	7	0.142857	run1
1dcbbeb35d4d25ba1ffb787a9f2080e2<::>2	Q0	ibmcld_03216-16161-17914	8	0.125000	run1
1dcbbeb35d4d25ba1ffb787a9f2080e2<::>2	Q0	ibmcld_03162-10976-13038	9	0.111111	run1
1dcbbeb35d4d25ba1ffb787a9f2080e2<::>2	Q0	ibmcld_03364-6793-8946	10	0.100000	run1
1dcbbeb35d4d25ba1ffb787a9f2080e2<::>3	Q0	ibmcld_16378-1689-3407	1	1.000000	run1
1dcbbeb35d4d25ba1ffb787a9f2080e2<::>3	Q0	ibmcld_16386-7-2009	2	0.500000	run1
1dcbbeb35d4d25ba1ffb787a9f2080e2<::>3	Q0	ibmcld_02798-10536-11599	3	0.333333	run1
1dcbbeb35d4d25ba1ffb787a9f2080e2<::>3	Q0	ibmcld_16387-1493-3198	4	0.250000	run1
1dcbbeb35d4d25ba1ffb787a9f2080e2<::>3	Q0	ibmcld_02774-5358-7120	5	0.200000	run1
1dcbbeb35d4d25ba1ffb787a9f2080e2<::>3	Q0	ibmcld_05157-7-2129	6	0.166667	run1
1dcbbeb35d4d25ba1ffb787a9f2080e2<::>3	Q0	ibmcld_02748-3928-4788	7	0.142857	run1
1dcbbeb35d4d25ba1ffb787a9f2080e2<::>3	Q0	ibmcld_16378-7-2121	8	0.125000	run1
1dcbbeb35d4d25ba1ffb787a9f2080e2<::>3	Q0	ibmcld_02774-7980-8883	9	0.111111	run1
1dcbbeb35d4d25ba1ffb787a9f2080e2<::>3	Q0	ibmcld_00951-10860-12746	10	0.100000	run1
1dcbbeb35d4d25ba1ffb787a9f2080e2<::>4	Q0	ibmcld_07765-0-1628	1	1.000000	run1
1dcbbeb35d4d25ba1ffb787a9f2080e2<::>4	Q0	ibmcld_02746-7-1681	2	0.500000	run1
1dcbbeb35d4d25ba1ffb787a9f2080e2<::>4	Q0	ibmcld_07761-2352-4487	3	0.333333	run1
1dcbbeb35d4d25ba1ffb787a9f2080e2<::>4	Q0	ibmcld_07787-0-1608	4	0.250000	run1
1dcbbeb35d4d25ba1ffb787a9f2080e2<::>4	Q0	ibmcld_02746-1213-3197	5	0.200000	run1
1dcbbeb35d4d25ba1ffb787a9f2080e2<::>4	Q0	ibmcld_00708-32460-34303	6	0.166667	run1
1dcbbeb35d4d25ba1ffb787a9f2080e2<::>4	Q0	ibmcld_16173-1412-2294	7	0.142857	run1
1dcbbeb35d4d25ba1ffb787a9f2080e2<::>4	Q0	ibmcld_00684-32460-34303	8	0.125000	run1
1dcbbeb35d4d25ba1ffb787a9f2080e2<::>4	Q0	ibmcld_02746-7454-8167	9	0.111111	run1
1dcbbeb35d4d25ba1ffb787a9f2080e2<::>4	Q0	ibmcld_04341-32441-34284	10	0.100000	run1
1dcbbeb35d4d25ba1ffb787a9f2080e2<::>5	Q0	ibmcld_03036-4322-6185	1	1.000000	run1
1dcbbeb35d4d25ba1ffb787a9f2080e2<::>5	Q0	ibmcld_03363-4413-6535	2	0.500000	run1
1dcbbeb35d4d25ba1ffb787a9f2080e2<::>5	Q0	ibmcld_03354-4-1897	3	0.333333	run1
1dcbbeb35d4d25ba1ffb787a9f2080e2<::>5	Q0	ibmcld_03363-1671-3630	4	0.250000	run1
1dcbbeb35d4d25ba1ffb787a9f2080e2<::>5	Q0	ibmcld_16258-7-1952	5	0.200000	run1
1dcbbeb35d4d25ba1ffb787a9f2080e2<::>5	Q0	ibmcld_03363-4-2165	6	0.166667	run1
1dcbbeb35d4d25ba1ffb787a9f2080e2<::>5	Q0	ibmcld_03036-5624-7724	7	0.142857	run1
1dcbbeb35d4d25ba1ffb787a9f2080e2<::>5	Q0	ibmcld_03036-7103-8947	8	0.125000	run1
1dcbbeb35d4d25ba1ffb787a9f2080e2<::>5	Q0	ibmcld_03036-2789-4951	9	0.111111	run1
1dcbbeb35d4d25ba1ffb787a9f2080e2<::>5	Q0	ibmcld_16258-1324-3123	10	0.100000	run1
ddbbbe7ea13560c5768639207e1ca604<::>1	Q0	ibmcld_16481-3559-5682	1	1.000000	run1
ddbbbe7ea13560c5768639207e1ca604<::>1	Q0	ibmcld_16417-3559-5683	2	0.500000	run1
ddbbbe7ea13560c5768639207e1ca604<::>1	Q0	ibmcld_16417-5155-7505	3	0.333333	run1
ddbbbe7ea13560c5768639207e1ca604<::>1	Q0	ibmcld_16481-5154-7504	4	0.250000	run1
ddbbbe7ea13560c5768639207e1ca604<::>1	Q0	ibmcld_07190-2983-3953	5	0.200000	run1
ddbbbe7ea13560c5768639207e1ca604<::>1	Q0	ibmcld_13360-5427-7398	6	0.166667	run1
ddbbbe7ea13560c5768639207e1ca604<::>1	Q0	ibmcld_07096-5734-7445	7	0.142857	run1
ddbbbe7ea13560c5768639207e1ca604<::>1	Q0	ibmcld_13360-1543-3265	8	0.125000	run1
ddbbbe7ea13560c5768639207e1ca604<::>1	Q0	ibmcld_07190-1520-3331	9	0.111111	run1
ddbbbe7ea13560c5768639207e1ca604<::>1	Q0	ibmcld_16471-202888-204050	10	0.100000	run1
ddbbbe7ea13560c5768639207e1ca604<::>2	Q0	ibmcld_16464-4463-6317	1	1.000000	run1
ddbbbe7ea13560c5768639207e1ca604<::>2	Q0	ibmcld_16410-13218-15390	2	0.500000	run1
ddbbbe7ea13560c5768639207e1ca604<::>2	Q0	ibmcld_16563-4292-6145	3	0.333333	run1
ddbbbe7ea13560c5768639207e1ca604<::>2	Q0	ibmcld_16410-8324-10312	4	0.250000	run1
ddbbbe7ea13560c5768639207e1ca604<::>2	Q0	ibmcld_16468-8522-10510	5	0.200000	run1
ddbbbe7ea13560c5768639207e1ca604<::>2	Q0	ibmcld_16563-10714-12816	6	0.166667	run1
ddbbbe7ea13560c5768639207e1ca604<::>2	Q0	ibmcld_16410-6875-8784	7	0.142857	run1
ddbbbe7ea13560c5768639207e1ca604<::>2	Q0	ibmcld_16464-10867-12930	8	0.125000	run1
ddbbbe7ea13560c5768639207e1ca604<::>2	Q0	ibmcld_16464-7127-8968	9	0.111111	run1
ddbbbe7ea13560c5768639207e1ca604<::>2	Q0	ibmcld_16487-18882-19788	10	0.100000	run1
ddbbbe7ea13560c5768639207e1ca604<::>3	Q0	ibmcld_16425-14122-16407	1	1.000000	run1
ddbbbe7ea13560c5768639207e1ca604<::>3	Q0	ibmcld_16490-14092-16377	2	0.500000	run1
ddbbbe7ea13560c5768639207e1ca604<::>3	Q0	ibmcld_05587-4158-5771	3	0.333333	run1
ddbbbe7ea13560c5768639207e1ca604<::>3	Q0	ibmcld_16410-8324-10312	4	0.250000	run1
ddbbbe7ea13560c5768639207e1ca604<::>3	Q0	ibmcld_05633-4158-5796	5	0.200000	run1
ddbbbe7ea13560c5768639207e1ca604<::>3	Q0	ibmcld_16468-8522-10510	6	0.166667	run1
ddbbbe7ea13560c5768639207e1ca604<::>3	Q0	ibmcld_10061-4336-5811	7	0.142857	run1
ddbbbe7ea13560c5768639207e1ca604<::>3	Q0	ibmcld_16410-6875-8784	8	0.125000	run1
ddbbbe7ea13560c5768639207e1ca604<::>3	Q0	ibmcld_10089-4336-5836	9	0.111111	run1
ddbbbe7ea13560c5768639207e1ca604<::>3	Q0	ibmcld_16468-6902-8930	10	0.100000	run1
ddbbbe7ea13560c5768639207e1ca604<::>5	Q0	ibmcld_16444-7-2064	1	1.000000	run1
ddbbbe7ea13560c5768639207e1ca604<::>5	Q0	ibmcld_16552-4166-4924	2	0.500000	run1
ddbbbe7ea13560c5768639207e1ca604<::>5	Q0	ibmcld_16463-4148-5042	3	0.333333	run1
ddbbbe7ea13560c5768639207e1ca604<::>5	Q0	ibmcld_16507-7-2044	4	0.250000	run1
ddbbbe7ea13560c5768639207e1ca604<::>5	Q0	ibmcld_16444-5943-7800	5	0.200000	run1
ddbbbe7ea13560c5768639207e1ca604<::>5	Q0	ibmcld_16507-12419-14261	6	0.166667	run1
ddbbbe7ea13560c5768639207e1ca604<::>5	Q0	ibmcld_16468-6902-8930	7	0.142857	run1
ddbbbe7ea13560c5768639207e1ca604<::>5	Q0	ibmcld_16507-9193-11335	8	0.125000	run1
ddbbbe7ea13560c5768639207e1ca604<::>5	Q0	ibmcld_16507-10816-12778	9	0.111111	run1
ddbbbe7ea13560c5768639207e1ca604<::>5	Q0	ibmcld_16444-8788-10719	10	0.100000	run1
ddbbbe7ea13560c5768639207e1ca604<::>6	Q0	ibmcld_16507-9193-11335	1	1.000000	run1
ddbbbe7ea13560c5768639207e1ca604<::>6	Q0	ibmcld_16507-3099-4772	2	0.500000	run1
ddbbbe7ea13560c5768639207e1ca604<::>6	Q0	ibmcld_16444-1600-3658	3	0.333333	run1
ddbbbe7ea13560c5768639207e1ca604<::>6	Q0	ibmcld_16487-4539-6619	4	0.250000	run1
ddbbbe7ea13560c5768639207e1ca604<::>6	Q0	ibmcld_16456-1678-3622	5	0.200000	run1
ddbbbe7ea13560c5768639207e1ca604<::>6	Q0	ibmcld_16423-4898-6946	6	0.166667	run1
ddbbbe7ea13560c5768639207e1ca604<::>6	Q0	ibmcld_16530-1678-3622	7	0.142857	run1
ddbbbe7ea13560c5768639207e1ca604<::>6	Q0	ibmcld_16552-1519-3329	8	0.125000	run1
ddbbbe7ea13560c5768639207e1ca604<::>6	Q0	ibmcld_16507-7-2044	9	0.111111	run1
ddbbbe7ea13560c5768639207e1ca604<::>6	Q0	ibmcld_16468-3297-5708	10	0.100000	run1
ddbbbe7ea13560c5768639207e1ca604<::>7	Q0	ibmcld_00405-0-1479	1	1.000000	run1
ddbbbe7ea13560c5768639207e1ca604<::>7	Q0	ibmcld_03363-4-2165	2	0.500000	run1
ddbbbe7ea13560c5768639207e1ca604<::>7	Q0	ibmcld_07010-5213-7301	3	0.333333	run1
ddbbbe7ea13560c5768639207e1ca604<::>7	Q0	ibmcld_03036-7-2061	4	0.250000	run1
ddbbbe7ea13560c5768639207e1ca604<::>7	Q0	ibmcld_05756-7-1507	5	0.200000	run1
ddbbbe7ea13560c5768639207e1ca604<::>7	Q0	ibmcld_05068-8783-10150	6	0.166667	run1
ddbbbe7ea13560c5768639207e1ca604<::>7	Q0	ibmcld_13144-16222-17802	7	0.142857	run1
ddbbbe7ea13560c5768639207e1ca604<::>7	Q0	ibmcld_05445-4719-5406	8	0.125000	run1
ddbbbe7ea13560c5768639207e1ca604<::>7	Q0	ibmcld_07453-2938-4055	9	0.111111	run1
ddbbbe7ea13560c5768639207e1ca604<::>7	Q0	ibmcld_05068-7966-9235	10	0.100000	run1
81afaf82a0d9a5fad6eaa196f8d9641c<::>1	Q0	ibmcld_09070-6713-7479	1	1.000000	run1
81afaf82a0d9a5fad6eaa196f8d9641c<::>1	Q0	ibmcld_09061-7530-9143	2	0.500000	run1
81afaf82a0d9a5fad6eaa196f8d9641c<::>1	Q0	ibmcld_16727-1210767-1212837	3	0.333333	run1
81afaf82a0d9a5fad6eaa196f8d9641c<::>1	Q0	ibmcld_09064-3548-5063	4	0.250000	run1
81afaf82a0d9a5fad6eaa196f8d9641c<::>1	Q0	ibmcld_07578-1208134-1210204	5	0.200000	run1
81afaf82a0d9a5fad6eaa196f8d9641c<::>1	Q0	ibmcld_08442-1359-2864	6	0.166667	run1
81afaf82a0d9a5fad6eaa196f8d9641c<::>1	Q0	ibmcld_09121-31165-33145	7	0.142857	run1
81afaf82a0d9a5fad6eaa196f8d9641c<::>1	Q0	ibmcld_13028-13559-15025	8	0.125000	run1
81afaf82a0d9a5fad6eaa196f8d9641c<::>1	Q0	ibmcld_09088-1516-3484	9	0.111111	run1
81afaf82a0d9a5fad6eaa196f8d9641c<::>1	Q0	ibmcld_09061-2799-4588	10	0.100000	run1
81afaf82a0d9a5fad6eaa196f8d9641c<::>2	Q0	ibmcld_09061-1334-3188	1	1.000000	run1
81afaf82a0d9a5fad6eaa196f8d9641c<::>2	Q0	ibmcld_09061-4-1966	2	0.500000	run1
81afaf82a0d9a5fad6eaa196f8d9641c<::>2	Q0	ibmcld_08435-1255-3053	3	0.333333	run1
81afaf82a0d9a5fad6eaa196f8d9641c<::>2	Q0	ibmcld_07578-1211120-1213024	4	0.250000	run1
81afaf82a0d9a5fad6eaa196f8d9641c<::>2	Q0	ibmcld_16727-1213753-1215657	5	0.200000	run1
81afaf82a0d9a5fad6eaa196f8d9641c<::>2	Q0	ibmcld_08435-4-1684	6	0.166667	run1
81afaf82a0d9a5fad6eaa196f8d9641c<::>2	Q0	ibmcld_09061-6176-7874	7	0.142857	run1
81afaf82a0d9a5fad6eaa196f8d9641c<::>2	Q0	ibmcld_08987-65731-67061	8	0.125000	run1
81afaf82a0d9a5fad6eaa196f8d9641c<::>2	Q0	ibmcld_09055-69659-70937	9	0.111111	run1
81afaf82a0d9a5fad6eaa196f8d9641c<::>2	Q0	ibmcld_09055-22025-23534	10	0.100000	run1
81afaf82a0d9a5fad6eaa196f8d9641c<::>3	Q0	ibmcld_08435-8253-9823	1	1.000000	run1
81afaf82a0d9a5fad6eaa196f8d9641c<::>3	Q0	ibmcld_09061-6176-7874	2	0.500000	run1
81afaf82a0d9a5fad6eaa196f8d9641c<::>3	Q0	ibmcld_09061-4-1966	3	0.333333	run1
81afaf82a0d9a5fad6eaa196f8d9641c<::>3	Q0	ibmcld_08435-4752-6201	4	0.250000	run1
81afaf82a0d9a5fad6eaa196f8d9641c<::>3	Q0	ibmcld_09061-7530-9143	5	0.200000	run1
81afaf82a0d9a5fad6eaa196f8d9641c<::>3	Q0	ibmcld_08435-3634-5079	6	0.166667	run1
81afaf82a0d9a5fad6eaa196f8d9641c<::>3	Q0	ibmcld_08435-1255-3053	7	0.142857	run1
81afaf82a0d9a5fad6eaa196f8d9641c<::>3	Q0	ibmcld_09061-1334-3188	8	0.125000	run1
81afaf82a0d9a5fad6eaa196f8d9641c<::>3	Q0	ibmcld_07578-1211120-1213024	9	0.111111	run1
81afaf82a0d9a5fad6eaa196f8d9641c<::>3	Q0	ibmcld_16727-1213753-1215657	10	0.100000	run1
81afaf82a0d9a5fad6eaa196f8d9641c<::>4	Q0	ibmcld_08211-2628-3483	1	1.000000	run1
81afaf82a0d9a5fad6eaa196f8d9641c<::>4	Q0	ibmcld_04537-3875-4793	2	0.500000	run1
81afaf82a0d9a5fad6eaa196f8d9641c<::>4	Q0	ibmcld_08425-64239-65417	3	0.333333	run1
81afaf82a0d9a5fad6eaa196f8d9641c<::>4	Q0	ibmcld_08211-1158-3123	4	0.250000	run1
81afaf82a0d9a5fad6eaa196f8d9641c<::>4	Q0	ibmcld_12570-2467-4288	5	0.200000	run1
81afaf82a0d9a5fad6eaa196f8d9641c<::>4	Q0	ibmcld_09506-50772-51706	6	0.166667	run1
81afaf82a0d9a5fad6eaa196f8d9641c<::>4	Q0	ibmcld_10646-53761-55447	7	0.142857	run1
81afaf82a0d9a5fad6eaa196f8d9641c<::>4	Q0	ibmcld_13871-15221-17101	8	0.125000	run1
81afaf82a0d9a5fad6eaa196f8d9641c<::>4	Q0	ibmcld_08331-122318-124013	9	0.111111	run1
81afaf82a0d9a5fad6eaa196f8d9641c<::>4	Q0	ibmcld_06231-52175-53906	10	0.100000	run1
81afaf82a0d9a5fad6eaa196f8d9641c<::>5	Q0	ibmcld_08671-118434-119667	1	1.000000	run1
81afaf82a0d9a5fad6eaa196f8d9641c<::>5	Q0	ibmcld_08680-0-1120	2	0.500000	run1
81afaf82a0d9a5fad6eaa196f8d9641c<::>5	Q0	ibmcld_08681-0-887	3	0.333333	run1
81afaf82a0d9a5fad6eaa196f8d9641c<::>5	Q0	ibmcld_08695-7-1852	4	0.250000	run1
81afaf82a0d9a5fad6eaa196f8d9641c<::>5	Q0	ibmcld_09192-4150-5583	5	0.200000	run1
81afaf82a0d9a5fad6eaa196f8d9641c<::>5	Q0	ibmcld_08671-117491-118751	6	0.166667	run1
81afaf82a0d9a5fad6eaa196f8d9641c<::>5	Q0	ibmcld_08671-121227-122562	7	0.142857	run1
81afaf82a0d9a5fad6eaa196f8d9641c<::>5	Q0	ibmcld_09061-7530-9143	8	0.125000	run1
81afaf82a0d9a5fad6eaa196f8d9641c<::>5	Q0	ibmcld_08987-124264-125082	9	0.111111	run1
81afaf82a0d9a5fad6eaa196f8d9641c<::>5	Q0	ibmcld_08679-0-1368	10	0.100000	run1
81afaf82a0d9a5fad6eaa196f8d9641c<::>6	Q0	ibmcld_07578-1211120-1213024	1	1.000000	run1
81afaf82a0d9a5fad6eaa196f8d9641c<::>6	Q0	ibmcld_16727-1213753-1215657	2	0.500000	run1
81afaf82a0d9a5fad6eaa196f8d9641c<::>6	Q0	ibmcld_09088-9397-11338	3	0.333333	run1
81afaf82a0d9a5fad6eaa196f8d9641c<::>6	Q0	ibmcld_16727-1212381-1214315	4	0.250000	run1
81afaf82a0d9a5fad6eaa196f8d9641c<::>6	Q0	ibmcld_07578-1209748-1211682	5	0.200000	run1
81afaf82a0d9a5fad6eaa196f8d9641c<::>6	Q0	ibmcld_01019-1608-2449	6	0.166667	run1
81afaf82a0d9a5fad6eaa196f8d9641c<::>6	Q0	ibmcld_09562-3760-5490	7	0.142857	run1
81afaf82a0d9a5fad6eaa196f8d9641c<::>6	Q0	ibmcld_09064-8216-9792	8	0.125000	run1
81afaf82a0d9a5fad6eaa196f8d9641c<::>6	Q0	ibmcld_01034-3831-4923	9	0.111111	run1
81afaf82a0d9a5fad6eaa196f8d9641c<::>6	Q0	ibmcld_01041-3464-4855	10	0.100000	run1
81afaf82a0d9a5fad6eaa196f8d9641c<::>7	Q0	ibmcld_01041-3464-4855	1	1.000000	run1
81afaf82a0d9a5fad6eaa196f8d9641c<::>7	Q0	ibmcld_06499-2416-3629	2	0.500000	run1
81afaf82a0d9a5fad6eaa196f8d9641c<::>7	Q0	ibmcld_06341-2428-3641	3	0.333333	run1
81afaf82a0d9a5fad6eaa196f8d9641c<::>7	Q0	ibmcld_06638-3770-5500	4	0.250000	run1
81afaf82a0d9a5fad6eaa196f8d9641c<::>7	Q0	ibmcld_06443-2410-3623	5	0.200000	run1
81afaf82a0d9a5fad6eaa196f8d9641c<::>7	Q0	ibmcld_09562-3760-5490	6	0.166667	run1
81afaf82a0d9a5fad6eaa196f8d9641c<::>7	Q0	ibmcld_06627-2422-3635	7	0.142857	run1
81afaf82a0d9a5fad6eaa196f8d9641c<::>7	Q0	ibmcld_06696-2412-3625	8	0.125000	run1
81afaf82a0d9a5fad6eaa196f8d9641c<::>7	Q0	ibmcld_01034-3831-4923	9	0.111111	run1
81afaf82a0d9a5fad6eaa196f8d9641c<::>7	Q0	ibmcld_09559-3849-5260	10	0.100000	run1
81afaf82a0d9a5fad6eaa196f8d9641c<::>8	Q0	ibmcld_05045-6187-8076	1	1.000000	run1
81afaf82a0d9a5fad6eaa196f8d9641c<::>8	Q0	ibmcld_09088-7841-9875	2	0.500000	run1
81afaf82a0d9a5fad6eaa196f8d9641c<::>8	Q0	ibmcld_15111-20284-22006	3	0.333333	run1
81afaf82a0d9a5fad6eaa196f8d9641c<::>8	Q0	ibmcld_06381-2433-3517	4	0.250000	run1
81afaf82a0d9a5fad6eaa196f8d9641c<::>8	Q0	ibmcld_05045-4842-6672	5	0.200000	run1
81afaf82a0d9a5fad6eaa196f8d9641c<::>8	Q0	ibmcld_06564-2541-3625	6	0.166667	run1
81afaf82a0d9a5fad6eaa196f8d9641c<::>8	Q0	ibmcld_16727-1170818-1172766	7	0.142857	run1
81afaf82a0d9a5fad6eaa196f8d9641c<::>8	Q0	ibmcld_09551-2545-3629	8	0.125000	run1
81afaf82a0d9a5fad6eaa196f8d9641c<::>8	Q0	ibmcld_07578-1168185-1170133	9	0.111111	run1
81afaf82a0d9a5fad6eaa196f8d9641c<::>8	Q0	ibmcld_06638-4935-6851	10	0.100000	run1
81afaf82a0d9a5fad6eaa196f8d9641c<::>9	Q0	ibmcld_15007-7-1759	1	1.000000	run1
81afaf82a0d9a5fad6eaa196f8d9641c<::>9	Q0	ibmcld_15020-7-1759	2	0.500000	run1
81afaf82a0d9a5fad6eaa196f8d9641c<::>9	Q0	ibmcld_16727-967814-969645	3	0.333333	run1
81afaf82a0d9a5fad6eaa196f8d9641c<::>9	Q0	ibmcld_07578-967938-969769	4	0.250000	run1
81afaf82a0d9a5fad6eaa196f8d9641c<::>9	Q0	ibmcld_15051-7-1984	5	0.200000	run1
81afaf82a0d9a5fad6eaa196f8d9641c<::>9	Q0	ibmcld_08117-7-2019	6	0.166667	run1
81afaf82a0d9a5fad6eaa196f8d9641c<::>9	Q0	ibmcld_16727-892968-894751	7	0.142857	run1
81afaf82a0d9a5fad6eaa196f8d9641c<::>9	Q0	ibmcld_07578-893091-894874	8	0.125000	run1
81afaf82a0d9a5fad6eaa196f8d9641c<::>9	Q0	ibmcld_16727-891789-893528	9	0.111111	run1
81afaf82a0d9a5fad6eaa196f8d9641c<::>9	Q0	ibmcld_15076-0-1630	10	0.100000	run1
34ac6bedd4b35167cc59e289893e206a<::>2	Q0	ibmcld_10495-9135-10569	1	1.000000	run1
34ac6bedd4b35167cc59e289893e206a<::>2	Q0	ibmcld_10495-7-2029	2	0.500000	run1
34ac6bedd4b35167cc59e289893e206a<::>2	Q0	ibmcld_10534-7-1321	3	0.333333	run1
34ac6bedd4b35167cc59e289893e206a<::>2	Q0	ibmcld_10534-1033-2260	4	0.250000	run1
34ac6bedd4b35167cc59e289893e206a<::>2	Q0	ibmcld_14497-1215-3210	5	0.200000	run1
34ac6bedd4b35167cc59e289893e206a<::>2	Q0	ibmcld_14497-12294-13464	6	0.166667	run1
34ac6bedd4b35167cc59e289893e206a<::>2	Q0	ibmcld_04644-7-1968	7	0.142857	run1
34ac6bedd4b35167cc59e289893e206a<::>2	Q0	ibmcld_14492-10142-11408	8	0.125000	run1
34ac6bedd4b35167cc59e289893e206a<::>2	Q0	ibmcld_10229-12666-14292	9	0.111111	run1
34ac6bedd4b35167cc59e289893e206a<::>2	Q0	ibmcld_10154-7-1896	10	0.100000	run1
34ac6bedd4b35167cc59e289893e206a<::>3	Q0	ibmcld_10495-9135-10569	1	1.000000	run1
34ac6bedd4b35167cc59e289893e206a<::>3	Q0	ibmcld_10154-7-1896	2	0.500000	run1
34ac6bedd4b35167cc59e289893e206a<::>3	Q0	ibmcld_10534-1033-2260	3	0.333333	run1
34ac6bedd4b35167cc59e289893e206a<::>3	Q0	ibmcld_10214-7-1980	4	0.250000	run1
34ac6bedd4b35167cc59e289893e206a<::>3	Q0	ibmcld_10170-12206-14575	5	0.200000	run1
34ac6bedd4b35167cc59e289893e206a<::>3	Q0	ibmcld_10214-1438-3413	6	0.166667	run1
34ac6bedd4b35167cc59e289893e206a<::>3	Q0	ibmcld_10214-12307-14229	7	0.142857	run1
34ac6bedd4b35167cc59e289893e206a<::>3	Q0	ibmcld_10534-1903-3343	8	0.125000	run1
34ac6bedd4b35167cc59e289893e206a<::>3	Q0	ibmcld_05713-1178-2700	9	0.111111	run1
34ac6bedd4b35167cc59e289893e206a<::>3	Q0	ibmcld_10534-279789-281174	10	0.100000	run1
34ac6bedd4b35167cc59e289893e206a<::>4	Q0	ibmcld_14112-7-1387	1	1.000000	run1
34ac6bedd4b35167cc59e289893e206a<::>4	Q0	ibmcld_14149-0-195	2	0.500000	run1
34ac6bedd4b35167cc59e289893e206a<::>4	Q0	ibmcld_14112-1091-1931	3	0.333333	run1
34ac6bedd4b35167cc59e289893e206a<::>4	Q0	ibmcld_03647-0-472	4	0.250000	run1
34ac6bedd4b35167cc59e289893e206a<::>4	Q0	ibmcld_14147-0-1547	5	0.200000	run1
34ac6bedd4b35167cc59e289893e206a<::>4	Q0	ibmcld_14119-7-1920	6	0.166667	run1
34ac6bedd4b35167cc59e289893e206a<::>4	Q0	ibmcld_10916-54729-56693	7	0.142857	run1
34ac6bedd4b35167cc59e289893e206a<::>4	Q0	ibmcld_14275-3141-5199	8	0.125000	run1
34ac6bedd4b35167cc59e289893e206a<::>4	Q0	ibmcld_14109-1743-3630	9	0.111111	run1
34ac6bedd4b35167cc59e289893e206a<::>4	Q0	ibmcld_14913-0-1238	10	0.100000	run1
34ac6bedd4b35167cc59e289893e206a<::>5	Q0	ibmcld_10154-7-1896	1	1.000000	run1
34ac6bedd4b35167cc59e289893e206a<::>5	Q0	ibmcld_10495-9135-10569	2	0.500000	run1
34ac6bedd4b35167cc59e289893e206a<::>5	Q0	ibmcld_10495-7-2029	3	0.333333	run1
34ac6bedd4b35167cc59e289893e206a<::>5	Q0	ibmcld_10214-1438-3413	4	0.250000	run1
34ac6bedd4b35167cc59e289893e206a<::>5	Q0	ibmcld_10568-7-2010	5	0.200000	run1
34ac6bedd4b35167cc59e289893e206a<::>5	Q0	ibmcld_10170-12206-14575	6	0.166667	run1
34ac6bedd4b35167cc59e289893e206a<::>5	Q0	ibmcld_10534-1033-2260	7	0.142857	run1
34ac6bedd4b35167cc59e289893e206a<::>5	Q0	ibmcld_07578-396975-399135	8	0.125000	run1
34ac6bedd4b35167cc59e289893e206a<::>5	Q0	ibmcld_10214-12307-14229	9	0.111111	run1
34ac6bedd4b35167cc59e289893e206a<::>5	Q0	ibmcld_16727-396949-399109	10	0.100000	run1
34ac6bedd4b35167cc59e289893e206a<::>6	Q0	ibmcld_10568-7-2010	1	1.000000	run1
34ac6bedd4b35167cc59e289893e206a<::>6	Q0	ibmcld_10495-9135-10569	2	0.500000	run1
34ac6bedd4b35167cc59e289893e206a<::>6	Q0	ibmcld_10154-7-1896	3	0.333333	run1
34ac6bedd4b35167cc59e289893e206a<::>6	Q0	ibmcld_10495-7-2029	4	0.250000	run1
34ac6bedd4b35167cc59e289893e206a<::>6	Q0	ibmcld_07578-396975-399135	5	0.200000	run1
34ac6bedd4b35167cc59e289893e206a<::>6	Q0	ibmcld_16727-396949-399109	6	0.166667	run1
34ac6bedd4b35167cc59e289893e206a<::>6	Q0	ibmcld_10568-1346-3235	7	0.142857	run1
34ac6bedd4b35167cc59e289893e206a<::>6	Q0	ibmcld_11949-5321-7901	8	0.125000	run1
34ac6bedd4b35167cc59e289893e206a<::>6	Q0	ibmcld_10154-4896-6738	9	0.111111	run1
34ac6bedd4b35167cc59e289893e206a<::>6	Q0	ibmcld_10214-3003-4898	10	0.100000	run1
34ac6bedd4b35167cc59e289893e206a<::>7	Q0	ibmcld_10439-6745-8498	1	1.000000	run1
34ac6bedd4b35167cc59e289893e206a<::>7	Q0	ibmcld_14497-4136-6209	2	0.500000	run1
34ac6bedd4b35167cc59e289893e206a<::>7	Q0	ibmcld_10586-0-778	3	0.333333	run1
34ac6bedd4b35167cc59e289893e206a<::>7	Q0	ibmcld_10068-153066-153998	4	0.250000	run1
34ac6bedd4b35167cc59e289893e206a<::>7	Q0	ibmcld_10439-5464-7207	5	0.200000	run1
34ac6bedd4b35167cc59e289893e206a<::>7	Q0	ibmcld_10068-65445-66378	6	0.166667	run1
34ac6bedd4b35167cc59e289893e206a<::>7	Q0	ibmcld_10203-7-1859	7	0.142857	run1
34ac6bedd4b35167cc59e289893e206a<::>7	Q0	ibmcld_10068-111163-112095	8	0.125000	run1
34ac6bedd4b35167cc59e289893e206a<::>7	Q0	ibmcld_14497-1215-3210	9	0.111111	run1
34ac6bedd4b35167cc59e289893e206a<::>7	Q0	ibmcld_16729-87441-89410	10	0.100000	run1
34ac6bedd4b35167cc59e289893e206a<::>8	Q0	ibmcld_14056-0-1452	1	1.000000	run1
34ac6bedd4b35167cc59e289893e206a<::>8	Q0	ibmcld_11552-4-2231	2	0.500000	run1
34ac6bedd4b35167cc59e289893e206a<::>8	Q0	ibmcld_07009-7119-9298	3	0.333333	run1
34ac6bedd4b35167cc59e289893e206a<::>8	Q0	ibmcld_11552-1740-3927	4	0.250000	run1
34ac6bedd4b35167cc59e289893e206a<::>8	Q0	ibmcld_14064-1465-3501	5	0.200000	run1
34ac6bedd4b35167cc59e289893e206a<::>8	Q0	ibmcld_04622-0-1961	6	0.166667	run1
34ac6bedd4b35167cc59e289893e206a<::>8	Q0	ibmcld_12093-4-1896	7	0.142857	run1
34ac6bedd4b35167cc59e289893e206a<::>8	Q0	ibmcld_14025-7-2157	8	0.125000	run1
34ac6bedd4b35167cc59e289893e206a<::>8	Q0	ibmcld_11607-3214-5407	9	0.111111	run1
34ac6bedd4b35167cc59e289893e206a<::>8	Q0	ibmcld_08363-1533-3350	10	0.100000	run1
34ac6bedd4b35167cc59e289893e206a<::>9	Q0	ibmcld_10495-9135-10569	1	1.000000	run1
34ac6bedd4b35167cc59e289893e206a<::>9	Q0	ibmcld_10534-282713-284024	2	0.500000	run1
34ac6bedd4b35167cc59e289893e206a<::>9	Q0	ibmcld_10154-7-1896	3	0.333333	run1
34ac6bedd4b35167cc59e289893e206a<::>9	Q0	ibmcld_07578-400150-401930	4	0.250000	run1
34ac6bedd4b35167cc59e289893e206a<::>9	Q0	ibmcld_10154-1411-3594	5	0.200000	run1
34ac6bedd4b35167cc59e289893e206a<::>9	Q0	ibmcld_16727-400124-401904	6	0.166667	run1
34ac6bedd4b35167cc59e289893e206a<::>9	Q0	ibmcld_10214-1438-3413	7	0.142857	run1
34ac6bedd4b35167cc59e289893e206a<::>9	Q0	ibmcld_10534-109008-110371	8	0.125000	run1
34ac6bedd4b35167cc59e289893e206a<::>9	Q0	ibmcld_10214-7-1980	9	0.111111	run1
34ac6bedd4b35167cc59e289893e206a<::>9	Q0	ibmcld_10534-7-1321	10	0.100000	run1
f3a917e029970190be5ee508ba770d7f<::>1	Q0	ibmcld_04334-199697-200931	1	1.000000	run1
f3a917e029970190be5ee508ba770d7f<::>1	Q0	ibmcld_04183-0-2205	2	0.500000	run1
f3a917e029970190be5ee508ba770d7f<::>1	Q0	ibmcld_04334-109828-111095	3	0.333333	run1
f3a917e029970190be5ee508ba770d7f<::>1	Q0	ibmcld_04334-151724-152727	4	0.250000	run1
f3a917e029970190be5ee508ba770d7f<::>1	Q0	ibmcld_04145-1739-3868	5	0.200000	run1
f3a917e029970190be5ee508ba770d7f<::>1	Q0	ibmcld_04145-7-2180	6	0.166667	run1
f3a917e029970190be5ee508ba770d7f<::>1	Q0	ibmcld_07578-755905-757955	7	0.142857	run1
f3a917e029970190be5ee508ba770d7f<::>1	Q0	ibmcld_13139-19107-19978	8	0.125000	run1
f3a917e029970190be5ee508ba770d7f<::>1	Q0	ibmcld_04334-230067-231067	9	0.111111	run1
f3a917e029970190be5ee508ba770d7f<::>1	Q0	ibmcld_04334-198873-200152	10	0.100000	run1
f3a917e029970190be5ee508ba770d7f<::>2	Q0	ibmcld_04334-33215-34565	1	1.000000	run1
f3a917e029970190be5ee508ba770d7f<::>2	Q0	ibmcld_04149-3050-4970	2	0.500000	run1
f3a917e029970190be5ee508ba770d7f<::>2	Q0	ibmcld_04195-6086-8151	3	0.333333	run1
f3a917e029970190be5ee508ba770d7f<::>2	Q0	ibmcld_05351-9684-10230	4	0.250000	run1
f3a917e029970190be5ee508ba770d7f<::>2	Q0	ibmcld_04334-32129-33511	5	0.200000	run1
f3a917e029970190be5ee508ba770d7f<::>2	Q0	ibmcld_07446-1341-2194	6	0.166667	run1
f3a917e029970190be5ee508ba770d7f<::>2	Q0	ibmcld_04145-1739-3868	7	0.142857	run1
f3a917e029970190be5ee508ba770d7f<::>2	Q0	ibmcld_04334-31256-32402	8	0.125000	run1
f3a917e029970190be5ee508ba770d7f<::>2	Q0	ibmcld_04334-34286-35758	9	0.111111	run1
f3a917e029970190be5ee508ba770d7f<::>2	Q0	ibmcld_07578-796137-798029	10	0.100000	run1
f3a917e029970190be5ee508ba770d7f<::>3	Q0	ibmcld_05353-9012-10971	1	1.000000	run1
f3a917e029970190be5ee508ba770d7f<::>3	Q0	ibmcld_05353-20027-21778	2	0.500000	run1
f3a917e029970190be5ee508ba770d7f<::>3	Q0	ibmcld_04185-0-765	3	0.333333	run1
f3a917e029970190be5ee508ba770d7f<::>3	Q0	ibmcld_07578-758976-760934	4	0.250000	run1
f3a917e029970190be5ee508ba770d7f<::>3	Q0	ibmcld_05353-18865-20445	5	0.200000	run1
f3a917e029970190be5ee508ba770d7f<::>3	Q0	ibmcld_04145-3314-5349	6	0.166667	run1
f3a917e029970190be5ee508ba770d7f<::>3	Q0	ibmcld_05440-4287-5611	7	0.142857	run1
f3a917e029970190be5ee508ba770d7f<::>3	Q0	ibmcld_04149-3050-4970	8	0.125000	run1
f3a917e029970190be5ee508ba770d7f<::>3	Q0	ibmcld_05444-82948-84346	9	0.111111	run1
f3a917e029970190be5ee508ba770d7f<::>3	Q0	ibmcld_05444-84003-85321	10	0.100000	run1
f3a917e029970190be5ee508ba770d7f<::>4	Q0	ibmcld_07024-2933-4407	1	1.000000	run1
f3a917e029970190be5ee508ba770d7f<::>4	Q0	ibmcld_13246-8709-10265	2	0.500000	run1
f3a917e029970190be5ee508ba770d7f<::>4	Q0	ibmcld_07024-1490-3247	3	0.333333	run1
f3a917e029970190be5ee508ba770d7f<::>4	Q0	ibmcld_13875-8974-10530	4	0.250000	run1
f3a917e029970190be5ee508ba770d7f<::>4	Q0	ibmcld_04136-1771-3582	5	0.200000	run1
f3a917e029970190be5ee508ba770d7f<::>4	Q0	ibmcld_13875-5421-6971	6	0.166667	run1
f3a917e029970190be5ee508ba770d7f<::>4	Q0	ibmcld_09251-0-1711	7	0.142857	run1
f3a917e029970190be5ee508ba770d7f<::>4	Q0	ibmcld_13806-2204-2931	8	0.125000	run1
f3a917e029970190be5ee508ba770d7f<::>4	Q0	ibmcld_05725-1476-2098	9	0.111111	run1
f3a917e029970190be5ee508ba770d7f<::>4	Q0	ibmcld_15141-7808-9997	10	0.100000	run1
f3a917e029970190be5ee508ba770d7f<::>5	Q0	ibmcld_13616-13587-15670	1	1.000000	run1
f3a917e029970190be5ee508ba770d7f<::>5	Q0	ibmcld_09492-16883-18851	2	0.500000	run1
f3a917e029970190be5ee508ba770d7f<::>5	Q0	ibmcld_05440-3062-4677	3	0.333333	run1
f3a917e029970190be5ee508ba770d7f<::>5	Q0	ibmcld_08201-1774-4033	4	0.250000	run1
f3a917e029970190be5ee508ba770d7f<::>5	Q0	ibmcld_12035-7-1995	5	0.200000	run1
f3a917e029970190be5ee508ba770d7f<::>5	Q0	ibmcld_11123-0-2130	6	0.166667	run1
f3a917e029970190be5ee508ba770d7f<::>5	Q0	ibmcld_00511-7-1875	7	0.142857	run1
f3a917e029970190be5ee508ba770d7f<::>5	Q0	ibmcld_09492-4101-6245	8	0.125000	run1
f3a917e029970190be5ee508ba770d7f<::>5	Q0	ibmcld_13603-7-2457	9	0.111111	run1
f3a917e029970190be5ee508ba770d7f<::>5	Q0	ibmcld_09513-13971-16006	10	0.100000	run1
f3a917e029970190be5ee508ba770d7f<::>6	Q0	ibmcld_04192-1952-4615	1	1.000000	run1
f3a917e029970190be5ee508ba770d7f<::>6	Q0	ibmcld_10070-1149-3304	2	0.500000	run1
f3a917e029970190be5ee508ba770d7f<::>6	Q0	ibmcld_05608-1309-3624	3	0.333333	run1
f3a917e029970190be5ee508ba770d7f<::>6	Q0	ibmcld_09492-4101-6245	4	0.250000	run1
f3a917e029970190be5ee508ba770d7f<::>6	Q0	ibmcld_11123-0-2130	5	0.200000	run1
f3a917e029970190be5ee508ba770d7f<::>6	Q0	ibmcld_00542-4445-6620	6	0.166667	run1
f3a917e029970190be5ee508ba770d7f<::>6	Q0	ibmcld_06063-7-2179	7	0.142857	run1
f3a917e029970190be5ee508ba770d7f<::>6	Q0	ibmcld_05608-7-1899	8	0.125000	run1
f3a917e029970190be5ee508ba770d7f<::>6	Q0	ibmcld_06063-30104-32131	9	0.111111	run1
f3a917e029970190be5ee508ba770d7f<::>6	Q0	ibmcld_00542-6107-8245	10	0.100000	run1
f3a917e029970190be5ee508ba770d7f<::>7	Q0	ibmcld_04109-7-2036	1	1.000000	run1
f3a917e029970190be5ee508ba770d7f<::>7	Q0	ibmcld_13915-7-2024	2	0.500000	run1
f3a917e029970190be5ee508ba770d7f<::>7	Q0	ibmcld_08150-1495-3332	3	0.333333	run1
f3a917e029970190be5ee508ba770d7f<::>7	Q0	ibmcld_04177-5203-6606	4	0.250000	run1
f3a917e029970190be5ee508ba770d7f<::>7	Q0	ibmcld_11665-5972-8005	5	0.200000	run1
f3a917e029970190be5ee508ba770d7f<::>7	Q0	ibmcld_16727-842655-844795	6	0.166667	run1
f3a917e029970190be5ee508ba770d7f<::>7	Q0	ibmcld_04119-1639-3490	7	0.142857	run1
f3a917e029970190be5ee508ba770d7f<::>7	Q0	ibmcld_07578-842782-844922	8	0.125000	run1
f3a917e029970190be5ee508ba770d7f<::>7	Q0	ibmcld_08150-7-1806	9	0.111111	run1
f3a917e029970190be5ee508ba770d7f<::>7	Q0	ibmcld_14391-6359-8465	10	0.100000	run1
c01c8cf11437e6bb3bc93efac26528c2<::>1	Q0	ibmcld_10852-44214-45420	1	1.000000	run1
c01c8cf11437e6bb3bc93efac26528c2<::>1	Q0	ibmcld_10817-7-1802	2	0.500000	run1
c01c8cf11437e6bb3bc93efac26528c2<::>1	Q0	ibmcld_02772-4213-5899	3	0.333333	run1
c01c8cf11437e6bb3bc93efac26528c2<::>1	Q0	ibmcld_10852-45155-46272	4	0.250000	run1
c01c8cf11437e6bb3bc93efac26528c2<::>1	Q0	ibmcld_12330-7-2140	5	0.200000	run1
c01c8cf11437e6bb3bc93efac26528c2<::>1	Q0	ibmcld_10817-4371-5701	6	0.166667	run1
c01c8cf11437e6bb3bc93efac26528c2<::>1	Q0	ibmcld_00861-34083-34860	7	0.142857	run1
c01c8cf11437e6bb3bc93efac26528c2<::>1	Q0	ibmcld_00861-182022-182784	8	0.125000	run1
c01c8cf11437e6bb3bc93efac26528c2<::>1	Q0	ibmcld_12330-1723-4013	9	0.111111	run1
c01c8cf11437e6bb3bc93efac26528c2<::>1	Q0	ibmcld_00959-2830-5215	10	0.100000	run1
c01c8cf11437e6bb3bc93efac26528c2<::>2	Q0	ibmcld_10817-7-1802	1	1.000000	run1
c01c8cf11437e6bb3bc93efac26528c2<::>2	Q0	ibmcld_10817-1342-3184	2	0.500000	run1
c01c8cf11437e6bb3bc93efac26528c2<::>2	Q0	ibmcld_02772-4213-5899	3	0.333333	run1
c01c8cf11437e6bb3bc93efac26528c2<::>2	Q0	ibmcld_10852-44214-45420	4	0.250000	run1
c01c8cf11437e6bb3bc93efac26528c2<::>2	Q0	ibmcld_10852-45155-46272	5	0.200000	run1
c01c8cf11437e6bb3bc93efac26528c2<::>2	Q0	ibmcld_10852-43319-44485	6	0.166667	run1
c01c8cf11437e6bb3bc93efac26528c2<::>2	Q0	ibmcld_06849-15920-16826	7	0.142857	run1
c01c8cf11437e6bb3bc93efac26528c2<::>2	Q0	ibmcld_04518-7-1743	8	0.125000	run1
c01c8cf11437e6bb3bc93efac26528c2<::>2	Q0	ibmcld_05088-31320-33239	9	0.111111	run1
c01c8cf11437e6bb3bc93efac26528c2<::>2	Q0	ibmcld_10817-6582-8092	10	0.100000	run1
c01c8cf11437e6bb3bc93efac26528c2<::>3	Q0	ibmcld_10817-7-1802	1	1.000000	run1
c01c8cf11437e6bb3bc93efac26528c2<::>3	Q0	ibmcld_02772-4213-5899	2	0.500000	run1
c01c8cf11437e6bb3bc93efac26528c2<::>3	Q0	ibmcld_10817-1342-3184	3	0.333333	run1
c01c8cf11437e6bb3bc93efac26528c2<::>3	Q0	ibmcld_10852-44214-45420	4	0.250000	run1
c01c8cf11437e6bb3bc93efac26528c2<::>3	Q0	ibmcld_10852-45155-46272	5	0.200000	run1
c01c8cf11437e6bb3bc93efac26528c2<::>3	Q0	ibmcld_10852-43319-44485	6	0.166667	run1
c01c8cf11437e6bb3bc93efac26528c2<::>3	Q0	ibmcld_04518-7-1743	7	0.142857	run1
c01c8cf11437e6bb3bc93efac26528c2<::>3	Q0	ibmcld_10817-2884-4620	8	0.125000	run1
c01c8cf11437e6bb3bc93efac26528c2<::>3	Q0	ibmcld_05088-31320-33239	9	0.111111	run1
c01c8cf11437e6bb3bc93efac26528c2<::>3	Q0	ibmcld_04518-1426-3052	10	0.100000	run1
c01c8cf11437e6bb3bc93efac26528c2<::>4	Q0	ibmcld_10817-1342-3184	1	1.000000	run1
c01c8cf11437e6bb3bc93efac26528c2<::>4	Q0	ibmcld_10817-7-1802	2	0.500000	run1
c01c8cf11437e6bb3bc93efac26528c2<::>4	Q0	ibmcld_02772-4213-5899	3	0.333333	run1
c01c8cf11437e6bb3bc93efac26528c2<::>4	Q0	ibmcld_10817-2884-4620	4	0.250000	run1
c01c8cf11437e6bb3bc93efac26528c2<::>4	Q0	ibmcld_12346-3022-5172	5	0.200000	run1
c01c8cf11437e6bb3bc93efac26528c2<::>4	Q0	ibmcld_02772-5554-7311	6	0.166667	run1
c01c8cf11437e6bb3bc93efac26528c2<::>4	Q0	ibmcld_12346-7-2043	7	0.142857	run1
c01c8cf11437e6bb3bc93efac26528c2<::>4	Q0	ibmcld_10852-44214-45420	8	0.125000	run1
c01c8cf11437e6bb3bc93efac26528c2<::>4	Q0	ibmcld_04518-7-1743	9	0.111111	run1
c01c8cf11437e6bb3bc93efac26528c2<::>4	Q0	ibmcld_04518-1426-3052	10	0.100000	run1
c01c8cf11437e6bb3bc93efac26528c2<::>5	Q0	ibmcld_10852-44214-45420	1	1.000000	run1
c01c8cf11437e6bb3bc93efac26528c2<::>5	Q0	ibmcld_07551-15747-17355	2	0.500000	run1
c01c8cf11437e6bb3bc93efac26528c2<::>5	Q0	ibmcld_10817-1342-3184	3	0.333333	run1
c01c8cf11437e6bb3bc93efac26528c2<::>5	Q0	ibmcld_10817-7-1802	4	0.250000	run1
c01c8cf11437e6bb3bc93efac26528c2<::>5	Q0	ibmcld_10817-2884-4620	5	0.200000	run1
c01c8cf11437e6bb3bc93efac26528c2<::>5	Q0	ibmcld_04518-1426-3052	6	0.166667	run1
c01c8cf11437e6bb3bc93efac26528c2<::>5	Q0	ibmcld_10852-43319-44485	7	0.142857	run1
c01c8cf11437e6bb3bc93efac26528c2<::>5	Q0	ibmcld_10852-45155-46272	8	0.125000	run1
c01c8cf11437e6bb3bc93efac26528c2<::>5	Q0	ibmcld_02674-7-1766	9	0.111111	run1
c01c8cf11437e6bb3bc93efac26528c2<::>5	Q0	ibmcld_02772-4213-5899	10	0.100000	run1
1be66272113492407e814eaf21a761d4<::>1	Q0	ibmcld_11192-0-1195	1	1.000000	run1
1be66272113492407e814eaf21a761d4<::>1	Q0	ibmcld_02057-20334-21410	2	0.500000	run1
1be66272113492407e814eaf21a761d4<::>1	Q0	ibmcld_13129-5800-7679	3	0.333333	run1
1be66272113492407e814eaf21a761d4<::>1	Q0	ibmcld_02058-20323-21399	4	0.250000	run1
1be66272113492407e814eaf21a761d4<::>1	Q0	ibmcld_16108-10859-12694	5	0.200000	run1
1be66272113492407e814eaf21a761d4<::>1	Q0	ibmcld_05445-4719-5406	6	0.166667	run1
1be66272113492407e814eaf21a761d4<::>1	Q0	ibmcld_05881-1520-2832	7	0.142857	run1
1be66272113492407e814eaf21a761d4<::>1	Q0	ibmcld_03036-1611-3443	8	0.125000	run1
1be66272113492407e814eaf21a761d4<::>1	Q0	ibmcld_15712-16034-17981	9	0.111111	run1
1be66272113492407e814eaf21a761d4<::>1	Q0	ibmcld_03036-7-2061	10	0.100000	run1
1be66272113492407e814eaf21a761d4<::>2	Q0	ibmcld_09276-7-2089	1	1.000000	run1
1be66272113492407e814eaf21a761d4<::>2	Q0	ibmcld_09703-1640-3664	2	0.500000	run1
1be66272113492407e814eaf21a761d4<::>2	Q0	ibmcld_13029-7-2115	3	0.333333	run1
1be66272113492407e814eaf21a761d4<::>2	Q0	ibmcld_04027-8966-10884	4	0.250000	run1
1be66272113492407e814eaf21a761d4<::>2	Q0	ibmcld_09703-7-2026	5	0.200000	run1
1be66272113492407e814eaf21a761d4<::>2	Q0	ibmcld_09782-5399-7357	6	0.166667	run1
1be66272113492407e814eaf21a761d4<::>2	Q0	ibmcld_14510-1784-3889	7	0.142857	run1
1be66272113492407e814eaf21a761d4<::>2	Q0	ibmcld_04676-16081-16791	8	0.125000	run1
1be66272113492407e814eaf21a761d4<::>2	Q0	ibmcld_09702-5331-6744	9	0.111111	run1
1be66272113492407e814eaf21a761d4<::>2	Q0	ibmcld_13878-7395-9242	10	0.100000	run1
1be66272113492407e814eaf21a761d4<::>3	Q0	ibmcld_07175-7-2035	1	1.000000	run1
1be66272113492407e814eaf21a761d4<::>3	Q0	ibmcld_03363-4-2165	2	0.500000	run1
1be66272113492407e814eaf21a761d4<::>3	Q0	ibmcld_13406-1732-4088	3	0.333333	run1
1be66272113492407e814eaf21a761d4<::>3	Q0	ibmcld_16563-20012-20766	4	0.250000	run1
1be66272113492407e814eaf21a761d4<::>3	Q0	ibmcld_13266-22463-23586	5	0.200000	run1
1be66272113492407e814eaf21a761d4<::>3	Q0	ibmcld_09783-8148-9093	6	0.166667	run1
1be66272113492407e814eaf21a761d4<::>3	Q0	ibmcld_09605-5275-6930	7	0.142857	run1
1be66272113492407e814eaf21a761d4<::>3	Q0	ibmcld_05445-4719-5406	8	0.125000	run1
1be66272113492407e814eaf21a761d4<::>3	Q0	ibmcld_09630-0-1462	9	0.111111	run1
1be66272113492407e814eaf21a761d4<::>3	Q0	ibmcld_09803-3755-5832	10	0.100000	run1
1be66272113492407e814eaf21a761d4<::>4	Q0	ibmcld_03036-2789-4951	1	1.000000	run1
1be66272113492407e814eaf21a761d4<::>4	Q0	ibmcld_16258-7-1952	2	0.500000	run1
1be66272113492407e814eaf21a761d4<::>4	Q0	ibmcld_03363-1671-3630	3	0.333333	run1
1be66272113492407e814eaf21a761d4<::>4	Q0	ibmcld_03036-4322-6185	4	0.250000	run1
1be66272113492407e814eaf21a761d4<::>4	Q0	ibmcld_16258-1324-3123	5	0.200000	run1
1be66272113492407e814eaf21a761d4<::>4	Q0	ibmcld_03109-8981-10943	6	0.166667	run1
1be66272113492407e814eaf21a761d4<::>4	Q0	ibmcld_03363-4413-6535	7	0.142857	run1
1be66272113492407e814eaf21a761d4<::>4	Q0	ibmcld_16081-1672-3396	8	0.125000	run1
1be66272113492407e814eaf21a761d4<::>4	Q0	ibmcld_14513-5183-7508	9	0.111111	run1
1be66272113492407e814eaf21a761d4<::>4	Q0	ibmcld_12716-0-1031	10	0.100000	run1
1be66272113492407e814eaf21a761d4<::>5	Q0	ibmcld_16258-7-1952	1	1.000000	run1
1be66272113492407e814eaf21a761d4<::>5	Q0	ibmcld_03363-4-2165	2	0.500000	run1
1be66272113492407e814eaf21a761d4<::>5	Q0	ibmcld_03354-4-1897	3	0.333333	run1
1be66272113492407e814eaf21a761d4<::>5	Q0	ibmcld_03363-4413-6535	4	0.250000	run1
1be66272113492407e814eaf21a761d4<::>5	Q0	ibmcld_16259-7-2018	5	0.200000	run1
1be66272113492407e814eaf21a761d4<::>5	Q0	ibmcld_03037-7-1971	6	0.166667	run1
1be66272113492407e814eaf21a761d4<::>5	Q0	ibmcld_03028-7-1945	7	0.142857	run1
1be66272113492407e814eaf21a761d4<::>5	Q0	ibmcld_16274-4164-6148	8	0.125000	run1
1be66272113492407e814eaf21a761d4<::>5	Q0	ibmcld_03363-1671-3630	9	0.111111	run1
1be66272113492407e814eaf21a761d4<::>5	Q0	ibmcld_16365-14167-16117	10	0.100000	run1
1be66272113492407e814eaf21a761d4<::>6	Q0	ibmcld_03354-4-1897	1	1.000000	run1
1be66272113492407e814eaf21a761d4<::>6	Q0	ibmcld_16258-7-1952	2	0.500000	run1
1be66272113492407e814eaf21a761d4<::>6	Q0	ibmcld_03107-4-1607	3	0.333333	run1
1be66272113492407e814eaf21a761d4<::>6	Q0	ibmcld_16300-0-2464	4	0.250000	run1
1be66272113492407e814eaf21a761d4<::>6	Q0	ibmcld_16324-1477-3681	5	0.200000	run1
1be66272113492407e814eaf21a761d4<::>6	Q0	ibmcld_03363-4-2165	6	0.166667	run1
1be66272113492407e814eaf21a761d4<::>6	Q0	ibmcld_16252-7-1601	7	0.142857	run1
1be66272113492407e814eaf21a761d4<::>6	Q0	ibmcld_03369-53714-55838	8	0.125000	run1
1be66272113492407e814eaf21a761d4<::>6	Q0	ibmcld_16258-2570-3569	9	0.111111	run1
1be66272113492407e814eaf21a761d4<::>6	Q0	ibmcld_16364-161519-163610	10	0.100000	run1
e1b602e47ded79a35d8df4eefe194e39<::>1	Q0	ibmcld_03329-1102-2607	1	1.000000	run1
e1b602e47ded79a35d8df4eefe194e39<::>1	Q0	ibmcld_03049-2703-4536	2	0.500000	run1
e1b602e47ded79a35d8df4eefe194e39<::>1	Q0	ibmcld_02998-1325-2715	3	0.333333	run1
e1b602e47ded79a35d8df4eefe194e39<::>1	Q0	ibmcld_03043-7-2031	4	0.250000	run1
e1b602e47ded79a35d8df4eefe194e39<::>1	Q0	ibmcld_03126-3707-6008	5	0.200000	run1
e1b602e47ded79a35d8df4eefe194e39<::>1	Q0	ibmcld_03381-4347-6258	6	0.166667	run1
e1b602e47ded79a35d8df4eefe194e39<::>1	Q0	ibmcld_03120-3469-5331	7	0.142857	run1
e1b602e47ded79a35d8df4eefe194e39<::>1	Q0	ibmcld_03049-7-1790	8	0.125000	run1
e1b602e47ded79a35d8df4eefe194e39<::>1	Q0	ibmcld_03049-1355-3132	9	0.111111	run1
e1b602e47ded79a35d8df4eefe194e39<::>1	Q0	ibmcld_03381-1467-3226	10	0.100000	run1
e1b602e47ded79a35d8df4eefe194e39<::>2	Q0	ibmcld_03369-66296-68553	1	1.000000	run1
e1b602e47ded79a35d8df4eefe194e39<::>2	Q0	ibmcld_16364-72601-74697	2	0.500000	run1
e1b602e47ded79a35d8df4eefe194e39<::>2	Q0	ibmcld_16364-103662-105841	3	0.333333	run1
e1b602e47ded79a35d8df4eefe194e39<::>2	Q0	ibmcld_03369-36856-39124	4	0.250000	run1
e1b602e47ded79a35d8df4eefe194e39<::>2	Q0	ibmcld_07578-52142-53973	5	0.200000	run1
e1b602e47ded79a35d8df4eefe194e39<::>2	Q0	ibmcld_03353-4-2000	6	0.166667	run1
e1b602e47ded79a35d8df4eefe194e39<::>2	Q0	ibmcld_16727-52127-53958	7	0.142857	run1
e1b602e47ded79a35d8df4eefe194e39<::>2	Q0	ibmcld_03027-7-1946	8	0.125000	run1
e1b602e47ded79a35d8df4eefe194e39<::>2	Q0	ibmcld_16364-101992-104197	9	0.111111	run1
e1b602e47ded79a35d8df4eefe194e39<::>2	Q0	ibmcld_03120-3469-5331	10	0.100000	run1
e1b602e47ded79a35d8df4eefe194e39<::>3	Q0	ibmcld_03373-4-1923	1	1.000000	run1
e1b602e47ded79a35d8df4eefe194e39<::>3	Q0	ibmcld_02998-7-1605	2	0.500000	run1
e1b602e47ded79a35d8df4eefe194e39<::>3	Q0	ibmcld_03121-4-1692	3	0.333333	run1
e1b602e47ded79a35d8df4eefe194e39<::>3	Q0	ibmcld_03373-7076-8670	4	0.250000	run1
e1b602e47ded79a35d8df4eefe194e39<::>3	Q0	ibmcld_03379-0-2495	5	0.200000	run1
e1b602e47ded79a35d8df4eefe194e39<::>3	Q0	ibmcld_03085-4-2046	6	0.166667	run1
e1b602e47ded79a35d8df4eefe194e39<::>3	Q0	ibmcld_03381-4-1869	7	0.142857	run1
e1b602e47ded79a35d8df4eefe194e39<::>3	Q0	ibmcld_03119-7-1688	8	0.125000	run1
e1b602e47ded79a35d8df4eefe194e39<::>3	Q0	ibmcld_03330-3253-5192	9	0.111111	run1
e1b602e47ded79a35d8df4eefe194e39<::>3	Q0	ibmcld_03049-7-1790	10	0.100000	run1
e1b602e47ded79a35d8df4eefe194e39<::>4	Q0	ibmcld_03353-4-2000	1	1.000000	run1
e1b602e47ded79a35d8df4eefe194e39<::>4	Q0	ibmcld_03027-7-1946	2	0.500000	run1
e1b602e47ded79a35d8df4eefe194e39<::>4	Q0	ibmcld_03120-4-2233	3	0.333333	run1
e1b602e47ded79a35d8df4eefe194e39<::>4	Q0	ibmcld_02839-3583-5403	4	0.250000	run1
e1b602e47ded79a35d8df4eefe194e39<::>4	Q0	ibmcld_03353-5263-7331	5	0.200000	run1
e1b602e47ded79a35d8df4eefe194e39<::>4	Q0	ibmcld_03054-18427-20301	6	0.166667	run1
e1b602e47ded79a35d8df4eefe194e39<::>4	Q0	ibmcld_03120-3469-5331	7	0.142857	run1
e1b602e47ded79a35d8df4eefe194e39<::>4	Q0	ibmcld_16364-74209-76251	8	0.125000	run1
e1b602e47ded79a35d8df4eefe194e39<::>4	Q0	ibmcld_03369-36856-39124	9	0.111111	run1
e1b602e47ded79a35d8df4eefe194e39<::>4	Q0	ibmcld_16364-1557-3720	10	0.100000	run1
e1b602e47ded79a35d8df4eefe194e39<::>5	Q0	ibmcld_03028-3903-6153	1	1.000000	run1
e1b602e47ded79a35d8df4eefe194e39<::>5	Q0	ibmcld_03354-4186-6431	2	0.500000	run1
e1b602e47ded79a35d8df4eefe194e39<::>5	Q0	ibmcld_02841-1435-2454	3	0.333333	run1
e1b602e47ded79a35d8df4eefe194e39<::>5	Q0	ibmcld_03113-4-2033	4	0.250000	run1
e1b602e47ded79a35d8df4eefe194e39<::>5	Q0	ibmcld_03313-12458-14207	5	0.200000	run1
e1b602e47ded79a35d8df4eefe194e39<::>5	Q0	ibmcld_03369-108318-110450	6	0.166667	run1
e1b602e47ded79a35d8df4eefe194e39<::>5	Q0	ibmcld_03403-4-2208	7	0.142857	run1
e1b602e47ded79a35d8df4eefe194e39<::>5	Q0	ibmcld_03185-4-1963	8	0.125000	run1
e1b602e47ded79a35d8df4eefe194e39<::>5	Q0	ibmcld_16275-4728-6819	9	0.111111	run1
e1b602e47ded79a35d8df4eefe194e39<::>5	Q0	ibmcld_03381-4-1869	10	0.100000	run1
e1b602e47ded79a35d8df4eefe194e39<::>7	Q0	ibmcld_02839-3583-5403	1	1.000000	run1
e1b602e47ded79a35d8df4eefe194e39<::>7	Q0	ibmcld_03120-3469-5331	2	0.500000	run1
e1b602e47ded79a35d8df4eefe194e39<::>7	Q0	ibmcld_16261-8287-9550	3	0.333333	run1
e1b602e47ded79a35d8df4eefe194e39<::>7	Q0	ibmcld_16273-1658-3498	4	0.250000	run1
e1b602e47ded79a35d8df4eefe194e39<::>7	Q0	ibmcld_16384-1889-3334	5	0.200000	run1
e1b602e47ded79a35d8df4eefe194e39<::>7	Q0	ibmcld_10832-12321-13886	6	0.166667	run1
e1b602e47ded79a35d8df4eefe194e39<::>7	Q0	ibmcld_16358-14984-16698	7	0.142857	run1
e1b602e47ded79a35d8df4eefe194e39<::>7	Q0	ibmcld_16261-7151-8568	8	0.125000	run1
e1b602e47ded79a35d8df4eefe194e39<::>7	Q0	ibmcld_03353-5263-7331	9	0.111111	run1
e1b602e47ded79a35d8df4eefe194e39<::>7	Q0	ibmcld_13160-7754-9761	10	0.100000	run1
4175fcce99c56af0e02be5b8990fc16a<::>1	Q0	ibmcld_16727-891789-893528	1	1.000000	run1
4175fcce99c56af0e02be5b8990fc16a<::>1	Q0	ibmcld_15810-55456-57255	2	0.500000	run1
4175fcce99c56af0e02be5b8990fc16a<::>1	Q0	ibmcld_07578-891912-893651	3	0.333333	run1
4175fcce99c56af0e02be5b8990fc16a<::>1	Q0	ibmcld_14952-21905-23471	4	0.250000	run1
4175fcce99c56af0e02be5b8990fc16a<::>1	Q0	ibmcld_16727-892968-894751	5	0.200000	run1
4175fcce99c56af0e02be5b8990fc16a<::>1	Q0	ibmcld_15810-56814-58787	6	0.166667	run1
4175fcce99c56af0e02be5b8990fc16a<::>1	Q0	ibmcld_07578-893091-894874	7	0.142857	run1
4175fcce99c56af0e02be5b8990fc16a<::>1	Q0	ibmcld_15922-37393-38495	8	0.125000	run1
4175fcce99c56af0e02be5b8990fc16a<::>1	Q0	ibmcld_15111-10169-12034	9	0.111111	run1
4175fcce99c56af0e02be5b8990fc16a<::>1	Q0	ibmcld_15921-37405-38507	10	0.100000	run1
4175fcce99c56af0e02be5b8990fc16a<::>2	Q0	ibmcld_13108-7-2001	1	1.000000	run1
4175fcce99c56af0e02be5b8990fc16a<::>2	Q0	ibmcld_12272-7-1955	2	0.500000	run1
4175fcce99c56af0e02be5b8990fc16a<::>2	Q0	ibmcld_07578-1205339-1207242	3	0.333333	run1
4175fcce99c56af0e02be5b8990fc16a<::>2	Q0	ibmcld_16727-1207972-1209875	4	0.250000	run1
4175fcce99c56af0e02be5b8990fc16a<::>2	Q0	ibmcld_16727-900304-902299	5	0.200000	run1
4175fcce99c56af0e02be5b8990fc16a<::>2	Q0	ibmcld_07578-900427-902422	6	0.166667	run1
4175fcce99c56af0e02be5b8990fc16a<::>2	Q0	ibmcld_01022-0-1082	7	0.142857	run1
4175fcce99c56af0e02be5b8990fc16a<::>2	Q0	ibmcld_09088-3020-5141	8	0.125000	run1
4175fcce99c56af0e02be5b8990fc16a<::>2	Q0	ibmcld_07578-1203660-1205825	9	0.111111	run1
4175fcce99c56af0e02be5b8990fc16a<::>2	Q0	ibmcld_05139-7-1805	10	0.100000	run1
4175fcce99c56af0e02be5b8990fc16a<::>3	Q0	ibmcld_14598-9419-11893	1	1.000000	run1
4175fcce99c56af0e02be5b8990fc16a<::>3	Q0	ibmcld_14738-7598-10031	2	0.500000	run1
4175fcce99c56af0e02be5b8990fc16a<::>3	Q0	ibmcld_01092-7-2034	3	0.333333	run1
4175fcce99c56af0e02be5b8990fc16a<::>3	Q0	ibmcld_12523-0-1829	4	0.250000	run1
4175fcce99c56af0e02be5b8990fc16a<::>3	Q0	ibmcld_00523-8515-10661	5	0.200000	run1
4175fcce99c56af0e02be5b8990fc16a<::>3	Q0	ibmcld_08669-6042-7847	6	0.166667	run1
4175fcce99c56af0e02be5b8990fc16a<::>3	Q0	ibmcld_14774-27023-28718	7	0.142857	run1
4175fcce99c56af0e02be5b8990fc16a<::>3	Q0	ibmcld_07502-5502-7788	8	0.125000	run1
4175fcce99c56af0e02be5b8990fc16a<::>3	Q0	ibmcld_03543-5787-7061	9	0.111111	run1
4175fcce99c56af0e02be5b8990fc16a<::>3	Q0	ibmcld_08669-4740-6634	10	0.100000	run1
4175fcce99c56af0e02be5b8990fc16a<::>4	Q0	ibmcld_15843-7468-9604	1	1.000000	run1
4175fcce99c56af0e02be5b8990fc16a<::>4	Q0	ibmcld_15957-5435-6741	2	0.500000	run1
4175fcce99c56af0e02be5b8990fc16a<::>4	Q0	ibmcld_07578-893091-894874	3	0.333333	run1
4175fcce99c56af0e02be5b8990fc16a<::>4	Q0	ibmcld_15076-0-1630	4	0.250000	run1
4175fcce99c56af0e02be5b8990fc16a<::>4	Q0	ibmcld_16727-892968-894751	5	0.200000	run1
4175fcce99c56af0e02be5b8990fc16a<::>4	Q0	ibmcld_14916-7-2291	6	0.166667	run1
4175fcce99c56af0e02be5b8990fc16a<::>4	Q0	ibmcld_11164-6586-7646	7	0.142857	run1
4175fcce99c56af0e02be5b8990fc16a<::>4	Q0	ibmcld_11648-7-2154	8	0.125000	run1
4175fcce99c56af0e02be5b8990fc16a<::>4	Q0	ibmcld_11607-7-2173	9	0.111111	run1
4175fcce99c56af0e02be5b8990fc16a<::>4	Q0	ibmcld_07578-891912-893651	10	0.100000	run1
4175fcce99c56af0e02be5b8990fc16a<::>5	Q0	ibmcld_06128-1336-3225	1	1.000000	run1
4175fcce99c56af0e02be5b8990fc16a<::>5	Q0	ibmcld_04734-4788-6538	2	0.500000	run1
4175fcce99c56af0e02be5b8990fc16a<::>5	Q0	ibmcld_10568-1346-3235	3	0.333333	run1
4175fcce99c56af0e02be5b8990fc16a<::>5	Q0	ibmcld_11149-6741-9103	4	0.250000	run1
4175fcce99c56af0e02be5b8990fc16a<::>5	Q0	ibmcld_06128-7-1993	5	0.200000	run1
4175fcce99c56af0e02be5b8990fc16a<::>5	Q0	ibmcld_10568-7-2010	6	0.166667	run1
4175fcce99c56af0e02be5b8990fc16a<::>5	Q0	ibmcld_02826-1915-3049	7	0.142857	run1
4175fcce99c56af0e02be5b8990fc16a<::>5	Q0	ibmcld_06128-18886-20873	8	0.125000	run1
4175fcce99c56af0e02be5b8990fc16a<::>5	Q0	ibmcld_05713-2279-3916	9	0.111111	run1
4175fcce99c56af0e02be5b8990fc16a<::>5	Q0	ibmcld_06894-1544-2296	10	0.100000	run1
4175fcce99c56af0e02be5b8990fc16a<::>6	Q0	ibmcld_10899-7-2234	1	1.000000	run1
4175fcce99c56af0e02be5b8990fc16a<::>6	Q0	ibmcld_14733-7-1577	2	0.500000	run1
4175fcce99c56af0e02be5b8990fc16a<::>6	Q0	ibmcld_10899-1666-3432	3	0.333333	run1
4175fcce99c56af0e02be5b8990fc16a<::>6	Q0	ibmcld_05707-4888-6797	4	0.250000	run1
4175fcce99c56af0e02be5b8990fc16a<::>6	Q0	ibmcld_14916-7-2291	5	0.200000	run1
4175fcce99c56af0e02be5b8990fc16a<::>6	Q0	ibmcld_16729-266570-268549	6	0.166667	run1
4175fcce99c56af0e02be5b8990fc16a<::>6	Q0	ibmcld_11650-7-2200	7	0.142857	run1
4175fcce99c56af0e02be5b8990fc16a<::>6	Q0	ibmcld_08791-5425-7542	8	0.125000	run1
4175fcce99c56af0e02be5b8990fc16a<::>6	Q0	ibmcld_11607-7-2173	9	0.111111	run1
4175fcce99c56af0e02be5b8990fc16a<::>6	Q0	ibmcld_08785-5347-7490	10	0.100000	run1
4175fcce99c56af0e02be5b8990fc16a<::>7	Q0	ibmcld_06128-1336-3225	1	1.000000	run1
4175fcce99c56af0e02be5b8990fc16a<::>7	Q0	ibmcld_04734-4788-6538	2	0.500000	run1
4175fcce99c56af0e02be5b8990fc16a<::>7	Q0	ibmcld_10568-1346-3235	3	0.333333	run1
4175fcce99c56af0e02be5b8990fc16a<::>7	Q0	ibmcld_11149-6741-9103	4	0.250000	run1
4175fcce99c56af0e02be5b8990fc16a<::>7	Q0	ibmcld_06128-7-1993	5	0.200000	run1
4175fcce99c56af0e02be5b8990fc16a<::>7	Q0	ibmcld_10568-7-2010	6	0.166667	run1
4175fcce99c56af0e02be5b8990fc16a<::>7	Q0	ibmcld_02826-1915-3049	7	0.142857	run1
4175fcce99c56af0e02be5b8990fc16a<::>7	Q0	ibmcld_06128-18886-20873	8	0.125000	run1
4175fcce99c56af0e02be5b8990fc16a<::>7	Q0	ibmcld_05713-2279-3916	9	0.111111	run1
4175fcce99c56af0e02be5b8990fc16a<::>7	Q0	ibmcld_06894-1544-2296	10	0.100000	run1
4175fcce99c56af0e02be5b8990fc16a<::>8	Q0	ibmcld_14884-7-2123	1	1.000000	run1
4175fcce99c56af0e02be5b8990fc16a<::>8	Q0	ibmcld_06926-1815-3739	2	0.500000	run1
4175fcce99c56af0e02be5b8990fc16a<::>8	Q0	ibmcld_14910-1571-3489	3	0.333333	run1
4175fcce99c56af0e02be5b8990fc16a<::>8	Q0	ibmcld_11664-3334-5110	4	0.250000	run1
4175fcce99c56af0e02be5b8990fc16a<::>8	Q0	ibmcld_14916-7-2291	5	0.200000	run1
4175fcce99c56af0e02be5b8990fc16a<::>8	Q0	ibmcld_11554-1776-3838	6	0.166667	run1
4175fcce99c56af0e02be5b8990fc16a<::>8	Q0	ibmcld_14759-2917-4957	7	0.142857	run1
4175fcce99c56af0e02be5b8990fc16a<::>8	Q0	ibmcld_11650-7-2200	8	0.125000	run1
4175fcce99c56af0e02be5b8990fc16a<::>8	Q0	ibmcld_08544-7771-9509	9	0.111111	run1
4175fcce99c56af0e02be5b8990fc16a<::>8	Q0	ibmcld_16729-187656-189537	10	0.100000	run1
f5a8ca2f2bc12180940167fb920bb018<::>1	Q0	ibmcld_03185-6701-8694	1	1.000000	run1
f5a8ca2f2bc12180940167fb920bb018<::>1	Q0	ibmcld_02873-5855-7814	2	0.500000	run1
f5a8ca2f2bc12180940167fb920bb018<::>1	Q0	ibmcld_02882-7-2075	3	0.333333	run1
f5a8ca2f2bc12180940167fb920bb018<::>1	Q0	ibmcld_03196-4-2102	4	0.250000	run1
f5a8ca2f2bc12180940167fb920bb018<::>1	Q0	ibmcld_02961-7-1871	5	0.200000	run1
f5a8ca2f2bc12180940167fb920bb018<::>1	Q0	ibmcld_03216-2369-4600	6	0.166667	run1
f5a8ca2f2bc12180940167fb920bb018<::>1	Q0	ibmcld_16364-212412-214326	7	0.142857	run1
f5a8ca2f2bc12180940167fb920bb018<::>1	Q0	ibmcld_03185-5335-7134	8	0.125000	run1
f5a8ca2f2bc12180940167fb920bb018<::>1	Q0	ibmcld_02953-12940-14393	9	0.111111	run1
f5a8ca2f2bc12180940167fb920bb018<::>1	Q0	ibmcld_03405-3051-4760	10	0.100000	run1
f5a8ca2f2bc12180940167fb920bb018<::>2	Q0	ibmcld_03069-7-2188	1	1.000000	run1
f5a8ca2f2bc12180940167fb920bb018<::>2	Q0	ibmcld_03043-1537-3553	2	0.500000	run1
f5a8ca2f2bc12180940167fb920bb018<::>2	Q0	ibmcld_03403-4-2208	3	0.333333	run1
f5a8ca2f2bc12180940167fb920bb018<::>2	Q0	ibmcld_03006-4831-6845	4	0.250000	run1
f5a8ca2f2bc12180940167fb920bb018<::>2	Q0	ibmcld_03373-4327-6061	5	0.200000	run1
f5a8ca2f2bc12180940167fb920bb018<::>2	Q0	ibmcld_03185-4-1963	6	0.166667	run1
f5a8ca2f2bc12180940167fb920bb018<::>2	Q0	ibmcld_03273-3976-5874	7	0.142857	run1
f5a8ca2f2bc12180940167fb920bb018<::>2	Q0	ibmcld_03373-2953-4766	8	0.125000	run1
f5a8ca2f2bc12180940167fb920bb018<::>2	Q0	ibmcld_02953-3805-5544	9	0.111111	run1
f5a8ca2f2bc12180940167fb920bb018<::>2	Q0	ibmcld_02873-7-1949	10	0.100000	run1
f5a8ca2f2bc12180940167fb920bb018<::>3	Q0	ibmcld_03405-4-2057	1	1.000000	run1
f5a8ca2f2bc12180940167fb920bb018<::>3	Q0	ibmcld_16318-7-1772	2	0.500000	run1
f5a8ca2f2bc12180940167fb920bb018<::>3	Q0	ibmcld_03403-4-2208	3	0.333333	run1
f5a8ca2f2bc12180940167fb920bb018<::>3	Q0	ibmcld_03334-4-1943	4	0.250000	run1
f5a8ca2f2bc12180940167fb920bb018<::>3	Q0	ibmcld_16360-1493-3354	5	0.200000	run1
f5a8ca2f2bc12180940167fb920bb018<::>3	Q0	ibmcld_03145-4-1748	6	0.166667	run1
f5a8ca2f2bc12180940167fb920bb018<::>3	Q0	ibmcld_16727-78227-80124	7	0.142857	run1
f5a8ca2f2bc12180940167fb920bb018<::>3	Q0	ibmcld_07578-78252-80149	8	0.125000	run1
f5a8ca2f2bc12180940167fb920bb018<::>3	Q0	ibmcld_03069-7-2188	9	0.111111	run1
f5a8ca2f2bc12180940167fb920bb018<::>3	Q0	ibmcld_16360-7-1967	10	0.100000	run1
f5a8ca2f2bc12180940167fb920bb018<::>5	Q0	ibmcld_03373-4-1923	1	1.000000	run1
f5a8ca2f2bc12180940167fb920bb018<::>5	Q0	ibmcld_03330-3253-5192	2	0.500000	run1
f5a8ca2f2bc12180940167fb920bb018<::>5	Q0	ibmcld_03085-4-2046	3	0.333333	run1
f5a8ca2f2bc12180940167fb920bb018<::>5	Q0	ibmcld_03329-4-1522	4	0.250000	run1
f5a8ca2f2bc12180940167fb920bb018<::>5	Q0	ibmcld_03121-4-1692	5	0.200000	run1
f5a8ca2f2bc12180940167fb920bb018<::>5	Q0	ibmcld_03117-1596-3567	6	0.166667	run1
f5a8ca2f2bc12180940167fb920bb018<::>5	Q0	ibmcld_03049-7-1790	7	0.142857	run1
f5a8ca2f2bc12180940167fb920bb018<::>5	Q0	ibmcld_03369-25501-27738	8	0.125000	run1
f5a8ca2f2bc12180940167fb920bb018<::>5	Q0	ibmcld_03381-4-1869	9	0.111111	run1
f5a8ca2f2bc12180940167fb920bb018<::>5	Q0	ibmcld_03329-3417-4930	10	0.100000	run1
f5a8ca2f2bc12180940167fb920bb018<::>6	Q0	ibmcld_02882-7-2075	1	1.000000	run1
f5a8ca2f2bc12180940167fb920bb018<::>6	Q0	ibmcld_02900-23378-25261	2	0.500000	run1
f5a8ca2f2bc12180940167fb920bb018<::>6	Q0	ibmcld_02873-5855-7814	3	0.333333	run1
f5a8ca2f2bc12180940167fb920bb018<::>6	Q0	ibmcld_03185-5335-7134	4	0.250000	run1
f5a8ca2f2bc12180940167fb920bb018<::>6	Q0	ibmcld_02900-14902-16966	5	0.200000	run1
f5a8ca2f2bc12180940167fb920bb018<::>6	Q0	ibmcld_02900-24807-26597	6	0.166667	run1
f5a8ca2f2bc12180940167fb920bb018<::>6	Q0	ibmcld_03185-6701-8694	7	0.142857	run1
f5a8ca2f2bc12180940167fb920bb018<::>6	Q0	ibmcld_03218-6464-8324	8	0.125000	run1
f5a8ca2f2bc12180940167fb920bb018<::>6	Q0	ibmcld_03196-53970-56256	9	0.111111	run1
f5a8ca2f2bc12180940167fb920bb018<::>6	Q0	ibmcld_02953-12940-14393	10	0.100000	run1
f5a8ca2f2bc12180940167fb920bb018<::>7	Q0	ibmcld_02882-7-2075	1	1.000000	run1
f5a8ca2f2bc12180940167fb920bb018<::>7	Q0	ibmcld_03113-4-2033	2	0.500000	run1
f5a8ca2f2bc12180940167fb920bb018<::>7	Q0	ibmcld_02990-7468-9182	3	0.333333	run1
f5a8ca2f2bc12180940167fb920bb018<::>7	Q0	ibmcld_16727-13406-15177	4	0.250000	run1
f5a8ca2f2bc12180940167fb920bb018<::>7	Q0	ibmcld_03113-6206-7586	5	0.200000	run1
f5a8ca2f2bc12180940167fb920bb018<::>7	Q0	ibmcld_07578-13406-15177	6	0.166667	run1
f5a8ca2f2bc12180940167fb920bb018<::>7	Q0	ibmcld_02900-4643-6783	7	0.142857	run1
f5a8ca2f2bc12180940167fb920bb018<::>7	Q0	ibmcld_03071-3000-4820	8	0.125000	run1
f5a8ca2f2bc12180940167fb920bb018<::>7	Q0	ibmcld_02914-1593-3315	9	0.111111	run1
f5a8ca2f2bc12180940167fb920bb018<::>7	Q0	ibmcld_03405-3051-4760	10	0.100000	run1
f5a8ca2f2bc12180940167fb920bb018<::>8	Q0	ibmcld_16364-163116-165172	1	1.000000	run1
f5a8ca2f2bc12180940167fb920bb018<::>8	Q0	ibmcld_03381-2858-4802	2	0.500000	run1
f5a8ca2f2bc12180940167fb920bb018<::>8	Q0	ibmcld_03054-18427-20301	3	0.333333	run1
f5a8ca2f2bc12180940167fb920bb018<::>8	Q0	ibmcld_03383-17365-19519	4	0.250000	run1
f5a8ca2f2bc12180940167fb920bb018<::>8	Q0	ibmcld_03119-7-1688	5	0.200000	run1
f5a8ca2f2bc12180940167fb920bb018<::>8	Q0	ibmcld_13042-17392-19546	6	0.166667	run1
f5a8ca2f2bc12180940167fb920bb018<::>8	Q0	ibmcld_03373-4-1923	7	0.142857	run1
f5a8ca2f2bc12180940167fb920bb018<::>8	Q0	ibmcld_03043-7-2031	8	0.125000	run1
f5a8ca2f2bc12180940167fb920bb018<::>8	Q0	ibmcld_03369-125488-127526	9	0.111111	run1
f5a8ca2f2bc12180940167fb920bb018<::>8	Q0	ibmcld_02841-7-1807	10	0.100000	run1
f5a8ca2f2bc12180940167fb920bb018<::>9	Q0	ibmcld_03383-17365-19519	1	1.000000	run1
f5a8ca2f2bc12180940167fb920bb018<::>9	Q0	ibmcld_13042-17392-19546	2	0.500000	run1
f5a8ca2f2bc12180940167fb920bb018<::>9	Q0	ibmcld_03054-18427-20301	3	0.333333	run1
f5a8ca2f2bc12180940167fb920bb018<::>9	Q0	ibmcld_03383-4-1728	4	0.250000	run1
f5a8ca2f2bc12180940167fb920bb018<::>9	Q0	ibmcld_13042-4-1728	5	0.200000	run1
f5a8ca2f2bc12180940167fb920bb018<::>9	Q0	ibmcld_03043-7-2031	6	0.166667	run1
f5a8ca2f2bc12180940167fb920bb018<::>9	Q0	ibmcld_03054-7-2020	7	0.142857	run1
f5a8ca2f2bc12180940167fb920bb018<::>9	Q0	ibmcld_03054-19820-21851	8	0.125000	run1
f5a8ca2f2bc12180940167fb920bb018<::>9	Q0	ibmcld_06953-7-2041	9	0.111111	run1
f5a8ca2f2bc12180940167fb920bb018<::>9	Q0	ibmcld_13042-15810-17906	10	0.100000	run1
1065ea5ad1ae2b90e6fce67d851a7a66<::>1	Q0	ibmcld_10852-44214-45420	1	1.000000	run1
1065ea5ad1ae2b90e6fce67d851a7a66<::>1	Q0	ibmcld_10817-7-1802	2	0.500000	run1
1065ea5ad1ae2b90e6fce67d851a7a66<::>1	Q0	ibmcld_02772-4213-5899	3	0.333333	run1
1065ea5ad1ae2b90e6fce67d851a7a66<::>1	Q0	ibmcld_10852-45155-46272	4	0.250000	run1
1065ea5ad1ae2b90e6fce67d851a7a66<::>1	Q0	ibmcld_12330-7-2140	5	0.200000	run1
1065ea5ad1ae2b90e6fce67d851a7a66<::>1	Q0	ibmcld_10817-4371-5701	6	0.166667	run1
1065ea5ad1ae2b90e6fce67d851a7a66<::>1	Q0	ibmcld_00861-34083-34860	7	0.142857	run1
1065ea5ad1ae2b90e6fce67d851a7a66<::>1	Q0	ibmcld_00861-182022-182784	8	0.125000	run1
1065ea5ad1ae2b90e6fce67d851a7a66<::>1	Q0	ibmcld_12330-1723-4013	9	0.111111	run1
1065ea5ad1ae2b90e6fce67d851a7a66<::>1	Q0	ibmcld_00959-2830-5215	10	0.100000	run1
1065ea5ad1ae2b90e6fce67d851a7a66<::>2	Q0	ibmcld_10817-7-1802	1	1.000000	run1
1065ea5ad1ae2b90e6fce67d851a7a66<::>2	Q0	ibmcld_10852-44214-45420	2	0.500000	run1
1065ea5ad1ae2b90e6fce67d851a7a66<::>2	Q0	ibmcld_10852-45155-46272	3	0.333333	run1
1065ea5ad1ae2b90e6fce67d851a7a66<::>2	Q0	ibmcld_10817-1342-3184	4	0.250000	run1
1065ea5ad1ae2b90e6fce67d851a7a66<::>2	Q0	ibmcld_10864-5549-7975	5	0.200000	run1
1065ea5ad1ae2b90e6fce67d851a7a66<::>2	Q0	ibmcld_10852-43319-44485	6	0.166667	run1
1065ea5ad1ae2b90e6fce67d851a7a66<::>2	Q0	ibmcld_00861-91100-92295	7	0.142857	run1
1065ea5ad1ae2b90e6fce67d851a7a66<::>2	Q0	ibmcld_12332-1034-2510	8	0.125000	run1
1065ea5ad1ae2b90e6fce67d851a7a66<::>2	Q0	ibmcld_04518-7-1743	9	0.111111	run1
1065ea5ad1ae2b90e6fce67d851a7a66<::>2	Q0	ibmcld_10852-15009-16290	10	0.100000	run1
1065ea5ad1ae2b90e6fce67d851a7a66<::>4	Q0	ibmcld_10852-44214-45420	1	1.000000	run1
1065ea5ad1ae2b90e6fce67d851a7a66<::>4	Q0	ibmcld_10817-7-1802	2	0.500000	run1
1065ea5ad1ae2b90e6fce67d851a7a66<::>4	Q0	ibmcld_10817-2884-4620	3	0.333333	run1
1065ea5ad1ae2b90e6fce67d851a7a66<::>4	Q0	ibmcld_10852-45155-46272	4	0.250000	run1
1065ea5ad1ae2b90e6fce67d851a7a66<::>4	Q0	ibmcld_10852-43319-44485	5	0.200000	run1
1065ea5ad1ae2b90e6fce67d851a7a66<::>4	Q0	ibmcld_10817-1342-3184	6	0.166667	run1
1065ea5ad1ae2b90e6fce67d851a7a66<::>4	Q0	ibmcld_00861-91100-92295	7	0.142857	run1
1065ea5ad1ae2b90e6fce67d851a7a66<::>4	Q0	ibmcld_10852-14000-15251	8	0.125000	run1
1065ea5ad1ae2b90e6fce67d851a7a66<::>4	Q0	ibmcld_04518-7-1743	9	0.111111	run1
1065ea5ad1ae2b90e6fce67d851a7a66<::>4	Q0	ibmcld_10864-5549-7975	10	0.100000	run1
1065ea5ad1ae2b90e6fce67d851a7a66<::>5	Q0	ibmcld_03800-6379-8559	1	1.000000	run1
1065ea5ad1ae2b90e6fce67d851a7a66<::>5	Q0	ibmcld_12492-29802-30673	2	0.500000	run1
1065ea5ad1ae2b90e6fce67d851a7a66<::>5	Q0	ibmcld_03797-7-1811	3	0.333333	run1
1065ea5ad1ae2b90e6fce67d851a7a66<::>5	Q0	ibmcld_12493-16410-17215	4	0.250000	run1
1065ea5ad1ae2b90e6fce67d851a7a66<::>5	Q0	ibmcld_04031-13933-15827	5	0.200000	run1
1065ea5ad1ae2b90e6fce67d851a7a66<::>5	Q0	ibmcld_07578-1183252-1185036	6	0.166667	run1
1065ea5ad1ae2b90e6fce67d851a7a66<::>5	Q0	ibmcld_04518-1426-3052	7	0.142857	run1
1065ea5ad1ae2b90e6fce67d851a7a66<::>5	Q0	ibmcld_16727-1185885-1187669	8	0.125000	run1
1065ea5ad1ae2b90e6fce67d851a7a66<::>5	Q0	ibmcld_12332-1034-2510	9	0.111111	run1
1065ea5ad1ae2b90e6fce67d851a7a66<::>5	Q0	ibmcld_16315-6754-8418	10	0.100000	run1
1065ea5ad1ae2b90e6fce67d851a7a66<::>6	Q0	ibmcld_14397-7-2148	1	1.000000	run1
1065ea5ad1ae2b90e6fce67d851a7a66<::>6	Q0	ibmcld_11511-704383-704942	2	0.500000	run1
1065ea5ad1ae2b90e6fce67d851a7a66<::>6	Q0	ibmcld_03891-20101-22403	3	0.333333	run1
1065ea5ad1ae2b90e6fce67d851a7a66<::>6	Q0	ibmcld_04513-704355-704914	4	0.250000	run1
1065ea5ad1ae2b90e6fce67d851a7a66<::>6	Q0	ibmcld_13785-18515-19409	5	0.200000	run1
1065ea5ad1ae2b90e6fce67d851a7a66<::>6	Q0	ibmcld_11511-693659-694190	6	0.166667	run1
1065ea5ad1ae2b90e6fce67d851a7a66<::>6	Q0	ibmcld_12498-7-2091	7	0.142857	run1
1065ea5ad1ae2b90e6fce67d851a7a66<::>6	Q0	ibmcld_04513-693631-694162	8	0.125000	run1
1065ea5ad1ae2b90e6fce67d851a7a66<::>6	Q0	ibmcld_01595-17454-18582	9	0.111111	run1
1065ea5ad1ae2b90e6fce67d851a7a66<::>6	Q0	ibmcld_03114-9660-10499	10	0.100000	run1
1065ea5ad1ae2b90e6fce67d851a7a66<::>7	Q0	ibmcld_10817-7-1802	1	1.000000	run1
1065ea5ad1ae2b90e6fce67d851a7a66<::>7	Q0	ibmcld_10852-45155-46272	2	0.500000	run1
1065ea5ad1ae2b90e6fce67d851a7a66<::>7	Q0	ibmcld_10864-5549-7975	3	0.333333	run1
1065ea5ad1ae2b90e6fce67d851a7a66<::>7	Q0	ibmcld_10817-6582-8092	4	0.250000	run1
1065ea5ad1ae2b90e6fce67d851a7a66<::>7	Q0	ibmcld_10817-2884-4620	5	0.200000	run1
1065ea5ad1ae2b90e6fce67d851a7a66<::>7	Q0	ibmcld_10851-7-2122	6	0.166667	run1
1065ea5ad1ae2b90e6fce67d851a7a66<::>7	Q0	ibmcld_00642-6293-7424	7	0.142857	run1
1065ea5ad1ae2b90e6fce67d851a7a66<::>7	Q0	ibmcld_10852-37078-38269	8	0.125000	run1
1065ea5ad1ae2b90e6fce67d851a7a66<::>7	Q0	ibmcld_10852-3694-5102	9	0.111111	run1
1065ea5ad1ae2b90e6fce67d851a7a66<::>7	Q0	ibmcld_10834-3188-5278	10	0.100000	run1
674aa142d92a6b4262de254df0c3f7b2<::>1	Q0	ibmcld_03330-4-2191	1	1.000000	run1
674aa142d92a6b4262de254df0c3f7b2<::>1	Q0	ibmcld_16233-7-2298	2	0.500000	run1
674aa142d92a6b4262de254df0c3f7b2<::>1	Q0	ibmcld_13160-1449-3062	3	0.333333	run1
674aa142d92a6b4262de254df0c3f7b2<::>1	Q0	ibmcld_07223-2330-3654	4	0.250000	run1
674aa142d92a6b4262de254df0c3f7b2<::>1	Q0	ibmcld_07080-6045-7467	5	0.200000	run1
674aa142d92a6b4262de254df0c3f7b2<::>1	Q0	ibmcld_16729-6810-8822	6	0.166667	run1
674aa142d92a6b4262de254df0c3f7b2<::>1	Q0	ibmcld_07148-7-2060	7	0.142857	run1
674aa142d92a6b4262de254df0c3f7b2<::>1	Q0	ibmcld_07118-2719-3984	8	0.125000	run1
674aa142d92a6b4262de254df0c3f7b2<::>1	Q0	ibmcld_03330-3253-5192	9	0.111111	run1
674aa142d92a6b4262de254df0c3f7b2<::>1	Q0	ibmcld_03151-4-1547	10	0.100000	run1
674aa142d92a6b4262de254df0c3f7b2<::>2	Q0	ibmcld_16261-10613-12744	1	1.000000	run1
674aa142d92a6b4262de254df0c3f7b2<::>2	Q0	ibmcld_09921-1508-2973	2	0.500000	run1
674aa142d92a6b4262de254df0c3f7b2<::>2	Q0	ibmcld_03404-6416-7744	3	0.333333	run1
674aa142d92a6b4262de254df0c3f7b2<::>2	Q0	ibmcld_13074-16820-18514	4	0.250000	run1
674aa142d92a6b4262de254df0c3f7b2<::>2	Q0	ibmcld_03070-6290-7633	5	0.200000	run1
674aa142d92a6b4262de254df0c3f7b2<::>2	Q0	ibmcld_03329-7398-9042	6	0.166667	run1
674aa142d92a6b4262de254df0c3f7b2<::>2	Q0	ibmcld_16313-7-2199	7	0.142857	run1
674aa142d92a6b4262de254df0c3f7b2<::>2	Q0	ibmcld_02998-7662-9256	8	0.125000	run1
674aa142d92a6b4262de254df0c3f7b2<::>2	Q0	ibmcld_13360-2974-4481	9	0.111111	run1
674aa142d92a6b4262de254df0c3f7b2<::>2	Q0	ibmcld_03403-31931-33836	10	0.100000	run1
674aa142d92a6b4262de254df0c3f7b2<::>3	Q0	ibmcld_16362-7384-8672	1	1.000000	run1
674aa142d92a6b4262de254df0c3f7b2<::>3	Q0	ibmcld_16261-5514-7459	2	0.500000	run1
674aa142d92a6b4262de254df0c3f7b2<::>3	Q0	ibmcld_16727-72473-74518	3	0.333333	run1
674aa142d92a6b4262de254df0c3f7b2<::>3	Q0	ibmcld_07578-76848-78640	4	0.250000	run1
674aa142d92a6b4262de254df0c3f7b2<::>3	Q0	ibmcld_16270-0-505	5	0.200000	run1
674aa142d92a6b4262de254df0c3f7b2<::>3	Q0	ibmcld_16727-76823-78615	6	0.166667	run1
674aa142d92a6b4262de254df0c3f7b2<::>3	Q0	ibmcld_16295-2445-3989	7	0.142857	run1
674aa142d92a6b4262de254df0c3f7b2<::>3	Q0	ibmcld_03330-4814-6444	8	0.125000	run1
674aa142d92a6b4262de254df0c3f7b2<::>3	Q0	ibmcld_16345-7-1923	9	0.111111	run1
674aa142d92a6b4262de254df0c3f7b2<::>3	Q0	ibmcld_16261-17057-18537	10	0.100000	run1
674aa142d92a6b4262de254df0c3f7b2<::>4	Q0	ibmcld_13074-16820-18514	1	1.000000	run1
674aa142d92a6b4262de254df0c3f7b2<::>4	Q0	ibmcld_13074-15255-17243	2	0.500000	run1
674aa142d92a6b4262de254df0c3f7b2<::>4	Q0	ibmcld_16269-4-1613	3	0.333333	run1
674aa142d92a6b4262de254df0c3f7b2<::>4	Q0	ibmcld_13783-1646-2324	4	0.250000	run1
674aa142d92a6b4262de254df0c3f7b2<::>4	Q0	ibmcld_16471-3249-4882	5	0.200000	run1
674aa142d92a6b4262de254df0c3f7b2<::>4	Q0	ibmcld_06847-1729-3780	6	0.166667	run1
674aa142d92a6b4262de254df0c3f7b2<::>4	Q0	ibmcld_09906-2727-4077	7	0.142857	run1
674aa142d92a6b4262de254df0c3f7b2<::>4	Q0	ibmcld_13761-7-2364	8	0.125000	run1
674aa142d92a6b4262de254df0c3f7b2<::>4	Q0	ibmcld_02899-8118-8332	9	0.111111	run1
674aa142d92a6b4262de254df0c3f7b2<::>4	Q0	ibmcld_13770-10069-11773	10	0.100000	run1
674aa142d92a6b4262de254df0c3f7b2<::>5	Q0	ibmcld_13074-16820-18514	1	1.000000	run1
674aa142d92a6b4262de254df0c3f7b2<::>5	Q0	ibmcld_13074-15255-17243	2	0.500000	run1
674aa142d92a6b4262de254df0c3f7b2<::>5	Q0	ibmcld_06964-7-2137	3	0.333333	run1
674aa142d92a6b4262de254df0c3f7b2<::>5	Q0	ibmcld_09892-7-1976	4	0.250000	run1
674aa142d92a6b4262de254df0c3f7b2<::>5	Q0	ibmcld_16727-37951-40073	5	0.200000	run1
674aa142d92a6b4262de254df0c3f7b2<::>5	Q0	ibmcld_07578-37961-40083	6	0.166667	run1
674aa142d92a6b4262de254df0c3f7b2<::>5	Q0	ibmcld_09906-1621-3194	7	0.142857	run1
674aa142d92a6b4262de254df0c3f7b2<::>5	Q0	ibmcld_07035-7474-9503	8	0.125000	run1
674aa142d92a6b4262de254df0c3f7b2<::>5	Q0	ibmcld_13761-7-2364	9	0.111111	run1
674aa142d92a6b4262de254df0c3f7b2<::>5	Q0	ibmcld_09919-9389-11561	10	0.100000	run1
747a810abfd6da4a9c37cdb74feec95e<::>1	Q0	ibmcld_13013-7-1889	1	1.000000	run1
747a810abfd6da4a9c37cdb74feec95e<::>1	Q0	ibmcld_03329-3417-4930	2	0.500000	run1
747a810abfd6da4a9c37cdb74feec95e<::>1	Q0	ibmcld_16281-0-376	3	0.333333	run1
747a810abfd6da4a9c37cdb74feec95e<::>1	Q0	ibmcld_02961-7-1871	4	0.250000	run1
747a810abfd6da4a9c37cdb74feec95e<::>1	Q0	ibmcld_16727-530137-531887	5	0.200000	run1
747a810abfd6da4a9c37cdb74feec95e<::>1	Q0	ibmcld_02882-7-2075	6	0.166667	run1
747a810abfd6da4a9c37cdb74feec95e<::>1	Q0	ibmcld_07578-530183-531933	7	0.142857	run1
747a810abfd6da4a9c37cdb74feec95e<::>1	Q0	ibmcld_03270-3352-5135	8	0.125000	run1
747a810abfd6da4a9c37cdb74feec95e<::>1	Q0	ibmcld_00776-7-1983	9	0.111111	run1
747a810abfd6da4a9c37cdb74feec95e<::>1	Q0	ibmcld_03282-4-1890	10	0.100000	run1
747a810abfd6da4a9c37cdb74feec95e<::>2	Q0	ibmcld_06209-21345-23408	1	1.000000	run1
747a810abfd6da4a9c37cdb74feec95e<::>2	Q0	ibmcld_06079-10297-12436	2	0.500000	run1
747a810abfd6da4a9c37cdb74feec95e<::>2	Q0	ibmcld_06128-11467-13651	3	0.333333	run1
747a810abfd6da4a9c37cdb74feec95e<::>2	Q0	ibmcld_10510-17837-19983	4	0.250000	run1
747a810abfd6da4a9c37cdb74feec95e<::>2	Q0	ibmcld_10568-11152-13334	5	0.200000	run1
747a810abfd6da4a9c37cdb74feec95e<::>2	Q0	ibmcld_06063-18145-20200	6	0.166667	run1
747a810abfd6da4a9c37cdb74feec95e<::>2	Q0	ibmcld_10642-21503-23376	7	0.142857	run1
747a810abfd6da4a9c37cdb74feec95e<::>2	Q0	ibmcld_05768-7-1932	8	0.125000	run1
747a810abfd6da4a9c37cdb74feec95e<::>2	Q0	ibmcld_06063-33190-34970	9	0.111111	run1
747a810abfd6da4a9c37cdb74feec95e<::>2	Q0	ibmcld_10205-7-1923	10	0.100000	run1
747a810abfd6da4a9c37cdb74feec95e<::>3	Q0	ibmcld_10264-5544-7334	1	1.000000	run1
747a810abfd6da4a9c37cdb74feec95e<::>3	Q0	ibmcld_10534-148466-149913	2	0.500000	run1
747a810abfd6da4a9c37cdb74feec95e<::>3	Q0	ibmcld_05713-132600-134017	3	0.333333	run1
747a810abfd6da4a9c37cdb74feec95e<::>3	Q0	ibmcld_10534-149622-151010	4	0.250000	run1
747a810abfd6da4a9c37cdb74feec95e<::>3	Q0	ibmcld_13149-2574-4423	5	0.200000	run1
747a810abfd6da4a9c37cdb74feec95e<::>3	Q0	ibmcld_05713-133554-135176	6	0.166667	run1
747a810abfd6da4a9c37cdb74feec95e<::>3	Q0	ibmcld_11650-7-2200	7	0.142857	run1
747a810abfd6da4a9c37cdb74feec95e<::>3	Q0	ibmcld_12170-1498-3591	8	0.125000	run1
747a810abfd6da4a9c37cdb74feec95e<::>3	Q0	ibmcld_05713-151674-153233	9	0.111111	run1
747a810abfd6da4a9c37cdb74feec95e<::>3	Q0	ibmcld_05819-6266-7859	10	0.100000	run1
747a810abfd6da4a9c37cdb74feec95e<::>4	Q0	ibmcld_12170-1498-3591	1	1.000000	run1
747a810abfd6da4a9c37cdb74feec95e<::>4	Q0	ibmcld_05646-7-1791	2	0.500000	run1
747a810abfd6da4a9c37cdb74feec95e<::>4	Q0	ibmcld_06010-3038-4965	3	0.333333	run1
747a810abfd6da4a9c37cdb74feec95e<::>4	Q0	ibmcld_05819-4-1695	4	0.250000	run1
747a810abfd6da4a9c37cdb74feec95e<::>4	Q0	ibmcld_04489-261544-263329	5	0.200000	run1
747a810abfd6da4a9c37cdb74feec95e<::>4	Q0	ibmcld_05550-7-1692	6	0.166667	run1
747a810abfd6da4a9c37cdb74feec95e<::>4	Q0	ibmcld_06079-14961-17048	7	0.142857	run1
747a810abfd6da4a9c37cdb74feec95e<::>4	Q0	ibmcld_16098-7-1823	8	0.125000	run1
747a810abfd6da4a9c37cdb74feec95e<::>4	Q0	ibmcld_05891-261092-262929	9	0.111111	run1
747a810abfd6da4a9c37cdb74feec95e<::>4	Q0	ibmcld_06294-7-1823	10	0.100000	run1
747a810abfd6da4a9c37cdb74feec95e<::>5	Q0	ibmcld_11997-5537-6386	1	1.000000	run1
747a810abfd6da4a9c37cdb74feec95e<::>5	Q0	ibmcld_12581-17606-19704	2	0.500000	run1
747a810abfd6da4a9c37cdb74feec95e<::>5	Q0	ibmcld_12297-142362-143679	3	0.333333	run1
747a810abfd6da4a9c37cdb74feec95e<::>5	Q0	ibmcld_16729-158581-160468	4	0.250000	run1
747a810abfd6da4a9c37cdb74feec95e<::>5	Q0	ibmcld_07578-593375-595353	5	0.200000	run1
747a810abfd6da4a9c37cdb74feec95e<::>5	Q0	ibmcld_12104-9776-11234	6	0.166667	run1
747a810abfd6da4a9c37cdb74feec95e<::>5	Q0	ibmcld_16727-593333-595311	7	0.142857	run1
747a810abfd6da4a9c37cdb74feec95e<::>5	Q0	ibmcld_12297-102552-103904	8	0.125000	run1
747a810abfd6da4a9c37cdb74feec95e<::>5	Q0	ibmcld_11483-1714-3878	9	0.111111	run1
747a810abfd6da4a9c37cdb74feec95e<::>5	Q0	ibmcld_12104-8356-10191	10	0.100000	run1
747a810abfd6da4a9c37cdb74feec95e<::>6	Q0	ibmcld_07578-337406-339520	1	1.000000	run1
747a810abfd6da4a9c37cdb74feec95e<::>6	Q0	ibmcld_16727-337380-339494	2	0.500000	run1
747a810abfd6da4a9c37cdb74feec95e<::>6	Q0	ibmcld_03579-1822-3062	3	0.333333	run1
747a810abfd6da4a9c37cdb74feec95e<::>6	Q0	ibmcld_14916-7-2291	4	0.250000	run1
747a810abfd6da4a9c37cdb74feec95e<::>6	Q0	ibmcld_16727-838047-839802	5	0.200000	run1
747a810abfd6da4a9c37cdb74feec95e<::>6	Q0	ibmcld_04031-1609-3779	6	0.166667	run1
747a810abfd6da4a9c37cdb74feec95e<::>6	Q0	ibmcld_07578-838174-839929	7	0.142857	run1
747a810abfd6da4a9c37cdb74feec95e<::>6	Q0	ibmcld_04031-6179-7910	8	0.125000	run1
747a810abfd6da4a9c37cdb74feec95e<::>6	Q0	ibmcld_07597-0-1885	9	0.111111	run1
747a810abfd6da4a9c37cdb74feec95e<::>6	Q0	ibmcld_04031-7-2093	10	0.100000	run1
747a810abfd6da4a9c37cdb74feec95e<::>7	Q0	ibmcld_04031-6179-7910	1	1.000000	run1
747a810abfd6da4a9c37cdb74feec95e<::>7	Q0	ibmcld_05666-7536-9272	2	0.500000	run1
747a810abfd6da4a9c37cdb74feec95e<::>7	Q0	ibmcld_10116-14646-16447	3	0.333333	run1
747a810abfd6da4a9c37cdb74feec95e<::>7	Q0	ibmcld_16727-881995-883891	4	0.250000	run1
747a810abfd6da4a9c37cdb74feec95e<::>7	Q0	ibmcld_07578-882118-884014	5	0.200000	run1
747a810abfd6da4a9c37cdb74feec95e<::>7	Q0	ibmcld_13995-0-1665	6	0.166667	run1
747a810abfd6da4a9c37cdb74feec95e<::>7	Q0	ibmcld_16727-1319965-1321869	7	0.142857	run1
747a810abfd6da4a9c37cdb74feec95e<::>7	Q0	ibmcld_10116-13064-14929	8	0.125000	run1
747a810abfd6da4a9c37cdb74feec95e<::>7	Q0	ibmcld_07578-1317300-1319204	9	0.111111	run1
747a810abfd6da4a9c37cdb74feec95e<::>7	Q0	ibmcld_10542-0-1946	10	0.100000	run1
47b2471404382af6e973013ab1cf96b9<::>1	Q0	ibmcld_16727-1079289-1081125	1	1.000000	run1
47b2471404382af6e973013ab1cf96b9<::>1	Q0	ibmcld_07578-1076793-1078629	2	0.500000	run1
47b2471404382af6e973013ab1cf96b9<::>1	Q0	ibmcld_01660-8584-10307	3	0.333333	run1
47b2471404382af6e973013ab1cf96b9<::>1	Q0	ibmcld_01705-13208-15001	4	0.250000	run1
47b2471404382af6e973013ab1cf96b9<::>1	Q0	ibmcld_13336-7-1965	5	0.200000	run1
47b2471404382af6e973013ab1cf96b9<::>1	Q0	ibmcld_11142-1400-2265	6	0.166667	run1
47b2471404382af6e973013ab1cf96b9<::>1	Q0	ibmcld_01660-7085-8964	7	0.142857	run1
47b2471404382af6e973013ab1cf96b9<::>1	Q0	ibmcld_07578-1075256-1077185	8	0.125000	run1
47b2471404382af6e973013ab1cf96b9<::>1	Q0	ibmcld_16727-1077752-1079681	9	0.111111	run1
47b2471404382af6e973013ab1cf96b9<::>1	Q0	ibmcld_04607-7-1860	10	0.100000	run1
47b2471404382af6e973013ab1cf96b9<::>2	Q0	ibmcld_07578-1076793-1078629	1	1.000000	run1
47b2471404382af6e973013ab1cf96b9<::>2	Q0	ibmcld_16727-1079289-1081125	2	0.500000	run1
47b2471404382af6e973013ab1cf96b9<::>2	Q0	ibmcld_01660-8584-10307	3	0.333333	run1
47b2471404382af6e973013ab1cf96b9<::>2	Q0	ibmcld_13336-7-1965	4	0.250000	run1
47b2471404382af6e973013ab1cf96b9<::>2	Q0	ibmcld_01705-13208-15001	5	0.200000	run1
47b2471404382af6e973013ab1cf96b9<::>2	Q0	ibmcld_11142-7-1829	6	0.166667	run1
47b2471404382af6e973013ab1cf96b9<::>2	Q0	ibmcld_01660-7085-8964	7	0.142857	run1
47b2471404382af6e973013ab1cf96b9<::>2	Q0	ibmcld_04607-7-1860	8	0.125000	run1
47b2471404382af6e973013ab1cf96b9<::>2	Q0	ibmcld_00558-2925-4840	9	0.111111	run1
47b2471404382af6e973013ab1cf96b9<::>2	Q0	ibmcld_07578-1075256-1077185	10	0.100000	run1
47b2471404382af6e973013ab1cf96b9<::>3	Q0	ibmcld_07578-566858-568609	1	1.000000	run1
47b2471404382af6e973013ab1cf96b9<::>3	Q0	ibmcld_00696-1740-4173	2	0.500000	run1
47b2471404382af6e973013ab1cf96b9<::>3	Q0	ibmcld_16727-566812-568563	3	0.333333	run1
47b2471404382af6e973013ab1cf96b9<::>3	Q0	ibmcld_02152-7-1996	4	0.250000	run1
47b2471404382af6e973013ab1cf96b9<::>3	Q0	ibmcld_00454-1832-2607	5	0.200000	run1
47b2471404382af6e973013ab1cf96b9<::>3	Q0	ibmcld_07643-4176-6801	6	0.166667	run1
47b2471404382af6e973013ab1cf96b9<::>3	Q0	ibmcld_02256-0-1276	7	0.142857	run1
47b2471404382af6e973013ab1cf96b9<::>3	Q0	ibmcld_10007-7-2062	8	0.125000	run1
47b2471404382af6e973013ab1cf96b9<::>3	Q0	ibmcld_16727-568141-570043	9	0.111111	run1
47b2471404382af6e973013ab1cf96b9<::>3	Q0	ibmcld_12623-7-2328	10	0.100000	run1
47b2471404382af6e973013ab1cf96b9<::>4	Q0	ibmcld_01660-7-1957	1	1.000000	run1
47b2471404382af6e973013ab1cf96b9<::>4	Q0	ibmcld_01660-1531-3476	2	0.500000	run1
47b2471404382af6e973013ab1cf96b9<::>4	Q0	ibmcld_07578-1037848-1039538	3	0.333333	run1
47b2471404382af6e973013ab1cf96b9<::>4	Q0	ibmcld_01623-7-1977	4	0.250000	run1
47b2471404382af6e973013ab1cf96b9<::>4	Q0	ibmcld_16727-1037719-1039409	5	0.200000	run1
47b2471404382af6e973013ab1cf96b9<::>4	Q0	ibmcld_02632-4302-5570	6	0.166667	run1
47b2471404382af6e973013ab1cf96b9<::>4	Q0	ibmcld_07551-7-1736	7	0.142857	run1
47b2471404382af6e973013ab1cf96b9<::>4	Q0	ibmcld_11608-0-1212	8	0.125000	run1
47b2471404382af6e973013ab1cf96b9<::>4	Q0	ibmcld_07558-7-1826	9	0.111111	run1
47b2471404382af6e973013ab1cf96b9<::>4	Q0	ibmcld_02243-1597-3248	10	0.100000	run1
47b2471404382af6e973013ab1cf96b9<::>5	Q0	ibmcld_07578-1076793-1078629	1	1.000000	run1
47b2471404382af6e973013ab1cf96b9<::>5	Q0	ibmcld_16727-1079289-1081125	2	0.500000	run1
47b2471404382af6e973013ab1cf96b9<::>5	Q0	ibmcld_01660-8584-10307	3	0.333333	run1
47b2471404382af6e973013ab1cf96b9<::>5	Q0	ibmcld_03729-1672-3956	4	0.250000	run1
47b2471404382af6e973013ab1cf96b9<::>5	Q0	ibmcld_12904-2979-4903	5	0.200000	run1
47b2471404382af6e973013ab1cf96b9<::>5	Q0	ibmcld_13336-3083-5168	6	0.166667	run1
47b2471404382af6e973013ab1cf96b9<::>5	Q0	ibmcld_00558-2925-4840	7	0.142857	run1
47b2471404382af6e973013ab1cf96b9<::>5	Q0	ibmcld_01660-7085-8964	8	0.125000	run1
47b2471404382af6e973013ab1cf96b9<::>5	Q0	ibmcld_16727-474215-476301	9	0.111111	run1
47b2471404382af6e973013ab1cf96b9<::>5	Q0	ibmcld_07578-474233-476319	10	0.100000	run1
47b2471404382af6e973013ab1cf96b9<::>7	Q0	ibmcld_01660-8584-10307	1	1.000000	run1
47b2471404382af6e973013ab1cf96b9<::>7	Q0	ibmcld_07578-1076793-1078629	2	0.500000	run1
47b2471404382af6e973013ab1cf96b9<::>7	Q0	ibmcld_16727-1079289-1081125	3	0.333333	run1
47b2471404382af6e973013ab1cf96b9<::>7	Q0	ibmcld_01705-7-1620	4	0.250000	run1
47b2471404382af6e973013ab1cf96b9<::>7	Q0	ibmcld_11133-1287-2850	5	0.200000	run1
47b2471404382af6e973013ab1cf96b9<::>7	Q0	ibmcld_01802-0-2084	6	0.166667	run1
47b2471404382af6e973013ab1cf96b9<::>7	Q0	ibmcld_01660-7085-8964	7	0.142857	run1
47b2471404382af6e973013ab1cf96b9<::>7	Q0	ibmcld_01705-14609-15453	8	0.125000	run1
47b2471404382af6e973013ab1cf96b9<::>7	Q0	ibmcld_02301-7-1933	9	0.111111	run1
47b2471404382af6e973013ab1cf96b9<::>7	Q0	ibmcld_01705-13208-15001	10	0.100000	run1
47b2471404382af6e973013ab1cf96b9<::>8	Q0	ibmcld_01705-7-1620	1	1.000000	run1
47b2471404382af6e973013ab1cf96b9<::>8	Q0	ibmcld_16061-1467-3195	2	0.500000	run1
47b2471404382af6e973013ab1cf96b9<::>8	Q0	ibmcld_01802-0-2084	3	0.333333	run1
47b2471404382af6e973013ab1cf96b9<::>8	Q0	ibmcld_07475-0-881	4	0.250000	run1
47b2471404382af6e973013ab1cf96b9<::>8	Q0	ibmcld_11133-1287-2850	5	0.200000	run1
47b2471404382af6e973013ab1cf96b9<::>8	Q0	ibmcld_16727-769865-771508	6	0.166667	run1
47b2471404382af6e973013ab1cf96b9<::>8	Q0	ibmcld_10906-3434-5590	7	0.142857	run1
47b2471404382af6e973013ab1cf96b9<::>8	Q0	ibmcld_16727-1258109-1260039	8	0.125000	run1
47b2471404382af6e973013ab1cf96b9<::>8	Q0	ibmcld_11133-7-1792	9	0.111111	run1
47b2471404382af6e973013ab1cf96b9<::>8	Q0	ibmcld_07578-1255476-1257406	10	0.100000	run1
47b2471404382af6e973013ab1cf96b9<::>9	Q0	ibmcld_09275-7-2097	1	1.000000	run1
47b2471404382af6e973013ab1cf96b9<::>9	Q0	ibmcld_02361-7-2094	2	0.500000	run1
47b2471404382af6e973013ab1cf96b9<::>9	Q0	ibmcld_10906-3434-5590	3	0.333333	run1
47b2471404382af6e973013ab1cf96b9<::>9	Q0	ibmcld_01705-7-1620	4	0.250000	run1
47b2471404382af6e973013ab1cf96b9<::>9	Q0	ibmcld_03704-1531-3564	5	0.200000	run1
47b2471404382af6e973013ab1cf96b9<::>9	Q0	ibmcld_01660-15148-17018	6	0.166667	run1
47b2471404382af6e973013ab1cf96b9<::>9	Q0	ibmcld_07237-2999-4900	7	0.142857	run1
47b2471404382af6e973013ab1cf96b9<::>9	Q0	ibmcld_01802-0-2084	8	0.125000	run1
47b2471404382af6e973013ab1cf96b9<::>9	Q0	ibmcld_07578-21559-23441	9	0.111111	run1
47b2471404382af6e973013ab1cf96b9<::>9	Q0	ibmcld_11133-1287-2850	10	0.100000	run1
2f013337236ea4635ad106813275dab7<::>1	Q0	ibmcld_02361-24500-26305	1	1.000000	run1
2f013337236ea4635ad106813275dab7<::>1	Q0	ibmcld_04866-7-2136	2	0.500000	run1
2f013337236ea4635ad106813275dab7<::>1	Q0	ibmcld_00589-9560-11733	3	0.333333	run1
2f013337236ea4635ad106813275dab7<::>1	Q0	ibmcld_14704-5996-7720	4	0.250000	run1
2f013337236ea4635ad106813275dab7<::>1	Q0	ibmcld_04866-4961-6763	5	0.200000	run1
2f013337236ea4635ad106813275dab7<::>1	Q0	ibmcld_05032-4961-6763	6	0.166667	run1
2f013337236ea4635ad106813275dab7<::>1	Q0	ibmcld_00531-7-2145	7	0.142857	run1
2f013337236ea4635ad106813275dab7<::>1	Q0	ibmcld_05032-7-2136	8	0.125000	run1
2f013337236ea4635ad106813275dab7<::>1	Q0	ibmcld_00589-8040-10059	9	0.111111	run1
2f013337236ea4635ad106813275dab7<::>1	Q0	ibmcld_16727-414684-416537	10	0.100000	run1
2f013337236ea4635ad106813275dab7<::>2	Q0	ibmcld_04866-6428-8391	1	1.000000	run1
2f013337236ea4635ad106813275dab7<::>2	Q0	ibmcld_11645-4712-6937	2	0.500000	run1
2f013337236ea4635ad106813275dab7<::>2	Q0	ibmcld_05032-6428-8442	3	0.333333	run1
2f013337236ea4635ad106813275dab7<::>2	Q0	ibmcld_07170-7-2321	4	0.250000	run1
2f013337236ea4635ad106813275dab7<::>2	Q0	ibmcld_04866-4961-6763	5	0.200000	run1
2f013337236ea4635ad106813275dab7<::>2	Q0	ibmcld_16501-7-2384	6	0.166667	run1
2f013337236ea4635ad106813275dab7<::>2	Q0	ibmcld_05032-4961-6763	7	0.142857	run1
2f013337236ea4635ad106813275dab7<::>2	Q0	ibmcld_07056-7-2167	8	0.125000	run1
2f013337236ea4635ad106813275dab7<::>2	Q0	ibmcld_07456-23794-25555	9	0.111111	run1
2f013337236ea4635ad106813275dab7<::>2	Q0	ibmcld_03007-7-2204	10	0.100000	run1
2f013337236ea4635ad106813275dab7<::>3	Q0	ibmcld_04866-1541-3629	1	1.000000	run1
2f013337236ea4635ad106813275dab7<::>3	Q0	ibmcld_05032-1541-3629	2	0.500000	run1
2f013337236ea4635ad106813275dab7<::>3	Q0	ibmcld_04991-50585-52328	3	0.333333	run1
2f013337236ea4635ad106813275dab7<::>3	Q0	ibmcld_04831-50613-52356	4	0.250000	run1
2f013337236ea4635ad106813275dab7<::>3	Q0	ibmcld_05032-6428-8442	5	0.200000	run1
2f013337236ea4635ad106813275dab7<::>3	Q0	ibmcld_04866-7-2136	6	0.166667	run1
2f013337236ea4635ad106813275dab7<::>3	Q0	ibmcld_04866-4961-6763	7	0.142857	run1
2f013337236ea4635ad106813275dab7<::>3	Q0	ibmcld_05032-7-2136	8	0.125000	run1
2f013337236ea4635ad106813275dab7<::>3	Q0	ibmcld_05032-4961-6763	9	0.111111	run1
2f013337236ea4635ad106813275dab7<::>3	Q0	ibmcld_05032-3142-5463	10	0.100000	run1
2f013337236ea4635ad106813275dab7<::>8	Q0	ibmcld_02361-24500-26305	1	1.000000	run1
2f013337236ea4635ad106813275dab7<::>8	Q0	ibmcld_04866-7-2136	2	0.500000	run1
2f013337236ea4635ad106813275dab7<::>8	Q0	ibmcld_05032-7-2136	3	0.333333	run1
2f013337236ea4635ad106813275dab7<::>8	Q0	ibmcld_04866-4961-6763	4	0.250000	run1
2f013337236ea4635ad106813275dab7<::>8	Q0	ibmcld_04866-6428-8391	5	0.200000	run1
2f013337236ea4635ad106813275dab7<::>8	Q0	ibmcld_05032-4961-6763	6	0.166667	run1
2f013337236ea4635ad106813275dab7<::>8	Q0	ibmcld_05032-6428-8442	7	0.142857	run1
2f013337236ea4635ad106813275dab7<::>8	Q0	ibmcld_14704-5996-7720	8	0.125000	run1
2f013337236ea4635ad106813275dab7<::>8	Q0	ibmcld_05138-7979-9034	9	0.111111	run1
2f013337236ea4635ad106813275dab7<::>8	Q0	ibmcld_13064-7-2233	10	0.100000	run1
20c2cbd18c16c12c9c2bbead6aef1a21<::>1	Q0	ibmcld_04105-1672-3877	1	1.000000	run1
20c2cbd18c16c12c9c2bbead6aef1a21<::>1	Q0	ibmcld_04105-3403-5572	2	0.500000	run1
20c2cbd18c16c12c9c2bbead6aef1a21<::>1	Q0	ibmcld_04105-7-2225	3	0.333333	run1
20c2cbd18c16c12c9c2bbead6aef1a21<::>1	Q0	ibmcld_04105-5067-6335	4	0.250000	run1
20c2cbd18c16c12c9c2bbead6aef1a21<::>1	Q0	ibmcld_04146-1603-3385	5	0.200000	run1
20c2cbd18c16c12c9c2bbead6aef1a21<::>1	Q0	ibmcld_04170-7-2189	6	0.166667	run1
20c2cbd18c16c12c9c2bbead6aef1a21<::>1	Q0	ibmcld_04146-2946-5057	7	0.142857	run1
20c2cbd18c16c12c9c2bbead6aef1a21<::>1	Q0	ibmcld_02961-1432-3314	8	0.125000	run1
20c2cbd18c16c12c9c2bbead6aef1a21<::>1	Q0	ibmcld_03126-3707-6008	9	0.111111	run1
20c2cbd18c16c12c9c2bbead6aef1a21<::>1	Q0	ibmcld_16464-20282-21209	10	0.100000	run1
20c2cbd18c16c12c9c2bbead6aef1a21<::>2	Q0	ibmcld_04170-7-2189	1	1.000000	run1
20c2cbd18c16c12c9c2bbead6aef1a21<::>2	Q0	ibmcld_04105-5067-6335	2	0.500000	run1
20c2cbd18c16c12c9c2bbead6aef1a21<::>2	Q0	ibmcld_04105-3403-5572	3	0.333333	run1
20c2cbd18c16c12c9c2bbead6aef1a21<::>2	Q0	ibmcld_04168-6066-7283	4	0.250000	run1
20c2cbd18c16c12c9c2bbead6aef1a21<::>2	Q0	ibmcld_04105-7-2225	5	0.200000	run1
20c2cbd18c16c12c9c2bbead6aef1a21<::>2	Q0	ibmcld_04105-1672-3877	6	0.166667	run1
20c2cbd18c16c12c9c2bbead6aef1a21<::>2	Q0	ibmcld_04214-1728-3555	7	0.142857	run1
20c2cbd18c16c12c9c2bbead6aef1a21<::>2	Q0	ibmcld_04168-7004-8282	8	0.125000	run1
20c2cbd18c16c12c9c2bbead6aef1a21<::>2	Q0	ibmcld_03369-169150-171163	9	0.111111	run1
20c2cbd18c16c12c9c2bbead6aef1a21<::>2	Q0	ibmcld_04175-0-1274	10	0.100000	run1
20c2cbd18c16c12c9c2bbead6aef1a21<::>3	Q0	ibmcld_04105-5067-6335	1	1.000000	run1
20c2cbd18c16c12c9c2bbead6aef1a21<::>3	Q0	ibmcld_04105-3403-5572	2	0.500000	run1
20c2cbd18c16c12c9c2bbead6aef1a21<::>3	Q0	ibmcld_04105-7-2225	3	0.333333	run1
20c2cbd18c16c12c9c2bbead6aef1a21<::>3	Q0	ibmcld_04170-7-2189	4	0.250000	run1
20c2cbd18c16c12c9c2bbead6aef1a21<::>3	Q0	ibmcld_04105-1672-3877	5	0.200000	run1
20c2cbd18c16c12c9c2bbead6aef1a21<::>3	Q0	ibmcld_04168-6066-7283	6	0.166667	run1
20c2cbd18c16c12c9c2bbead6aef1a21<::>3	Q0	ibmcld_04107-7-1956	7	0.142857	run1
20c2cbd18c16c12c9c2bbead6aef1a21<::>3	Q0	ibmcld_04179-7-1888	8	0.125000	run1
20c2cbd18c16c12c9c2bbead6aef1a21<::>3	Q0	ibmcld_04168-2157-3477	9	0.111111	run1
20c2cbd18c16c12c9c2bbead6aef1a21<::>3	Q0	ibmcld_04127-7-2300	10	0.100000	run1
20c2cbd18c16c12c9c2bbead6aef1a21<::>4	Q0	ibmcld_04175-0-1274	1	1.000000	run1
20c2cbd18c16c12c9c2bbead6aef1a21<::>4	Q0	ibmcld_16563-20012-20766	2	0.500000	run1
20c2cbd18c16c12c9c2bbead6aef1a21<::>4	Q0	ibmcld_16464-20282-21209	3	0.333333	run1
20c2cbd18c16c12c9c2bbead6aef1a21<::>4	Q0	ibmcld_16511-10740-12806	4	0.250000	run1
20c2cbd18c16c12c9c2bbead6aef1a21<::>4	Q0	ibmcld_16437-7-2129	5	0.200000	run1
20c2cbd18c16c12c9c2bbead6aef1a21<::>4	Q0	ibmcld_16524-7-2263	6	0.166667	run1
20c2cbd18c16c12c9c2bbead6aef1a21<::>4	Q0	ibmcld_16495-7-2129	7	0.142857	run1
20c2cbd18c16c12c9c2bbead6aef1a21<::>4	Q0	ibmcld_16451-7-2278	8	0.125000	run1
20c2cbd18c16c12c9c2bbead6aef1a21<::>4	Q0	ibmcld_16437-1699-3728	9	0.111111	run1
20c2cbd18c16c12c9c2bbead6aef1a21<::>4	Q0	ibmcld_07067-22055-24017	10	0.100000	run1
20c2cbd18c16c12c9c2bbead6aef1a21<::>6	Q0	ibmcld_04105-1672-3877	1	1.000000	run1
20c2cbd18c16c12c9c2bbead6aef1a21<::>6	Q0	ibmcld_04105-3403-5572	2	0.500000	run1
20c2cbd18c16c12c9c2bbead6aef1a21<::>6	Q0	ibmcld_04105-7-2225	3	0.333333	run1
20c2cbd18c16c12c9c2bbead6aef1a21<::>6	Q0	ibmcld_04105-5067-6335	4	0.250000	run1
20c2cbd18c16c12c9c2bbead6aef1a21<::>6	Q0	ibmcld_16385-3291-4480	5	0.200000	run1
20c2cbd18c16c12c9c2bbead6aef1a21<::>6	Q0	ibmcld_03126-3707-6008	6	0.166667	run1
20c2cbd18c16c12c9c2bbead6aef1a21<::>6	Q0	ibmcld_02748-7072-8495	7	0.142857	run1
20c2cbd18c16c12c9c2bbead6aef1a21<::>6	Q0	ibmcld_16423-6502-8727	8	0.125000	run1
20c2cbd18c16c12c9c2bbead6aef1a21<::>6	Q0	ibmcld_02748-5821-7458	9	0.111111	run1
20c2cbd18c16c12c9c2bbead6aef1a21<::>6	Q0	ibmcld_04170-7-2189	10	0.100000	run1
20c2cbd18c16c12c9c2bbead6aef1a21<::>7	Q0	ibmcld_07578-1066746-1068772	1	1.000000	run1
20c2cbd18c16c12c9c2bbead6aef1a21<::>7	Q0	ibmcld_12498-7-2091	2	0.500000	run1
20c2cbd18c16c12c9c2bbead6aef1a21<::>7	Q0	ibmcld_07033-18031-20115	3	0.333333	run1
20c2cbd18c16c12c9c2bbead6aef1a21<::>7	Q0	ibmcld_07982-7-2122	4	0.250000	run1
20c2cbd18c16c12c9c2bbead6aef1a21<::>7	Q0	ibmcld_16267-2886-4844	5	0.200000	run1
20c2cbd18c16c12c9c2bbead6aef1a21<::>7	Q0	ibmcld_10507-6872-8130	6	0.166667	run1
20c2cbd18c16c12c9c2bbead6aef1a21<::>7	Q0	ibmcld_02932-4408-6545	7	0.142857	run1
20c2cbd18c16c12c9c2bbead6aef1a21<::>7	Q0	ibmcld_12415-7-1973	8	0.125000	run1
20c2cbd18c16c12c9c2bbead6aef1a21<::>7	Q0	ibmcld_13138-5240-7044	9	0.111111	run1
20c2cbd18c16c12c9c2bbead6aef1a21<::>7	Q0	ibmcld_10916-69092-70947	10	0.100000	run1
20c2cbd18c16c12c9c2bbead6aef1a21<::>8	Q0	ibmcld_04105-3403-5572	1	1.000000	run1
20c2cbd18c16c12c9c2bbead6aef1a21<::>8	Q0	ibmcld_04105-7-2225	2	0.500000	run1
20c2cbd18c16c12c9c2bbead6aef1a21<::>8	Q0	ibmcld_12417-1438-3340	3	0.333333	run1
20c2cbd18c16c12c9c2bbead6aef1a21<::>8	Q0	ibmcld_04105-1672-3877	4	0.250000	run1
20c2cbd18c16c12c9c2bbead6aef1a21<::>8	Q0	ibmcld_12413-24601-25560	5	0.200000	run1
20c2cbd18c16c12c9c2bbead6aef1a21<::>8	Q0	ibmcld_12397-20364-22014	6	0.166667	run1
20c2cbd18c16c12c9c2bbead6aef1a21<::>8	Q0	ibmcld_12410-24562-25521	7	0.142857	run1
20c2cbd18c16c12c9c2bbead6aef1a21<::>8	Q0	ibmcld_12358-20397-22058	8	0.125000	run1
20c2cbd18c16c12c9c2bbead6aef1a21<::>8	Q0	ibmcld_07982-7-2122	9	0.111111	run1
20c2cbd18c16c12c9c2bbead6aef1a21<::>8	Q0	ibmcld_04519-3815-5418	10	0.100000	run1
c6c3b02ca32795af64c903dd76700517<::>1	Q0	ibmcld_01533-4546-6910	1	1.000000	run1
c6c3b02ca32795af64c903dd76700517<::>1	Q0	ibmcld_01535-4585-6962	2	0.500000	run1
c6c3b02ca32795af64c903dd76700517<::>1	Q0	ibmcld_01535-6381-8675	3	0.333333	run1
c6c3b02ca32795af64c903dd76700517<::>1	Q0	ibmcld_01533-6329-8623	4	0.250000	run1
c6c3b02ca32795af64c903dd76700517<::>1	Q0	ibmcld_01415-6473-8616	5	0.200000	run1
c6c3b02ca32795af64c903dd76700517<::>1	Q0	ibmcld_16727-367382-369550	6	0.166667	run1
c6c3b02ca32795af64c903dd76700517<::>1	Q0	ibmcld_16727-365807-367808	7	0.142857	run1
c6c3b02ca32795af64c903dd76700517<::>1	Q0	ibmcld_07578-365833-367834	8	0.125000	run1
c6c3b02ca32795af64c903dd76700517<::>1	Q0	ibmcld_01533-4-2366	9	0.111111	run1
c6c3b02ca32795af64c903dd76700517<::>1	Q0	ibmcld_01535-4-2366	10	0.100000	run1
c6c3b02ca32795af64c903dd76700517<::>2	Q0	ibmcld_01533-4546-6910	1	1.000000	run1
c6c3b02ca32795af64c903dd76700517<::>2	Q0	ibmcld_01533-6329-8623	2	0.500000	run1
c6c3b02ca32795af64c903dd76700517<::>2	Q0	ibmcld_01535-4585-6962	3	0.333333	run1
c6c3b02ca32795af64c903dd76700517<::>2	Q0	ibmcld_01535-6381-8675	4	0.250000	run1
c6c3b02ca32795af64c903dd76700517<::>2	Q0	ibmcld_01415-6473-8616	5	0.200000	run1
c6c3b02ca32795af64c903dd76700517<::>2	Q0	ibmcld_16727-365807-367808	6	0.166667	run1
c6c3b02ca32795af64c903dd76700517<::>2	Q0	ibmcld_07578-365833-367834	7	0.142857	run1
c6c3b02ca32795af64c903dd76700517<::>2	Q0	ibmcld_01494-97628-98949	8	0.125000	run1
c6c3b02ca32795af64c903dd76700517<::>2	Q0	ibmcld_01533-4-2366	9	0.111111	run1
c6c3b02ca32795af64c903dd76700517<::>2	Q0	ibmcld_01415-4937-6994	10	0.100000	run1
c6c3b02ca32795af64c903dd76700517<::>3	Q0	ibmcld_01535-6381-8675	1	1.000000	run1
c6c3b02ca32795af64c903dd76700517<::>3	Q0	ibmcld_01533-6329-8623	2	0.500000	run1
c6c3b02ca32795af64c903dd76700517<::>3	Q0	ibmcld_01533-4546-6910	3	0.333333	run1
c6c3b02ca32795af64c903dd76700517<::>3	Q0	ibmcld_01535-4585-6962	4	0.250000	run1
c6c3b02ca32795af64c903dd76700517<::>3	Q0	ibmcld_01441-1679-3819	5	0.200000	run1
c6c3b02ca32795af64c903dd76700517<::>3	Q0	ibmcld_01442-1679-3832	6	0.166667	run1
c6c3b02ca32795af64c903dd76700517<::>3	Q0	ibmcld_01415-6473-8616	7	0.142857	run1
c6c3b02ca32795af64c903dd76700517<::>3	Q0	ibmcld_01535-4-2366	8	0.125000	run1
c6c3b02ca32795af64c903dd76700517<::>3	Q0	ibmcld_07578-367408-369576	9	0.111111	run1
c6c3b02ca32795af64c903dd76700517<::>3	Q0	ibmcld_16727-367382-369550	10	0.100000	run1
c6c3b02ca32795af64c903dd76700517<::>4	Q0	ibmcld_01329-58331-60199	1	1.000000	run1
c6c3b02ca32795af64c903dd76700517<::>4	Q0	ibmcld_01442-7-2257	2	0.500000	run1
c6c3b02ca32795af64c903dd76700517<::>4	Q0	ibmcld_01441-7-2257	3	0.333333	run1
c6c3b02ca32795af64c903dd76700517<::>4	Q0	ibmcld_01442-1679-3832	4	0.250000	run1
c6c3b02ca32795af64c903dd76700517<::>4	Q0	ibmcld_01533-10805-12534	5	0.200000	run1
c6c3b02ca32795af64c903dd76700517<::>4	Q0	ibmcld_01441-1679-3819	6	0.166667	run1
c6c3b02ca32795af64c903dd76700517<::>4	Q0	ibmcld_01535-10857-12586	7	0.142857	run1
c6c3b02ca32795af64c903dd76700517<::>4	Q0	ibmcld_01535-4-2366	8	0.125000	run1
c6c3b02ca32795af64c903dd76700517<::>4	Q0	ibmcld_01533-4-2366	9	0.111111	run1
c6c3b02ca32795af64c903dd76700517<::>4	Q0	ibmcld_01415-7932-9985	10	0.100000	run1
c6c3b02ca32795af64c903dd76700517<::>5	Q0	ibmcld_01441-1679-3819	1	1.000000	run1
c6c3b02ca32795af64c903dd76700517<::>5	Q0	ibmcld_01442-1679-3832	2	0.500000	run1
c6c3b02ca32795af64c903dd76700517<::>5	Q0	ibmcld_01441-7-2257	3	0.333333	run1
c6c3b02ca32795af64c903dd76700517<::>5	Q0	ibmcld_01442-7-2257	4	0.250000	run1
c6c3b02ca32795af64c903dd76700517<::>5	Q0	ibmcld_01329-58331-60199	5	0.200000	run1
c6c3b02ca32795af64c903dd76700517<::>5	Q0	ibmcld_01471-5654-7396	6	0.166667	run1
c6c3b02ca32795af64c903dd76700517<::>5	Q0	ibmcld_01533-10805-12534	7	0.142857	run1
c6c3b02ca32795af64c903dd76700517<::>5	Q0	ibmcld_01535-10857-12586	8	0.125000	run1
c6c3b02ca32795af64c903dd76700517<::>5	Q0	ibmcld_01533-4-2366	9	0.111111	run1
c6c3b02ca32795af64c903dd76700517<::>5	Q0	ibmcld_01535-4-2366	10	0.100000	run1
c6c3b02ca32795af64c903dd76700517<::>6	Q0	ibmcld_01533-4546-6910	1	1.000000	run1
c6c3b02ca32795af64c903dd76700517<::>6	Q0	ibmcld_01535-4585-6962	2	0.500000	run1
c6c3b02ca32795af64c903dd76700517<::>6	Q0	ibmcld_01494-97628-98949	3	0.333333	run1
c6c3b02ca32795af64c903dd76700517<::>6	Q0	ibmcld_01535-6381-8675	4	0.250000	run1
c6c3b02ca32795af64c903dd76700517<::>6	Q0	ibmcld_01533-6329-8623	5	0.200000	run1
c6c3b02ca32795af64c903dd76700517<::>6	Q0	ibmcld_01488-11005-12525	6	0.166667	run1
c6c3b02ca32795af64c903dd76700517<::>6	Q0	ibmcld_07578-365833-367834	7	0.142857	run1
c6c3b02ca32795af64c903dd76700517<::>6	Q0	ibmcld_01412-3332-4467	8	0.125000	run1
c6c3b02ca32795af64c903dd76700517<::>6	Q0	ibmcld_16727-365807-367808	9	0.111111	run1
c6c3b02ca32795af64c903dd76700517<::>6	Q0	ibmcld_16035-22514-24050	10	0.100000	run1
c6c3b02ca32795af64c903dd76700517<::>7	Q0	ibmcld_01533-4-2366	1	1.000000	run1
c6c3b02ca32795af64c903dd76700517<::>7	Q0	ibmcld_01535-4-2366	2	0.500000	run1
c6c3b02ca32795af64c903dd76700517<::>7	Q0	ibmcld_01441-7-2257	3	0.333333	run1
c6c3b02ca32795af64c903dd76700517<::>7	Q0	ibmcld_01442-7-2257	4	0.250000	run1
c6c3b02ca32795af64c903dd76700517<::>7	Q0	ibmcld_01471-7-1919	5	0.200000	run1
c6c3b02ca32795af64c903dd76700517<::>7	Q0	ibmcld_01329-20420-22158	6	0.166667	run1
c6c3b02ca32795af64c903dd76700517<::>7	Q0	ibmcld_07578-365833-367834	7	0.142857	run1
c6c3b02ca32795af64c903dd76700517<::>7	Q0	ibmcld_01488-7-2011	8	0.125000	run1
c6c3b02ca32795af64c903dd76700517<::>7	Q0	ibmcld_16727-365807-367808	9	0.111111	run1
c6c3b02ca32795af64c903dd76700517<::>7	Q0	ibmcld_01415-4937-6994	10	0.100000	run1
c6c3b02ca32795af64c903dd76700517<::>8	Q0	ibmcld_01390-0-434	1	1.000000	run1
c6c3b02ca32795af64c903dd76700517<::>8	Q0	ibmcld_06063-53153-55320	2	0.500000	run1
c6c3b02ca32795af64c903dd76700517<::>8	Q0	ibmcld_01388-7-1807	3	0.333333	run1
c6c3b02ca32795af64c903dd76700517<::>8	Q0	ibmcld_10510-51119-53018	4	0.250000	run1
c6c3b02ca32795af64c903dd76700517<::>8	Q0	ibmcld_01494-31513-33000	5	0.200000	run1
c6c3b02ca32795af64c903dd76700517<::>8	Q0	ibmcld_16729-296830-298990	6	0.166667	run1
c6c3b02ca32795af64c903dd76700517<::>8	Q0	ibmcld_16729-71418-73421	7	0.142857	run1
c6c3b02ca32795af64c903dd76700517<::>8	Q0	ibmcld_10510-49808-51685	8	0.125000	run1
c6c3b02ca32795af64c903dd76700517<::>8	Q0	ibmcld_05256-20669-22477	9	0.111111	run1
c6c3b02ca32795af64c903dd76700517<::>8	Q0	ibmcld_01535-4-2366	10	0.100000	run1
c6c3b02ca32795af64c903dd76700517<::>9	Q0	ibmcld_01477-7-1782	1	1.000000	run1
c6c3b02ca32795af64c903dd76700517<::>9	Q0	ibmcld_01477-6761-8558	2	0.500000	run1
c6c3b02ca32795af64c903dd76700517<::>9	Q0	ibmcld_01484-7-1782	3	0.333333	run1
c6c3b02ca32795af64c903dd76700517<::>9	Q0	ibmcld_01484-6774-8584	4	0.250000	run1
c6c3b02ca32795af64c903dd76700517<::>9	Q0	ibmcld_01484-5512-7332	5	0.200000	run1
c6c3b02ca32795af64c903dd76700517<::>9	Q0	ibmcld_01477-5499-7319	6	0.166667	run1
c6c3b02ca32795af64c903dd76700517<::>9	Q0	ibmcld_01415-7-1809	7	0.142857	run1
c6c3b02ca32795af64c903dd76700517<::>9	Q0	ibmcld_01488-1691-3475	8	0.125000	run1
c6c3b02ca32795af64c903dd76700517<::>9	Q0	ibmcld_13150-13745-15438	9	0.111111	run1
c6c3b02ca32795af64c903dd76700517<::>9	Q0	ibmcld_16727-359447-361256	10	0.100000	run1
4c86c8740c3d49e06b7aca9d308119fa<::>1	Q0	ibmcld_10642-1365-3347	1	1.000000	run1
4c86c8740c3d49e06b7aca9d308119fa<::>1	Q0	ibmcld_05754-3185-5238	2	0.500000	run1
4c86c8740c3d49e06b7aca9d308119fa<::>1	Q0	ibmcld_10189-3187-5240	3	0.333333	run1
4c86c8740c3d49e06b7aca9d308119fa<::>1	Q0	ibmcld_06209-2829-4687	4	0.250000	run1
4c86c8740c3d49e06b7aca9d308119fa<::>1	Q0	ibmcld_10642-2898-4503	5	0.200000	run1
4c86c8740c3d49e06b7aca9d308119fa<::>1	Q0	ibmcld_06209-1393-3390	6	0.166667	run1
4c86c8740c3d49e06b7aca9d308119fa<::>1	Q0	ibmcld_10246-15672-17685	7	0.142857	run1
4c86c8740c3d49e06b7aca9d308119fa<::>1	Q0	ibmcld_10290-70537-72315	8	0.125000	run1
4c86c8740c3d49e06b7aca9d308119fa<::>1	Q0	ibmcld_05838-13761-15409	9	0.111111	run1
4c86c8740c3d49e06b7aca9d308119fa<::>1	Q0	ibmcld_10642-7-1848	10	0.100000	run1
4c86c8740c3d49e06b7aca9d308119fa<::>2	Q0	ibmcld_05615-7-1945	1	1.000000	run1
4c86c8740c3d49e06b7aca9d308119fa<::>2	Q0	ibmcld_05612-7-1934	2	0.500000	run1
4c86c8740c3d49e06b7aca9d308119fa<::>2	Q0	ibmcld_05610-7-1993	3	0.333333	run1
4c86c8740c3d49e06b7aca9d308119fa<::>2	Q0	ibmcld_05616-7-1945	4	0.250000	run1
4c86c8740c3d49e06b7aca9d308119fa<::>2	Q0	ibmcld_05613-7-1955	5	0.200000	run1
4c86c8740c3d49e06b7aca9d308119fa<::>2	Q0	ibmcld_05611-7-1955	6	0.166667	run1
4c86c8740c3d49e06b7aca9d308119fa<::>2	Q0	ibmcld_05614-7-1955	7	0.142857	run1
4c86c8740c3d49e06b7aca9d308119fa<::>2	Q0	ibmcld_05618-7-2074	8	0.125000	run1
4c86c8740c3d49e06b7aca9d308119fa<::>2	Q0	ibmcld_05617-7-2046	9	0.111111	run1
4c86c8740c3d49e06b7aca9d308119fa<::>2	Q0	ibmcld_05713-329078-330562	10	0.100000	run1
4c86c8740c3d49e06b7aca9d308119fa<::>3	Q0	ibmcld_06038-14006-15657	1	1.000000	run1
4c86c8740c3d49e06b7aca9d308119fa<::>3	Q0	ibmcld_06090-3328-5351	2	0.500000	run1
4c86c8740c3d49e06b7aca9d308119fa<::>3	Q0	ibmcld_07578-373434-375500	3	0.333333	run1
4c86c8740c3d49e06b7aca9d308119fa<::>3	Q0	ibmcld_05590-1834-3804	4	0.250000	run1
4c86c8740c3d49e06b7aca9d308119fa<::>3	Q0	ibmcld_16727-373408-375474	5	0.200000	run1
4c86c8740c3d49e06b7aca9d308119fa<::>3	Q0	ibmcld_05592-1834-3752	6	0.166667	run1
4c86c8740c3d49e06b7aca9d308119fa<::>3	Q0	ibmcld_05593-1834-3750	7	0.142857	run1
4c86c8740c3d49e06b7aca9d308119fa<::>3	Q0	ibmcld_05777-1455-3483	8	0.125000	run1
4c86c8740c3d49e06b7aca9d308119fa<::>3	Q0	ibmcld_05707-4888-6797	9	0.111111	run1
4c86c8740c3d49e06b7aca9d308119fa<::>3	Q0	ibmcld_10529-2968-5168	10	0.100000	run1
4c86c8740c3d49e06b7aca9d308119fa<::>4	Q0	ibmcld_12353-3-1455	1	1.000000	run1
4c86c8740c3d49e06b7aca9d308119fa<::>4	Q0	ibmcld_05998-7-2051	2	0.500000	run1
4c86c8740c3d49e06b7aca9d308119fa<::>4	Q0	ibmcld_12608-0-1379	3	0.333333	run1
4c86c8740c3d49e06b7aca9d308119fa<::>4	Q0	ibmcld_13180-5921-7911	4	0.250000	run1
4c86c8740c3d49e06b7aca9d308119fa<::>4	Q0	ibmcld_16729-91745-93601	5	0.200000	run1
4c86c8740c3d49e06b7aca9d308119fa<::>4	Q0	ibmcld_01545-6013-8003	6	0.166667	run1
4c86c8740c3d49e06b7aca9d308119fa<::>4	Q0	ibmcld_05557-7-1853	7	0.142857	run1
4c86c8740c3d49e06b7aca9d308119fa<::>4	Q0	ibmcld_07578-373434-375500	8	0.125000	run1
4c86c8740c3d49e06b7aca9d308119fa<::>4	Q0	ibmcld_12348-3-1571	9	0.111111	run1
4c86c8740c3d49e06b7aca9d308119fa<::>4	Q0	ibmcld_16727-373408-375474	10	0.100000	run1
4c86c8740c3d49e06b7aca9d308119fa<::>5	Q0	ibmcld_04083-40459-42275	1	1.000000	run1
4c86c8740c3d49e06b7aca9d308119fa<::>5	Q0	ibmcld_10495-1595-3474	2	0.500000	run1
4c86c8740c3d49e06b7aca9d308119fa<::>5	Q0	ibmcld_07578-1066746-1068772	3	0.333333	run1
4c86c8740c3d49e06b7aca9d308119fa<::>5	Q0	ibmcld_05998-1617-3497	4	0.250000	run1
4c86c8740c3d49e06b7aca9d308119fa<::>5	Q0	ibmcld_04090-120813-122172	5	0.200000	run1
4c86c8740c3d49e06b7aca9d308119fa<::>5	Q0	ibmcld_01545-6013-8003	6	0.166667	run1
4c86c8740c3d49e06b7aca9d308119fa<::>5	Q0	ibmcld_04090-125946-127333	7	0.142857	run1
4c86c8740c3d49e06b7aca9d308119fa<::>5	Q0	ibmcld_13180-5921-7911	8	0.125000	run1
4c86c8740c3d49e06b7aca9d308119fa<::>5	Q0	ibmcld_04083-1249-2645	9	0.111111	run1
4c86c8740c3d49e06b7aca9d308119fa<::>5	Q0	ibmcld_03824-7-1809	10	0.100000	run1
4c86c8740c3d49e06b7aca9d308119fa<::>6	Q0	ibmcld_07578-371958-373965	1	1.000000	run1
4c86c8740c3d49e06b7aca9d308119fa<::>6	Q0	ibmcld_16727-371932-373939	2	0.500000	run1
4c86c8740c3d49e06b7aca9d308119fa<::>6	Q0	ibmcld_05777-7-1924	3	0.333333	run1
4c86c8740c3d49e06b7aca9d308119fa<::>6	Q0	ibmcld_05777-1455-3483	4	0.250000	run1
4c86c8740c3d49e06b7aca9d308119fa<::>6	Q0	ibmcld_10534-1033-2260	5	0.200000	run1
4c86c8740c3d49e06b7aca9d308119fa<::>6	Q0	ibmcld_05998-7-2051	6	0.166667	run1
4c86c8740c3d49e06b7aca9d308119fa<::>6	Q0	ibmcld_05713-1178-2700	7	0.142857	run1
4c86c8740c3d49e06b7aca9d308119fa<::>6	Q0	ibmcld_13180-5921-7911	8	0.125000	run1
4c86c8740c3d49e06b7aca9d308119fa<::>6	Q0	ibmcld_16727-393979-396124	9	0.111111	run1
4c86c8740c3d49e06b7aca9d308119fa<::>6	Q0	ibmcld_01545-6013-8003	10	0.100000	run1
4c86c8740c3d49e06b7aca9d308119fa<::>7	Q0	ibmcld_16727-380969-382817	1	1.000000	run1
4c86c8740c3d49e06b7aca9d308119fa<::>7	Q0	ibmcld_07578-380995-382843	2	0.500000	run1
4c86c8740c3d49e06b7aca9d308119fa<::>7	Q0	ibmcld_05777-8738-10765	3	0.333333	run1
4c86c8740c3d49e06b7aca9d308119fa<::>7	Q0	ibmcld_07578-379597-381512	4	0.250000	run1
4c86c8740c3d49e06b7aca9d308119fa<::>7	Q0	ibmcld_16727-379571-381486	5	0.200000	run1
4c86c8740c3d49e06b7aca9d308119fa<::>7	Q0	ibmcld_05713-150513-152036	6	0.166667	run1
4c86c8740c3d49e06b7aca9d308119fa<::>7	Q0	ibmcld_06063-7-2179	7	0.142857	run1
4c86c8740c3d49e06b7aca9d308119fa<::>7	Q0	ibmcld_05771-21237-23301	8	0.125000	run1
4c86c8740c3d49e06b7aca9d308119fa<::>7	Q0	ibmcld_05713-564182-565630	9	0.111111	run1
4c86c8740c3d49e06b7aca9d308119fa<::>7	Q0	ibmcld_06063-59654-61607	10	0.100000	run1
4c86c8740c3d49e06b7aca9d308119fa<::>8	Q0	ibmcld_05818-1344-3070	1	1.000000	run1
4c86c8740c3d49e06b7aca9d308119fa<::>8	Q0	ibmcld_05818-2659-4377	2	0.500000	run1
4c86c8740c3d49e06b7aca9d308119fa<::>8	Q0	ibmcld_05818-7-1677	3	0.333333	run1
4c86c8740c3d49e06b7aca9d308119fa<::>8	Q0	ibmcld_10227-1340-3066	4	0.250000	run1
4c86c8740c3d49e06b7aca9d308119fa<::>8	Q0	ibmcld_11745-7-1941	5	0.200000	run1
4c86c8740c3d49e06b7aca9d308119fa<::>8	Q0	ibmcld_05749-0-1588	6	0.166667	run1
4c86c8740c3d49e06b7aca9d308119fa<::>8	Q0	ibmcld_10272-4919-6754	7	0.142857	run1
4c86c8740c3d49e06b7aca9d308119fa<::>8	Q0	ibmcld_10184-0-1616	8	0.125000	run1
4c86c8740c3d49e06b7aca9d308119fa<::>8	Q0	ibmcld_05865-1444-3235	9	0.111111	run1
4c86c8740c3d49e06b7aca9d308119fa<::>8	Q0	ibmcld_04642-7-1996	10	0.100000	run1
b4614daadceeecb400f7baf0aa48dcb8<::>1	Q0	ibmcld_07191-7-2252	1	1.000000	run1
b4614daadceeecb400f7baf0aa48dcb8<::>1	Q0	ibmcld_07191-1691-3739	2	0.500000	run1
b4614daadceeecb400f7baf0aa48dcb8<::>1	Q0	ibmcld_07098-7-2215	3	0.333333	run1
b4614daadceeecb400f7baf0aa48dcb8<::>1	Q0	ibmcld_12845-3742-5554	4	0.250000	run1
b4614daadceeecb400f7baf0aa48dcb8<::>1	Q0	ibmcld_02457-2791-4729	5	0.200000	run1
b4614daadceeecb400f7baf0aa48dcb8<::>1	Q0	ibmcld_07178-6197-7974	6	0.166667	run1
b4614daadceeecb400f7baf0aa48dcb8<::>1	Q0	ibmcld_15559-2851-5046	7	0.142857	run1
b4614daadceeecb400f7baf0aa48dcb8<::>1	Q0	ibmcld_15559-1526-3315	8	0.125000	run1
b4614daadceeecb400f7baf0aa48dcb8<::>1	Q0	ibmcld_02590-7911-9371	9	0.111111	run1
b4614daadceeecb400f7baf0aa48dcb8<::>1	Q0	ibmcld_16321-5729-7915	10	0.100000	run1
b4614daadceeecb400f7baf0aa48dcb8<::>2	Q0	ibmcld_13790-7-1700	1	1.000000	run1
b4614daadceeecb400f7baf0aa48dcb8<::>2	Q0	ibmcld_13455-7-1568	2	0.500000	run1
b4614daadceeecb400f7baf0aa48dcb8<::>2	Q0	ibmcld_13432-4611-6782	3	0.333333	run1
b4614daadceeecb400f7baf0aa48dcb8<::>2	Q0	ibmcld_13455-26115-26611	4	0.250000	run1
b4614daadceeecb400f7baf0aa48dcb8<::>2	Q0	ibmcld_13790-1284-2889	5	0.200000	run1
b4614daadceeecb400f7baf0aa48dcb8<::>2	Q0	ibmcld_13455-8123-9745	6	0.166667	run1
b4614daadceeecb400f7baf0aa48dcb8<::>2	Q0	ibmcld_13455-10817-12822	7	0.142857	run1
b4614daadceeecb400f7baf0aa48dcb8<::>2	Q0	ibmcld_13455-12434-14253	8	0.125000	run1
b4614daadceeecb400f7baf0aa48dcb8<::>2	Q0	ibmcld_13455-1311-2796	9	0.111111	run1
b4614daadceeecb400f7baf0aa48dcb8<::>2	Q0	ibmcld_13455-24911-26512	10	0.100000	run1
b4614daadceeecb400f7baf0aa48dcb8<::>3	Q0	ibmcld_13455-7-1568	1	1.000000	run1
b4614daadceeecb400f7baf0aa48dcb8<::>3	Q0	ibmcld_13429-127288-129174	2	0.500000	run1
b4614daadceeecb400f7baf0aa48dcb8<::>3	Q0	ibmcld_13432-6305-8426	3	0.333333	run1
b4614daadceeecb400f7baf0aa48dcb8<::>3	Q0	ibmcld_13432-4611-6782	4	0.250000	run1
b4614daadceeecb400f7baf0aa48dcb8<::>3	Q0	ibmcld_13432-3265-5123	5	0.200000	run1
b4614daadceeecb400f7baf0aa48dcb8<::>3	Q0	ibmcld_13455-8123-9745	6	0.166667	run1
b4614daadceeecb400f7baf0aa48dcb8<::>3	Q0	ibmcld_13297-4312-5935	7	0.142857	run1
b4614daadceeecb400f7baf0aa48dcb8<::>3	Q0	ibmcld_13455-9409-11207	8	0.125000	run1
b4614daadceeecb400f7baf0aa48dcb8<::>3	Q0	ibmcld_13384-1568-2859	9	0.111111	run1
b4614daadceeecb400f7baf0aa48dcb8<::>3	Q0	ibmcld_13455-12434-14253	10	0.100000	run1
b4614daadceeecb400f7baf0aa48dcb8<::>4	Q0	ibmcld_13361-1589-2935	1	1.000000	run1
b4614daadceeecb400f7baf0aa48dcb8<::>4	Q0	ibmcld_13455-6697-8366	2	0.500000	run1
b4614daadceeecb400f7baf0aa48dcb8<::>4	Q0	ibmcld_13446-7-2012	3	0.333333	run1
b4614daadceeecb400f7baf0aa48dcb8<::>4	Q0	ibmcld_13790-2496-4190	4	0.250000	run1
b4614daadceeecb400f7baf0aa48dcb8<::>4	Q0	ibmcld_13645-1132-2052	5	0.200000	run1
b4614daadceeecb400f7baf0aa48dcb8<::>4	Q0	ibmcld_13361-7-1989	6	0.166667	run1
b4614daadceeecb400f7baf0aa48dcb8<::>4	Q0	ibmcld_16299-1512-2608	7	0.142857	run1
b4614daadceeecb400f7baf0aa48dcb8<::>4	Q0	ibmcld_13429-108147-110176	8	0.125000	run1
b4614daadceeecb400f7baf0aa48dcb8<::>4	Q0	ibmcld_13263-1646-2958	9	0.111111	run1
b4614daadceeecb400f7baf0aa48dcb8<::>4	Q0	ibmcld_13446-13586-15434	10	0.100000	run1
b4614daadceeecb400f7baf0aa48dcb8<::>5	Q0	ibmcld_16288-1733-3996	1	1.000000	run1
b4614daadceeecb400f7baf0aa48dcb8<::>5	Q0	ibmcld_16288-7-2218	2	0.500000	run1
b4614daadceeecb400f7baf0aa48dcb8<::>5	Q0	ibmcld_03158-8929-11062	3	0.333333	run1
b4614daadceeecb400f7baf0aa48dcb8<::>5	Q0	ibmcld_16280-3111-5196	4	0.250000	run1
b4614daadceeecb400f7baf0aa48dcb8<::>5	Q0	ibmcld_16291-7-1781	5	0.200000	run1
b4614daadceeecb400f7baf0aa48dcb8<::>5	Q0	ibmcld_13826-7781-8601	6	0.166667	run1
b4614daadceeecb400f7baf0aa48dcb8<::>5	Q0	ibmcld_03179-4-1759	7	0.142857	run1
b4614daadceeecb400f7baf0aa48dcb8<::>5	Q0	ibmcld_02743-10670-12093	8	0.125000	run1
b4614daadceeecb400f7baf0aa48dcb8<::>5	Q0	ibmcld_03157-4-2076	9	0.111111	run1
b4614daadceeecb400f7baf0aa48dcb8<::>5	Q0	ibmcld_15220-28322-29078	10	0.100000	run1
b4614daadceeecb400f7baf0aa48dcb8<::>6	Q0	ibmcld_16288-7-2218	1	1.000000	run1
b4614daadceeecb400f7baf0aa48dcb8<::>6	Q0	ibmcld_16288-6287-8401	2	0.500000	run1
b4614daadceeecb400f7baf0aa48dcb8<::>6	Q0	ibmcld_03158-8929-11062	3	0.333333	run1
b4614daadceeecb400f7baf0aa48dcb8<::>6	Q0	ibmcld_16288-1733-3996	4	0.250000	run1
b4614daadceeecb400f7baf0aa48dcb8<::>6	Q0	ibmcld_03158-12123-14237	5	0.200000	run1
b4614daadceeecb400f7baf0aa48dcb8<::>6	Q0	ibmcld_03216-18448-20174	6	0.166667	run1
b4614daadceeecb400f7baf0aa48dcb8<::>6	Q0	ibmcld_16289-2888-4673	7	0.142857	run1
b4614daadceeecb400f7baf0aa48dcb8<::>6	Q0	ibmcld_16337-10301-11908	8	0.125000	run1
b4614daadceeecb400f7baf0aa48dcb8<::>6	Q0	ibmcld_03160-10290-11610	9	0.111111	run1
b4614daadceeecb400f7baf0aa48dcb8<::>6	Q0	ibmcld_03369-20825-22706	10	0.100000	run1
b4614daadceeecb400f7baf0aa48dcb8<::>7	Q0	ibmcld_03165-4477-6547	1	1.000000	run1
b4614daadceeecb400f7baf0aa48dcb8<::>7	Q0	ibmcld_16287-7751-9832	2	0.500000	run1
b4614daadceeecb400f7baf0aa48dcb8<::>7	Q0	ibmcld_03158-6114-8033	3	0.333333	run1
b4614daadceeecb400f7baf0aa48dcb8<::>7	Q0	ibmcld_16321-1374-3426	4	0.250000	run1
b4614daadceeecb400f7baf0aa48dcb8<::>7	Q0	ibmcld_16288-6287-8401	5	0.200000	run1
b4614daadceeecb400f7baf0aa48dcb8<::>7	Q0	ibmcld_16294-9975-11803	6	0.166667	run1
b4614daadceeecb400f7baf0aa48dcb8<::>7	Q0	ibmcld_03158-21896-24017	7	0.142857	run1
b4614daadceeecb400f7baf0aa48dcb8<::>7	Q0	ibmcld_16321-7-1807	8	0.125000	run1
b4614daadceeecb400f7baf0aa48dcb8<::>7	Q0	ibmcld_16287-6128-8192	9	0.111111	run1
b4614daadceeecb400f7baf0aa48dcb8<::>7	Q0	ibmcld_03285-1272-3273	10	0.100000	run1
b4614daadceeecb400f7baf0aa48dcb8<::>8	Q0	ibmcld_16288-7-2218	1	1.000000	run1
b4614daadceeecb400f7baf0aa48dcb8<::>8	Q0	ibmcld_16250-5445-7809	2	0.500000	run1
b4614daadceeecb400f7baf0aa48dcb8<::>8	Q0	ibmcld_16321-19290-20983	3	0.333333	run1
b4614daadceeecb400f7baf0aa48dcb8<::>8	Q0	ibmcld_03312-5487-7760	4	0.250000	run1
b4614daadceeecb400f7baf0aa48dcb8<::>8	Q0	ibmcld_03158-8929-11062	5	0.200000	run1
b4614daadceeecb400f7baf0aa48dcb8<::>8	Q0	ibmcld_03158-7739-9484	6	0.166667	run1
b4614daadceeecb400f7baf0aa48dcb8<::>8	Q0	ibmcld_03312-7276-9469	7	0.142857	run1
b4614daadceeecb400f7baf0aa48dcb8<::>8	Q0	ibmcld_16288-1733-3996	8	0.125000	run1
b4614daadceeecb400f7baf0aa48dcb8<::>8	Q0	ibmcld_03312-3639-6036	9	0.111111	run1
b4614daadceeecb400f7baf0aa48dcb8<::>8	Q0	ibmcld_16321-20604-22275	10	0.100000	run1
927077bd895f0c292618f4a34789bef3<::>1	Q0	ibmcld_00861-233607-234578	1	1.000000	run1
927077bd895f0c292618f4a34789bef3<::>1	Q0	ibmcld_00861-237281-238251	2	0.500000	run1
927077bd895f0c292618f4a34789bef3<::>1	Q0	ibmcld_12143-4431-5953	3	0.333333	run1
927077bd895f0c292618f4a34789bef3<::>1	Q0	ibmcld_00861-222303-223263	4	0.250000	run1
927077bd895f0c292618f4a34789bef3<::>1	Q0	ibmcld_03110-6742-7759	5	0.200000	run1
927077bd895f0c292618f4a34789bef3<::>1	Q0	ibmcld_05873-21825-23124	6	0.166667	run1
927077bd895f0c292618f4a34789bef3<::>1	Q0	ibmcld_00861-245434-246436	7	0.142857	run1
927077bd895f0c292618f4a34789bef3<::>1	Q0	ibmcld_16317-11966-13843	8	0.125000	run1
927077bd895f0c292618f4a34789bef3<::>1	Q0	ibmcld_04621-58586-59933	9	0.111111	run1
927077bd895f0c292618f4a34789bef3<::>1	Q0	ibmcld_00861-261247-262292	10	0.100000	run1
927077bd895f0c292618f4a34789bef3<::>2	Q0	ibmcld_16034-7-1778	1	1.000000	run1
927077bd895f0c292618f4a34789bef3<::>2	Q0	ibmcld_16034-28644-30202	2	0.500000	run1
927077bd895f0c292618f4a34789bef3<::>2	Q0	ibmcld_10140-1312-2995	3	0.333333	run1
927077bd895f0c292618f4a34789bef3<::>2	Q0	ibmcld_10140-2632-4302	4	0.250000	run1
927077bd895f0c292618f4a34789bef3<::>2	Q0	ibmcld_05684-2632-4362	5	0.200000	run1
927077bd895f0c292618f4a34789bef3<::>2	Q0	ibmcld_16092-7-1349	6	0.166667	run1
927077bd895f0c292618f4a34789bef3<::>2	Q0	ibmcld_16082-7-1293	7	0.142857	run1
927077bd895f0c292618f4a34789bef3<::>2	Q0	ibmcld_05684-1312-2995	8	0.125000	run1
927077bd895f0c292618f4a34789bef3<::>2	Q0	ibmcld_04543-7-1293	9	0.111111	run1
927077bd895f0c292618f4a34789bef3<::>2	Q0	ibmcld_12724-7-2139	10	0.100000	run1
927077bd895f0c292618f4a34789bef3<::>3	Q0	ibmcld_14952-6860-8597	1	1.000000	run1
927077bd895f0c292618f4a34789bef3<::>3	Q0	ibmcld_15500-4519-5783	2	0.500000	run1
927077bd895f0c292618f4a34789bef3<::>3	Q0	ibmcld_15544-10253-11750	3	0.333333	run1
927077bd895f0c292618f4a34789bef3<::>3	Q0	ibmcld_15647-26643-28392	4	0.250000	run1
927077bd895f0c292618f4a34789bef3<::>3	Q0	ibmcld_15544-7685-9445	5	0.200000	run1
927077bd895f0c292618f4a34789bef3<::>3	Q0	ibmcld_15646-26617-28366	6	0.166667	run1
927077bd895f0c292618f4a34789bef3<::>3	Q0	ibmcld_15646-30301-32015	7	0.142857	run1
927077bd895f0c292618f4a34789bef3<::>3	Q0	ibmcld_15647-25269-26966	8	0.125000	run1
927077bd895f0c292618f4a34789bef3<::>3	Q0	ibmcld_15647-30340-32054	9	0.111111	run1
927077bd895f0c292618f4a34789bef3<::>3	Q0	ibmcld_15507-6657-8493	10	0.100000	run1
927077bd895f0c292618f4a34789bef3<::>4	Q0	ibmcld_15646-25256-26940	1	1.000000	run1
927077bd895f0c292618f4a34789bef3<::>4	Q0	ibmcld_15647-25269-26966	2	0.500000	run1
927077bd895f0c292618f4a34789bef3<::>4	Q0	ibmcld_15507-5434-7003	3	0.333333	run1
927077bd895f0c292618f4a34789bef3<::>4	Q0	ibmcld_15507-8094-9618	4	0.250000	run1
927077bd895f0c292618f4a34789bef3<::>4	Q0	ibmcld_15646-29196-30599	5	0.200000	run1
927077bd895f0c292618f4a34789bef3<::>4	Q0	ibmcld_15647-29235-30638	6	0.166667	run1
927077bd895f0c292618f4a34789bef3<::>4	Q0	ibmcld_15507-1716-3433	7	0.142857	run1
927077bd895f0c292618f4a34789bef3<::>4	Q0	ibmcld_15507-9295-10840	8	0.125000	run1
927077bd895f0c292618f4a34789bef3<::>4	Q0	ibmcld_15646-26617-28366	9	0.111111	run1
927077bd895f0c292618f4a34789bef3<::>4	Q0	ibmcld_15647-26643-28392	10	0.100000	run1
5815bb4a99e2a0d8a986348da4c49083<::>1	Q0	ibmcld_12498-8087-10171	1	1.000000	run1
5815bb4a99e2a0d8a986348da4c49083<::>1	Q0	ibmcld_12493-30887-32451	2	0.500000	run1
5815bb4a99e2a0d8a986348da4c49083<::>1	Q0	ibmcld_12493-32071-33807	3	0.333333	run1
5815bb4a99e2a0d8a986348da4c49083<::>1	Q0	ibmcld_12415-7-1973	4	0.250000	run1
5815bb4a99e2a0d8a986348da4c49083<::>1	Q0	ibmcld_12717-7818-8740	5	0.200000	run1
5815bb4a99e2a0d8a986348da4c49083<::>1	Q0	ibmcld_06836-7569-8653	6	0.166667	run1
5815bb4a99e2a0d8a986348da4c49083<::>1	Q0	ibmcld_12463-30147-31055	7	0.142857	run1
5815bb4a99e2a0d8a986348da4c49083<::>1	Q0	ibmcld_00020-4245-6252	8	0.125000	run1
5815bb4a99e2a0d8a986348da4c49083<::>1	Q0	ibmcld_12371-4-1766	9	0.111111	run1
5815bb4a99e2a0d8a986348da4c49083<::>1	Q0	ibmcld_12498-9696-11699	10	0.100000	run1
5815bb4a99e2a0d8a986348da4c49083<::>2	Q0	ibmcld_12498-8087-10171	1	1.000000	run1
5815bb4a99e2a0d8a986348da4c49083<::>2	Q0	ibmcld_12717-7818-8740	2	0.500000	run1
5815bb4a99e2a0d8a986348da4c49083<::>2	Q0	ibmcld_06843-4238-6198	3	0.333333	run1
5815bb4a99e2a0d8a986348da4c49083<::>2	Q0	ibmcld_07899-3004-4915	4	0.250000	run1
5815bb4a99e2a0d8a986348da4c49083<::>2	Q0	ibmcld_07982-7-2122	5	0.200000	run1
5815bb4a99e2a0d8a986348da4c49083<::>2	Q0	ibmcld_07899-4108-6235	6	0.166667	run1
5815bb4a99e2a0d8a986348da4c49083<::>2	Q0	ibmcld_07844-3757-5369	7	0.142857	run1
5815bb4a99e2a0d8a986348da4c49083<::>2	Q0	ibmcld_05342-7-2160	8	0.125000	run1
5815bb4a99e2a0d8a986348da4c49083<::>2	Q0	ibmcld_07844-4589-6711	9	0.111111	run1
5815bb4a99e2a0d8a986348da4c49083<::>2	Q0	ibmcld_05436-7-2160	10	0.100000	run1
5815bb4a99e2a0d8a986348da4c49083<::>3	Q0	ibmcld_12389-7-2298	1	1.000000	run1
5815bb4a99e2a0d8a986348da4c49083<::>3	Q0	ibmcld_12498-8087-10171	2	0.500000	run1
5815bb4a99e2a0d8a986348da4c49083<::>3	Q0	ibmcld_12447-4-2115	3	0.333333	run1
5815bb4a99e2a0d8a986348da4c49083<::>3	Q0	ibmcld_12384-9214-11044	4	0.250000	run1
5815bb4a99e2a0d8a986348da4c49083<::>3	Q0	ibmcld_12498-9696-11699	5	0.200000	run1
5815bb4a99e2a0d8a986348da4c49083<::>3	Q0	ibmcld_12384-4-1975	6	0.166667	run1
5815bb4a99e2a0d8a986348da4c49083<::>3	Q0	ibmcld_06843-4238-6198	7	0.142857	run1
5815bb4a99e2a0d8a986348da4c49083<::>3	Q0	ibmcld_07844-4589-6711	8	0.125000	run1
5815bb4a99e2a0d8a986348da4c49083<::>3	Q0	ibmcld_12447-19672-21563	9	0.111111	run1
5815bb4a99e2a0d8a986348da4c49083<::>3	Q0	ibmcld_07578-1215486-1217535	10	0.100000	run1
5815bb4a99e2a0d8a986348da4c49083<::>4	Q0	ibmcld_02196-18343-19589	1	1.000000	run1
5815bb4a99e2a0d8a986348da4c49083<::>4	Q0	ibmcld_02196-12834-14641	2	0.500000	run1
5815bb4a99e2a0d8a986348da4c49083<::>4	Q0	ibmcld_16727-1218119-1220168	3	0.333333	run1
5815bb4a99e2a0d8a986348da4c49083<::>4	Q0	ibmcld_02196-1557-3551	4	0.250000	run1
5815bb4a99e2a0d8a986348da4c49083<::>4	Q0	ibmcld_07578-1215486-1217535	5	0.200000	run1
5815bb4a99e2a0d8a986348da4c49083<::>4	Q0	ibmcld_12493-34686-35762	6	0.166667	run1
5815bb4a99e2a0d8a986348da4c49083<::>4	Q0	ibmcld_02196-14110-15777	7	0.142857	run1
5815bb4a99e2a0d8a986348da4c49083<::>4	Q0	ibmcld_12479-11684-13175	8	0.125000	run1
5815bb4a99e2a0d8a986348da4c49083<::>4	Q0	ibmcld_12415-7-1973	9	0.111111	run1
5815bb4a99e2a0d8a986348da4c49083<::>4	Q0	ibmcld_12492-22977-23879	10	0.100000	run1
5815bb4a99e2a0d8a986348da4c49083<::>5	Q0	ibmcld_00951-6625-8560	1	1.000000	run1
5815bb4a99e2a0d8a986348da4c49083<::>5	Q0	ibmcld_02460-4631-6529	2	0.500000	run1
5815bb4a99e2a0d8a986348da4c49083<::>5	Q0	ibmcld_07578-1086796-1088721	3	0.333333	run1
5815bb4a99e2a0d8a986348da4c49083<::>5	Q0	ibmcld_05157-1588-3149	4	0.250000	run1
5815bb4a99e2a0d8a986348da4c49083<::>5	Q0	ibmcld_16727-1089282-1091207	5	0.200000	run1
5815bb4a99e2a0d8a986348da4c49083<::>5	Q0	ibmcld_05069-1583-3142	6	0.166667	run1
5815bb4a99e2a0d8a986348da4c49083<::>5	Q0	ibmcld_16727-112889-114655	7	0.142857	run1
5815bb4a99e2a0d8a986348da4c49083<::>5	Q0	ibmcld_02497-4839-6904	8	0.125000	run1
5815bb4a99e2a0d8a986348da4c49083<::>5	Q0	ibmcld_07578-112910-114676	9	0.111111	run1
5815bb4a99e2a0d8a986348da4c49083<::>5	Q0	ibmcld_16248-7-1853	10	0.100000	run1
5815bb4a99e2a0d8a986348da4c49083<::>6	Q0	ibmcld_07578-107943-110247	1	1.000000	run1
5815bb4a99e2a0d8a986348da4c49083<::>6	Q0	ibmcld_16727-107922-110226	2	0.500000	run1
5815bb4a99e2a0d8a986348da4c49083<::>6	Q0	ibmcld_00033-7-2292	3	0.333333	run1
5815bb4a99e2a0d8a986348da4c49083<::>6	Q0	ibmcld_00007-7-2159	4	0.250000	run1
5815bb4a99e2a0d8a986348da4c49083<::>6	Q0	ibmcld_00055-7-1864	5	0.200000	run1
5815bb4a99e2a0d8a986348da4c49083<::>6	Q0	ibmcld_00062-7-2216	6	0.166667	run1
5815bb4a99e2a0d8a986348da4c49083<::>6	Q0	ibmcld_00064-7-2200	7	0.142857	run1
5815bb4a99e2a0d8a986348da4c49083<::>6	Q0	ibmcld_00052-7-2119	8	0.125000	run1
5815bb4a99e2a0d8a986348da4c49083<::>6	Q0	ibmcld_00060-7-1693	9	0.111111	run1
5815bb4a99e2a0d8a986348da4c49083<::>6	Q0	ibmcld_13159-7-1813	10	0.100000	run1
5815bb4a99e2a0d8a986348da4c49083<::>7	Q0	ibmcld_00033-7-2292	1	1.000000	run1
5815bb4a99e2a0d8a986348da4c49083<::>7	Q0	ibmcld_16727-99884-102029	2	0.500000	run1
5815bb4a99e2a0d8a986348da4c49083<::>7	Q0	ibmcld_07578-99905-102050	3	0.333333	run1
5815bb4a99e2a0d8a986348da4c49083<::>7	Q0	ibmcld_00096-7-2347	4	0.250000	run1
5815bb4a99e2a0d8a986348da4c49083<::>7	Q0	ibmcld_16727-107922-110226	5	0.200000	run1
5815bb4a99e2a0d8a986348da4c49083<::>7	Q0	ibmcld_07578-107943-110247	6	0.166667	run1
5815bb4a99e2a0d8a986348da4c49083<::>7	Q0	ibmcld_07578-106447-108395	7	0.142857	run1
5815bb4a99e2a0d8a986348da4c49083<::>7	Q0	ibmcld_00064-1629-4081	8	0.125000	run1
5815bb4a99e2a0d8a986348da4c49083<::>7	Q0	ibmcld_16727-106426-108374	9	0.111111	run1
5815bb4a99e2a0d8a986348da4c49083<::>7	Q0	ibmcld_05173-1050-2581	10	0.100000	run1
5815bb4a99e2a0d8a986348da4c49083<::>8	Q0	ibmcld_13481-5443-6857	1	1.000000	run1
5815bb4a99e2a0d8a986348da4c49083<::>8	Q0	ibmcld_00029-8568-9861	2	0.500000	run1
5815bb4a99e2a0d8a986348da4c49083<::>8	Q0	ibmcld_16641-6629-7897	3	0.333333	run1
5815bb4a99e2a0d8a986348da4c49083<::>8	Q0	ibmcld_13481-6212-7871	4	0.250000	run1
5815bb4a99e2a0d8a986348da4c49083<::>8	Q0	ibmcld_16641-4554-5850	5	0.200000	run1
5815bb4a99e2a0d8a986348da4c49083<::>8	Q0	ibmcld_13481-7-1988	6	0.166667	run1
5815bb4a99e2a0d8a986348da4c49083<::>8	Q0	ibmcld_16635-0-1693	7	0.142857	run1
5815bb4a99e2a0d8a986348da4c49083<::>8	Q0	ibmcld_13481-4684-5710	8	0.125000	run1
5815bb4a99e2a0d8a986348da4c49083<::>8	Q0	ibmcld_16636-0-1664	9	0.111111	run1
5815bb4a99e2a0d8a986348da4c49083<::>8	Q0	ibmcld_16641-2355-3755	10	0.100000	run1
adf9b1f61c73d715809bc7b37ac02724<::>1	Q0	ibmcld_02597-4595-6892	1	1.000000	run1
adf9b1f61c73d715809bc7b37ac02724<::>1	Q0	ibmcld_02597-3131-5174	2	0.500000	run1
adf9b1f61c73d715809bc7b37ac02724<::>1	Q0	ibmcld_02612-4813-6728	3	0.333333	run1
adf9b1f61c73d715809bc7b37ac02724<::>1	Q0	ibmcld_04709-7-2265	4	0.250000	run1
adf9b1f61c73d715809bc7b37ac02724<::>1	Q0	ibmcld_02597-1689-3678	5	0.200000	run1
adf9b1f61c73d715809bc7b37ac02724<::>1	Q0	ibmcld_03107-4-1607	6	0.166667	run1
adf9b1f61c73d715809bc7b37ac02724<::>1	Q0	ibmcld_03776-3313-5682	7	0.142857	run1
adf9b1f61c73d715809bc7b37ac02724<::>1	Q0	ibmcld_02361-7-2094	8	0.125000	run1
adf9b1f61c73d715809bc7b37ac02724<::>1	Q0	ibmcld_16252-7-1601	9	0.111111	run1
adf9b1f61c73d715809bc7b37ac02724<::>1	Q0	ibmcld_09275-7-2097	10	0.100000	run1
adf9b1f61c73d715809bc7b37ac02724<::>2	Q0	ibmcld_03735-7-1918	1	1.000000	run1
adf9b1f61c73d715809bc7b37ac02724<::>2	Q0	ibmcld_07578-275933-277579	2	0.500000	run1
adf9b1f61c73d715809bc7b37ac02724<::>2	Q0	ibmcld_16727-275907-277553	3	0.333333	run1
adf9b1f61c73d715809bc7b37ac02724<::>2	Q0	ibmcld_11857-1988-2975	4	0.250000	run1
adf9b1f61c73d715809bc7b37ac02724<::>2	Q0	ibmcld_01623-6277-8255	5	0.200000	run1
adf9b1f61c73d715809bc7b37ac02724<::>2	Q0	ibmcld_03735-1425-3233	6	0.166667	run1
adf9b1f61c73d715809bc7b37ac02724<::>2	Q0	ibmcld_10214-19770-20862	7	0.142857	run1
adf9b1f61c73d715809bc7b37ac02724<::>2	Q0	ibmcld_11730-5345-7171	8	0.125000	run1
adf9b1f61c73d715809bc7b37ac02724<::>2	Q0	ibmcld_04260-0-1777	9	0.111111	run1
adf9b1f61c73d715809bc7b37ac02724<::>2	Q0	ibmcld_07578-392678-394481	10	0.100000	run1
adf9b1f61c73d715809bc7b37ac02724<::>3	Q0	ibmcld_03798-0-2240	1	1.000000	run1
adf9b1f61c73d715809bc7b37ac02724<::>3	Q0	ibmcld_03729-7-2197	2	0.500000	run1
adf9b1f61c73d715809bc7b37ac02724<::>3	Q0	ibmcld_03776-1678-3763	3	0.333333	run1
adf9b1f61c73d715809bc7b37ac02724<::>3	Q0	ibmcld_03797-4528-6268	4	0.250000	run1
adf9b1f61c73d715809bc7b37ac02724<::>3	Q0	ibmcld_11408-8750-10521	5	0.200000	run1
adf9b1f61c73d715809bc7b37ac02724<::>3	Q0	ibmcld_05666-7-2151	6	0.166667	run1
adf9b1f61c73d715809bc7b37ac02724<::>3	Q0	ibmcld_10116-7-2157	7	0.142857	run1
adf9b1f61c73d715809bc7b37ac02724<::>3	Q0	ibmcld_13061-7-2159	8	0.125000	run1
adf9b1f61c73d715809bc7b37ac02724<::>3	Q0	ibmcld_03729-4932-7001	9	0.111111	run1
adf9b1f61c73d715809bc7b37ac02724<::>3	Q0	ibmcld_05428-7-1872	10	0.100000	run1
adf9b1f61c73d715809bc7b37ac02724<::>4	Q0	ibmcld_03729-4932-7001	1	1.000000	run1
adf9b1f61c73d715809bc7b37ac02724<::>4	Q0	ibmcld_03729-1672-3956	2	0.500000	run1
adf9b1f61c73d715809bc7b37ac02724<::>4	Q0	ibmcld_03776-5228-7163	3	0.333333	run1
adf9b1f61c73d715809bc7b37ac02724<::>4	Q0	ibmcld_03729-7-2197	4	0.250000	run1
adf9b1f61c73d715809bc7b37ac02724<::>4	Q0	ibmcld_03776-3313-5682	5	0.200000	run1
adf9b1f61c73d715809bc7b37ac02724<::>4	Q0	ibmcld_13061-7-2159	6	0.166667	run1
adf9b1f61c73d715809bc7b37ac02724<::>4	Q0	ibmcld_05666-7-2151	7	0.142857	run1
adf9b1f61c73d715809bc7b37ac02724<::>4	Q0	ibmcld_10116-7-2157	8	0.125000	run1
adf9b1f61c73d715809bc7b37ac02724<::>4	Q0	ibmcld_03797-4528-6268	9	0.111111	run1
adf9b1f61c73d715809bc7b37ac02724<::>4	Q0	ibmcld_12918-7-2258	10	0.100000	run1
adf9b1f61c73d715809bc7b37ac02724<::>5	Q0	ibmcld_12838-7607-9492	1	1.000000	run1
adf9b1f61c73d715809bc7b37ac02724<::>5	Q0	ibmcld_07578-1062822-1064465	2	0.500000	run1
adf9b1f61c73d715809bc7b37ac02724<::>5	Q0	ibmcld_00536-0-2049	3	0.333333	run1
adf9b1f61c73d715809bc7b37ac02724<::>5	Q0	ibmcld_02625-0-1752	4	0.250000	run1
adf9b1f61c73d715809bc7b37ac02724<::>5	Q0	ibmcld_05012-4837-6709	5	0.200000	run1
adf9b1f61c73d715809bc7b37ac02724<::>5	Q0	ibmcld_03727-4-1792	6	0.166667	run1
adf9b1f61c73d715809bc7b37ac02724<::>5	Q0	ibmcld_12850-1472-3281	7	0.142857	run1
adf9b1f61c73d715809bc7b37ac02724<::>5	Q0	ibmcld_12858-3912-5854	8	0.125000	run1
adf9b1f61c73d715809bc7b37ac02724<::>5	Q0	ibmcld_07578-1061453-1063204	9	0.111111	run1
adf9b1f61c73d715809bc7b37ac02724<::>5	Q0	ibmcld_03727-1205-2971	10	0.100000	run1
adf9b1f61c73d715809bc7b37ac02724<::>6	Q0	ibmcld_07578-1033424-1035350	1	1.000000	run1
adf9b1f61c73d715809bc7b37ac02724<::>6	Q0	ibmcld_08067-0-1736	2	0.500000	run1
adf9b1f61c73d715809bc7b37ac02724<::>6	Q0	ibmcld_16727-1033295-1035221	3	0.333333	run1
adf9b1f61c73d715809bc7b37ac02724<::>6	Q0	ibmcld_08056-3796-5774	4	0.250000	run1
adf9b1f61c73d715809bc7b37ac02724<::>6	Q0	ibmcld_02612-6244-8517	5	0.200000	run1
adf9b1f61c73d715809bc7b37ac02724<::>6	Q0	ibmcld_01705-8543-10743	6	0.166667	run1
adf9b1f61c73d715809bc7b37ac02724<::>6	Q0	ibmcld_02597-4595-6892	7	0.142857	run1
adf9b1f61c73d715809bc7b37ac02724<::>6	Q0	ibmcld_07578-1031881-1033895	8	0.125000	run1
adf9b1f61c73d715809bc7b37ac02724<::>6	Q0	ibmcld_03798-0-2240	9	0.111111	run1
adf9b1f61c73d715809bc7b37ac02724<::>6	Q0	ibmcld_16727-1031752-1033766	10	0.100000	run1
adf9b1f61c73d715809bc7b37ac02724<::>7	Q0	ibmcld_07578-1044428-1046278	1	1.000000	run1
adf9b1f61c73d715809bc7b37ac02724<::>7	Q0	ibmcld_16727-1044299-1046149	2	0.500000	run1
adf9b1f61c73d715809bc7b37ac02724<::>7	Q0	ibmcld_03765-7-1896	3	0.333333	run1
adf9b1f61c73d715809bc7b37ac02724<::>7	Q0	ibmcld_07578-1045891-1047755	4	0.250000	run1
adf9b1f61c73d715809bc7b37ac02724<::>7	Q0	ibmcld_03765-4100-6125	5	0.200000	run1
adf9b1f61c73d715809bc7b37ac02724<::>7	Q0	ibmcld_16727-1045762-1047626	6	0.166667	run1
adf9b1f61c73d715809bc7b37ac02724<::>7	Q0	ibmcld_03776-6753-8705	7	0.142857	run1
adf9b1f61c73d715809bc7b37ac02724<::>7	Q0	ibmcld_03704-4411-6289	8	0.125000	run1
adf9b1f61c73d715809bc7b37ac02724<::>7	Q0	ibmcld_03704-3030-4892	9	0.111111	run1
adf9b1f61c73d715809bc7b37ac02724<::>7	Q0	ibmcld_03713-3269-5168	10	0.100000	run1
adf9b1f61c73d715809bc7b37ac02724<::>8	Q0	ibmcld_07578-1062822-1064465	1	1.000000	run1
adf9b1f61c73d715809bc7b37ac02724<::>8	Q0	ibmcld_16727-1066874-1068548	2	0.500000	run1
adf9b1f61c73d715809bc7b37ac02724<::>8	Q0	ibmcld_07578-1064084-1065746	3	0.333333	run1
adf9b1f61c73d715809bc7b37ac02724<::>8	Q0	ibmcld_03764-7-1642	4	0.250000	run1
adf9b1f61c73d715809bc7b37ac02724<::>8	Q0	ibmcld_03764-2220-3440	5	0.200000	run1
adf9b1f61c73d715809bc7b37ac02724<::>8	Q0	ibmcld_16727-1065700-1067235	6	0.166667	run1
adf9b1f61c73d715809bc7b37ac02724<::>8	Q0	ibmcld_03771-7-2029	7	0.142857	run1
adf9b1f61c73d715809bc7b37ac02724<::>8	Q0	ibmcld_03795-7-1690	8	0.125000	run1
adf9b1f61c73d715809bc7b37ac02724<::>8	Q0	ibmcld_07578-1065299-1067188	9	0.111111	run1
adf9b1f61c73d715809bc7b37ac02724<::>8	Q0	ibmcld_03764-1146-2684	10	0.100000	run1
adf9b1f61c73d715809bc7b37ac02724<::>9	Q0	ibmcld_03710-0-838	1	1.000000	run1
adf9b1f61c73d715809bc7b37ac02724<::>9	Q0	ibmcld_12597-0-804	2	0.500000	run1
adf9b1f61c73d715809bc7b37ac02724<::>9	Q0	ibmcld_03704-8977-10890	3	0.333333	run1
adf9b1f61c73d715809bc7b37ac02724<::>9	Q0	ibmcld_07578-1050413-1052321	4	0.250000	run1
adf9b1f61c73d715809bc7b37ac02724<::>9	Q0	ibmcld_16727-1050284-1052192	5	0.200000	run1
adf9b1f61c73d715809bc7b37ac02724<::>9	Q0	ibmcld_03709-0-1479	6	0.166667	run1
adf9b1f61c73d715809bc7b37ac02724<::>9	Q0	ibmcld_03785-7-2010	7	0.142857	run1
adf9b1f61c73d715809bc7b37ac02724<::>9	Q0	ibmcld_08671-117491-118751	8	0.125000	run1
adf9b1f61c73d715809bc7b37ac02724<::>9	Q0	ibmcld_03786-7-2105	9	0.111111	run1
adf9b1f61c73d715809bc7b37ac02724<::>9	Q0	ibmcld_15986-4422-5556	10	0.100000	run1
adf9b1f61c73d715809bc7b37ac02724<::>10	Q0	ibmcld_03709-0-1479	1	1.000000	run1
adf9b1f61c73d715809bc7b37ac02724<::>10	Q0	ibmcld_03711-0-822	2	0.500000	run1
adf9b1f61c73d715809bc7b37ac02724<::>10	Q0	ibmcld_08391-5975-7963	3	0.333333	run1
adf9b1f61c73d715809bc7b37ac02724<::>10	Q0	ibmcld_02714-0-689	4	0.250000	run1
adf9b1f61c73d715809bc7b37ac02724<::>10	Q0	ibmcld_03710-0-838	5	0.200000	run1
adf9b1f61c73d715809bc7b37ac02724<::>10	Q0	ibmcld_08341-4565-6522	6	0.166667	run1
adf9b1f61c73d715809bc7b37ac02724<::>10	Q0	ibmcld_03732-0-1673	7	0.142857	run1
adf9b1f61c73d715809bc7b37ac02724<::>10	Q0	ibmcld_08266-2952-4774	8	0.125000	run1
adf9b1f61c73d715809bc7b37ac02724<::>10	Q0	ibmcld_07442-2394-2751	9	0.111111	run1
adf9b1f61c73d715809bc7b37ac02724<::>10	Q0	ibmcld_08391-12093-14208	10	0.100000	run1
adf9b1f61c73d715809bc7b37ac02724<::>11	Q0	ibmcld_03713-1710-3705	1	1.000000	run1
adf9b1f61c73d715809bc7b37ac02724<::>11	Q0	ibmcld_03782-0-720	2	0.500000	run1
adf9b1f61c73d715809bc7b37ac02724<::>11	Q0	ibmcld_03713-7896-8949	3	0.333333	run1
adf9b1f61c73d715809bc7b37ac02724<::>11	Q0	ibmcld_03713-7-2194	4	0.250000	run1
adf9b1f61c73d715809bc7b37ac02724<::>11	Q0	ibmcld_03799-0-731	5	0.200000	run1
adf9b1f61c73d715809bc7b37ac02724<::>11	Q0	ibmcld_07578-1069800-1071727	6	0.166667	run1
adf9b1f61c73d715809bc7b37ac02724<::>11	Q0	ibmcld_03713-3269-5168	7	0.142857	run1
adf9b1f61c73d715809bc7b37ac02724<::>11	Q0	ibmcld_03713-6236-8279	8	0.125000	run1
adf9b1f61c73d715809bc7b37ac02724<::>11	Q0	ibmcld_02273-0-665	9	0.111111	run1
adf9b1f61c73d715809bc7b37ac02724<::>11	Q0	ibmcld_16727-1072450-1074392	10	0.100000	run1
adf9b1f61c73d715809bc7b37ac02724<::>12	Q0	ibmcld_03713-3269-5168	1	1.000000	run1
adf9b1f61c73d715809bc7b37ac02724<::>12	Q0	ibmcld_03713-1710-3705	2	0.500000	run1
adf9b1f61c73d715809bc7b37ac02724<::>12	Q0	ibmcld_03713-7-2194	3	0.333333	run1
adf9b1f61c73d715809bc7b37ac02724<::>12	Q0	ibmcld_03713-4689-6647	4	0.250000	run1
adf9b1f61c73d715809bc7b37ac02724<::>12	Q0	ibmcld_03713-6236-8279	5	0.200000	run1
adf9b1f61c73d715809bc7b37ac02724<::>12	Q0	ibmcld_03782-0-720	6	0.166667	run1
adf9b1f61c73d715809bc7b37ac02724<::>12	Q0	ibmcld_03713-7896-8949	7	0.142857	run1
adf9b1f61c73d715809bc7b37ac02724<::>12	Q0	ibmcld_04083-11129-13211	8	0.125000	run1
adf9b1f61c73d715809bc7b37ac02724<::>12	Q0	ibmcld_03794-0-812	9	0.111111	run1
adf9b1f61c73d715809bc7b37ac02724<::>12	Q0	ibmcld_03704-3030-4892	10	0.100000	run1
