e9dd465e8dd63a80dda8f3ce9cba6848<::>1	Q0	414940-0-474	1	1.000000	run1
e9dd465e8dd63a80dda8f3ce9cba6848<::>1	Q0	178-0-1083	2	0.500000	run1
e9dd465e8dd63a80dda8f3ce9cba6848<::>1	Q0	56894-0-883	3	0.333333	run1
e9dd465e8dd63a80dda8f3ce9cba6848<::>1	Q0	471123-0-798	4	0.250000	run1
e9dd465e8dd63a80dda8f3ce9cba6848<::>1	Q0	416727-0-1356	5	0.200000	run1
e9dd465e8dd63a80dda8f3ce9cba6848<::>1	Q0	232932-0-938	6	0.166667	run1
e9dd465e8dd63a80dda8f3ce9cba6848<::>1	Q0	106863-0-1103	7	0.142857	run1
e9dd465e8dd63a80dda8f3ce9cba6848<::>1	Q0	343120-0-248	8	0.125000	run1
e9dd465e8dd63a80dda8f3ce9cba6848<::>1	Q0	409995-0-406	9	0.111111	run1
e9dd465e8dd63a80dda8f3ce9cba6848<::>1	Q0	315345-0-531	10	0.100000	run1
e9dd465e8dd63a80dda8f3ce9cba6848<::>2	Q0	414940-0-474	1	1.000000	run1
e9dd465e8dd63a80dda8f3ce9cba6848<::>2	Q0	178-0-1083	2	0.500000	run1
e9dd465e8dd63a80dda8f3ce9cba6848<::>2	Q0	416727-0-1356	3	0.333333	run1
e9dd465e8dd63a80dda8f3ce9cba6848<::>2	Q0	471123-0-798	4	0.250000	run1
e9dd465e8dd63a80dda8f3ce9cba6848<::>2	Q0	232932-0-938	5	0.200000	run1
e9dd465e8dd63a80dda8f3ce9cba6848<::>2	Q0	192515-0-701	6	0.166667	run1
e9dd465e8dd63a80dda8f3ce9cba6848<::>2	Q0	403739-0-514	7	0.142857	run1
e9dd465e8dd63a80dda8f3ce9cba6848<::>2	Q0	98947-0-486	8	0.125000	run1
e9dd465e8dd63a80dda8f3ce9cba6848<::>2	Q0	88444-0-371	9	0.111111	run1
e9dd465e8dd63a80dda8f3ce9cba6848<::>2	Q0	224011-0-1802	10	0.100000	run1
e9dd465e8dd63a80dda8f3ce9cba6848<::>3	Q0	495066-0-1802	1	1.000000	run1
e9dd465e8dd63a80dda8f3ce9cba6848<::>3	Q0	98947-0-486	2	0.500000	run1
e9dd465e8dd63a80dda8f3ce9cba6848<::>3	Q0	447509-0-1641	3	0.333333	run1
e9dd465e8dd63a80dda8f3ce9cba6848<::>3	Q0	345129-0-1500	4	0.250000	run1
e9dd465e8dd63a80dda8f3ce9cba6848<::>3	Q0	224011-0-1802	5	0.200000	run1
e9dd465e8dd63a80dda8f3ce9cba6848<::>3	Q0	141221-0-680	6	0.166667	run1
e9dd465e8dd63a80dda8f3ce9cba6848<::>3	Q0	507903-0-592	7	0.142857	run1
e9dd465e8dd63a80dda8f3ce9cba6848<::>3	Q0	346760-0-445	8	0.125000	run1
e9dd465e8dd63a80dda8f3ce9cba6848<::>3	Q0	93354-0-514	9	0.111111	run1
e9dd465e8dd63a80dda8f3ce9cba6848<::>3	Q0	446652-0-536	10	0.100000	run1
e9dd465e8dd63a80dda8f3ce9cba6848<::>4	Q0	98947-0-486	1	1.000000	run1
e9dd465e8dd63a80dda8f3ce9cba6848<::>4	Q0	62417-0-574	2	0.500000	run1
e9dd465e8dd63a80dda8f3ce9cba6848<::>4	Q0	254319-0-574	3	0.333333	run1
e9dd465e8dd63a80dda8f3ce9cba6848<::>4	Q0	346760-0-445	4	0.250000	run1
e9dd465e8dd63a80dda8f3ce9cba6848<::>4	Q0	447509-0-1641	5	0.200000	run1
e9dd465e8dd63a80dda8f3ce9cba6848<::>4	Q0	599411-0-261	6	0.166667	run1
e9dd465e8dd63a80dda8f3ce9cba6848<::>4	Q0	141221-0-680	7	0.142857	run1
e9dd465e8dd63a80dda8f3ce9cba6848<::>4	Q0	507903-0-592	8	0.125000	run1
e9dd465e8dd63a80dda8f3ce9cba6848<::>4	Q0	446652-0-536	9	0.111111	run1
e9dd465e8dd63a80dda8f3ce9cba6848<::>4	Q0	298779-0-748	10	0.100000	run1
e9dd465e8dd63a80dda8f3ce9cba6848<::>5	Q0	282674-0-487	1	1.000000	run1
e9dd465e8dd63a80dda8f3ce9cba6848<::>5	Q0	467535-0-727	2	0.500000	run1
e9dd465e8dd63a80dda8f3ce9cba6848<::>5	Q0	406542-0-549	3	0.333333	run1
e9dd465e8dd63a80dda8f3ce9cba6848<::>5	Q0	492022-0-374	4	0.250000	run1
e9dd465e8dd63a80dda8f3ce9cba6848<::>5	Q0	597850-0-335	5	0.200000	run1
e9dd465e8dd63a80dda8f3ce9cba6848<::>5	Q0	554465-0-780	6	0.166667	run1
e9dd465e8dd63a80dda8f3ce9cba6848<::>5	Q0	240252-0-343	7	0.142857	run1
e9dd465e8dd63a80dda8f3ce9cba6848<::>5	Q0	473599-0-269	8	0.125000	run1
e9dd465e8dd63a80dda8f3ce9cba6848<::>5	Q0	172590-0-503	9	0.111111	run1
e9dd465e8dd63a80dda8f3ce9cba6848<::>5	Q0	73201-0-223	10	0.100000	run1
e9dd465e8dd63a80dda8f3ce9cba6848<::>6	Q0	554465-0-780	1	1.000000	run1
e9dd465e8dd63a80dda8f3ce9cba6848<::>6	Q0	406542-0-549	2	0.500000	run1
e9dd465e8dd63a80dda8f3ce9cba6848<::>6	Q0	467535-0-727	3	0.333333	run1
e9dd465e8dd63a80dda8f3ce9cba6848<::>6	Q0	172590-0-503	4	0.250000	run1
e9dd465e8dd63a80dda8f3ce9cba6848<::>6	Q0	597850-0-335	5	0.200000	run1
e9dd465e8dd63a80dda8f3ce9cba6848<::>6	Q0	282674-0-487	6	0.166667	run1
e9dd465e8dd63a80dda8f3ce9cba6848<::>6	Q0	570178-0-1455	7	0.142857	run1
e9dd465e8dd63a80dda8f3ce9cba6848<::>6	Q0	37659-0-483	8	0.125000	run1
e9dd465e8dd63a80dda8f3ce9cba6848<::>6	Q0	492022-0-374	9	0.111111	run1
e9dd465e8dd63a80dda8f3ce9cba6848<::>6	Q0	366249-0-656	10	0.100000	run1
e9dd465e8dd63a80dda8f3ce9cba6848<::>7	Q0	452479-0-560	1	1.000000	run1
e9dd465e8dd63a80dda8f3ce9cba6848<::>7	Q0	21786-0-637	2	0.500000	run1
e9dd465e8dd63a80dda8f3ce9cba6848<::>7	Q0	599414-0-300	3	0.333333	run1
e9dd465e8dd63a80dda8f3ce9cba6848<::>7	Q0	69506-0-203	4	0.250000	run1
e9dd465e8dd63a80dda8f3ce9cba6848<::>7	Q0	231863-0-1069	5	0.200000	run1
e9dd465e8dd63a80dda8f3ce9cba6848<::>7	Q0	258975-0-241	6	0.166667	run1
e9dd465e8dd63a80dda8f3ce9cba6848<::>7	Q0	401266-0-1438	7	0.142857	run1
e9dd465e8dd63a80dda8f3ce9cba6848<::>7	Q0	110860-0-1333	8	0.125000	run1
e9dd465e8dd63a80dda8f3ce9cba6848<::>7	Q0	537214-0-563	9	0.111111	run1
e9dd465e8dd63a80dda8f3ce9cba6848<::>7	Q0	97064-0-338	10	0.100000	run1
c5518952b78b171de2d5b9317103ba62<::>1	Q0	309909-0-1442	1	1.000000	run1
c5518952b78b171de2d5b9317103ba62<::>1	Q0	396792-0-1286	2	0.500000	run1
c5518952b78b171de2d5b9317103ba62<::>1	Q0	368911-0-303	3	0.333333	run1
c5518952b78b171de2d5b9317103ba62<::>1	Q0	367754-0-1807	4	0.250000	run1
c5518952b78b171de2d5b9317103ba62<::>1	Q0	576384-0-565	5	0.200000	run1
c5518952b78b171de2d5b9317103ba62<::>1	Q0	64556-0-531	6	0.166667	run1
c5518952b78b171de2d5b9317103ba62<::>1	Q0	30596-0-1099	7	0.142857	run1
c5518952b78b171de2d5b9317103ba62<::>1	Q0	537593-0-1546	8	0.125000	run1
c5518952b78b171de2d5b9317103ba62<::>1	Q0	380786-0-2274	9	0.111111	run1
c5518952b78b171de2d5b9317103ba62<::>1	Q0	361028-0-1098	10	0.100000	run1
c5518952b78b171de2d5b9317103ba62<::>2	Q0	210511-0-748	1	1.000000	run1
c5518952b78b171de2d5b9317103ba62<::>2	Q0	168667-0-724	2	0.500000	run1
c5518952b78b171de2d5b9317103ba62<::>2	Q0	135093-0-464	3	0.333333	run1
c5518952b78b171de2d5b9317103ba62<::>2	Q0	476923-0-424	4	0.250000	run1
c5518952b78b171de2d5b9317103ba62<::>2	Q0	244097-0-677	5	0.200000	run1
c5518952b78b171de2d5b9317103ba62<::>2	Q0	579007-0-1276	6	0.166667	run1
c5518952b78b171de2d5b9317103ba62<::>2	Q0	592094-0-327	7	0.142857	run1
c5518952b78b171de2d5b9317103ba62<::>2	Q0	171489-0-683	8	0.125000	run1
c5518952b78b171de2d5b9317103ba62<::>2	Q0	108875-0-356	9	0.111111	run1
c5518952b78b171de2d5b9317103ba62<::>2	Q0	104043-0-793	10	0.100000	run1
c5518952b78b171de2d5b9317103ba62<::>3	Q0	83346-0-1806	1	1.000000	run1
c5518952b78b171de2d5b9317103ba62<::>3	Q0	367754-0-1807	2	0.500000	run1
c5518952b78b171de2d5b9317103ba62<::>3	Q0	537593-0-1546	3	0.333333	run1
c5518952b78b171de2d5b9317103ba62<::>3	Q0	28974-0-1495	4	0.250000	run1
c5518952b78b171de2d5b9317103ba62<::>3	Q0	229436-0-362	5	0.200000	run1
c5518952b78b171de2d5b9317103ba62<::>3	Q0	442109-0-678	6	0.166667	run1
c5518952b78b171de2d5b9317103ba62<::>3	Q0	599142-0-425	7	0.142857	run1
c5518952b78b171de2d5b9317103ba62<::>3	Q0	109203-0-960	8	0.125000	run1
c5518952b78b171de2d5b9317103ba62<::>3	Q0	165691-0-1949	9	0.111111	run1
c5518952b78b171de2d5b9317103ba62<::>3	Q0	413229-0-344	10	0.100000	run1
c5518952b78b171de2d5b9317103ba62<::>4	Q0	431462-0-417	1	1.000000	run1
c5518952b78b171de2d5b9317103ba62<::>4	Q0	510485-0-215	2	0.500000	run1
c5518952b78b171de2d5b9317103ba62<::>4	Q0	108875-0-356	3	0.333333	run1
c5518952b78b171de2d5b9317103ba62<::>4	Q0	174196-0-1503	4	0.250000	run1
c5518952b78b171de2d5b9317103ba62<::>4	Q0	270339-0-181	5	0.200000	run1
c5518952b78b171de2d5b9317103ba62<::>4	Q0	28758-0-1229	6	0.166667	run1
c5518952b78b171de2d5b9317103ba62<::>4	Q0	135093-0-464	7	0.142857	run1
c5518952b78b171de2d5b9317103ba62<::>4	Q0	478026-0-614	8	0.125000	run1
c5518952b78b171de2d5b9317103ba62<::>4	Q0	592094-0-327	9	0.111111	run1
c5518952b78b171de2d5b9317103ba62<::>4	Q0	496015-0-349	10	0.100000	run1
c5518952b78b171de2d5b9317103ba62<::>5	Q0	537593-0-1546	1	1.000000	run1
c5518952b78b171de2d5b9317103ba62<::>5	Q0	489959-0-2342	2	0.500000	run1
c5518952b78b171de2d5b9317103ba62<::>5	Q0	301447-0-303	3	0.333333	run1
c5518952b78b171de2d5b9317103ba62<::>5	Q0	135093-0-464	4	0.250000	run1
c5518952b78b171de2d5b9317103ba62<::>5	Q0	483437-0-1656	5	0.200000	run1
c5518952b78b171de2d5b9317103ba62<::>5	Q0	431462-0-417	6	0.166667	run1
c5518952b78b171de2d5b9317103ba62<::>5	Q0	21695-0-460	7	0.142857	run1
c5518952b78b171de2d5b9317103ba62<::>5	Q0	158965-0-864	8	0.125000	run1
c5518952b78b171de2d5b9317103ba62<::>5	Q0	142809-0-270	9	0.111111	run1
c5518952b78b171de2d5b9317103ba62<::>5	Q0	76562-0-636	10	0.100000	run1
c5518952b78b171de2d5b9317103ba62<::>6	Q0	489959-0-2342	1	1.000000	run1
c5518952b78b171de2d5b9317103ba62<::>6	Q0	537593-0-1546	2	0.500000	run1
c5518952b78b171de2d5b9317103ba62<::>6	Q0	41012-0-933	3	0.333333	run1
c5518952b78b171de2d5b9317103ba62<::>6	Q0	138113-0-520	4	0.250000	run1
c5518952b78b171de2d5b9317103ba62<::>6	Q0	548860-0-568	5	0.200000	run1
c5518952b78b171de2d5b9317103ba62<::>6	Q0	579315-0-314	6	0.166667	run1
c5518952b78b171de2d5b9317103ba62<::>6	Q0	146317-0-979	7	0.142857	run1
c5518952b78b171de2d5b9317103ba62<::>6	Q0	309279-0-1129	8	0.125000	run1
c5518952b78b171de2d5b9317103ba62<::>6	Q0	435320-0-622	9	0.111111	run1
c5518952b78b171de2d5b9317103ba62<::>6	Q0	460008-0-519	10	0.100000	run1
c5518952b78b171de2d5b9317103ba62<::>7	Q0	41012-0-933	1	1.000000	run1
c5518952b78b171de2d5b9317103ba62<::>7	Q0	92549-0-885	2	0.500000	run1
c5518952b78b171de2d5b9317103ba62<::>7	Q0	462036-0-1879	3	0.333333	run1
c5518952b78b171de2d5b9317103ba62<::>7	Q0	176424-0-864	4	0.250000	run1
c5518952b78b171de2d5b9317103ba62<::>7	Q0	89161-0-2037	5	0.200000	run1
c5518952b78b171de2d5b9317103ba62<::>7	Q0	210029-0-866	6	0.166667	run1
c5518952b78b171de2d5b9317103ba62<::>7	Q0	537593-0-1546	7	0.142857	run1
c5518952b78b171de2d5b9317103ba62<::>7	Q0	377152-1659-2469	8	0.125000	run1
c5518952b78b171de2d5b9317103ba62<::>7	Q0	244097-0-677	9	0.111111	run1
c5518952b78b171de2d5b9317103ba62<::>7	Q0	309909-0-1442	10	0.100000	run1
c5518952b78b171de2d5b9317103ba62<::>8	Q0	174196-0-1503	1	1.000000	run1
c5518952b78b171de2d5b9317103ba62<::>8	Q0	135093-0-464	2	0.500000	run1
c5518952b78b171de2d5b9317103ba62<::>8	Q0	361028-0-1098	3	0.333333	run1
c5518952b78b171de2d5b9317103ba62<::>8	Q0	67167-0-566	4	0.250000	run1
c5518952b78b171de2d5b9317103ba62<::>8	Q0	219673-0-1077	5	0.200000	run1
c5518952b78b171de2d5b9317103ba62<::>8	Q0	572848-0-289	6	0.166667	run1
c5518952b78b171de2d5b9317103ba62<::>8	Q0	261856-0-351	7	0.142857	run1
c5518952b78b171de2d5b9317103ba62<::>8	Q0	592094-0-327	8	0.125000	run1
c5518952b78b171de2d5b9317103ba62<::>8	Q0	579007-0-1276	9	0.111111	run1
c5518952b78b171de2d5b9317103ba62<::>8	Q0	384192-0-455	10	0.100000	run1
535ebd306304982e4e49cc989ce5b10b<::>1	Q0	258247-0-906	1	1.000000	run1
535ebd306304982e4e49cc989ce5b10b<::>1	Q0	346042-0-906	2	0.500000	run1
535ebd306304982e4e49cc989ce5b10b<::>1	Q0	166314-0-1939	3	0.333333	run1
535ebd306304982e4e49cc989ce5b10b<::>1	Q0	60261-0-653	4	0.250000	run1
535ebd306304982e4e49cc989ce5b10b<::>1	Q0	108739-0-242	5	0.200000	run1
535ebd306304982e4e49cc989ce5b10b<::>1	Q0	260159-0-972	6	0.166667	run1
535ebd306304982e4e49cc989ce5b10b<::>1	Q0	139047-0-453	7	0.142857	run1
535ebd306304982e4e49cc989ce5b10b<::>1	Q0	264586-0-1846	8	0.125000	run1
535ebd306304982e4e49cc989ce5b10b<::>1	Q0	214749-0-710	9	0.111111	run1
535ebd306304982e4e49cc989ce5b10b<::>1	Q0	15696-0-306	10	0.100000	run1
535ebd306304982e4e49cc989ce5b10b<::>3	Q0	20943-0-471	1	1.000000	run1
535ebd306304982e4e49cc989ce5b10b<::>3	Q0	283862-0-274	2	0.500000	run1
535ebd306304982e4e49cc989ce5b10b<::>3	Q0	481176-0-217	3	0.333333	run1
535ebd306304982e4e49cc989ce5b10b<::>3	Q0	420018-0-507	4	0.250000	run1
535ebd306304982e4e49cc989ce5b10b<::>3	Q0	580802-0-333	5	0.200000	run1
535ebd306304982e4e49cc989ce5b10b<::>3	Q0	296612-0-2260	6	0.166667	run1
535ebd306304982e4e49cc989ce5b10b<::>3	Q0	300512-0-643	7	0.142857	run1
535ebd306304982e4e49cc989ce5b10b<::>3	Q0	16626-0-903	8	0.125000	run1
535ebd306304982e4e49cc989ce5b10b<::>3	Q0	270826-0-472	9	0.111111	run1
535ebd306304982e4e49cc989ce5b10b<::>3	Q0	380368-0-200	10	0.100000	run1
535ebd306304982e4e49cc989ce5b10b<::>4	Q0	157496-0-929	1	1.000000	run1
535ebd306304982e4e49cc989ce5b10b<::>4	Q0	492656-0-1395	2	0.500000	run1
535ebd306304982e4e49cc989ce5b10b<::>4	Q0	214518-0-2049	3	0.333333	run1
535ebd306304982e4e49cc989ce5b10b<::>4	Q0	249017-0-743	4	0.250000	run1
535ebd306304982e4e49cc989ce5b10b<::>4	Q0	524034-0-888	5	0.200000	run1
535ebd306304982e4e49cc989ce5b10b<::>4	Q0	42032-0-1281	6	0.166667	run1
535ebd306304982e4e49cc989ce5b10b<::>4	Q0	494323-0-773	7	0.142857	run1
535ebd306304982e4e49cc989ce5b10b<::>4	Q0	16379-0-300	8	0.125000	run1
535ebd306304982e4e49cc989ce5b10b<::>4	Q0	591604-0-997	9	0.111111	run1
535ebd306304982e4e49cc989ce5b10b<::>4	Q0	23675-0-818	10	0.100000	run1
535ebd306304982e4e49cc989ce5b10b<::>5	Q0	250672-1605-2622	1	1.000000	run1
535ebd306304982e4e49cc989ce5b10b<::>5	Q0	455851-0-1877	2	0.500000	run1
535ebd306304982e4e49cc989ce5b10b<::>5	Q0	250672-0-2038	3	0.333333	run1
535ebd306304982e4e49cc989ce5b10b<::>5	Q0	529513-0-241	4	0.250000	run1
535ebd306304982e4e49cc989ce5b10b<::>5	Q0	401188-0-770	5	0.200000	run1
535ebd306304982e4e49cc989ce5b10b<::>5	Q0	506194-0-1907	6	0.166667	run1
535ebd306304982e4e49cc989ce5b10b<::>5	Q0	498034-0-765	7	0.142857	run1
535ebd306304982e4e49cc989ce5b10b<::>5	Q0	494706-0-200	8	0.125000	run1
535ebd306304982e4e49cc989ce5b10b<::>5	Q0	587755-0-282	9	0.111111	run1
535ebd306304982e4e49cc989ce5b10b<::>5	Q0	564420-0-1759	10	0.100000	run1
535ebd306304982e4e49cc989ce5b10b<::>7	Q0	494616-0-1399	1	1.000000	run1
535ebd306304982e4e49cc989ce5b10b<::>7	Q0	546091-0-1439	2	0.500000	run1
535ebd306304982e4e49cc989ce5b10b<::>7	Q0	253565-0-505	3	0.333333	run1
535ebd306304982e4e49cc989ce5b10b<::>7	Q0	43902-0-1746	4	0.250000	run1
535ebd306304982e4e49cc989ce5b10b<::>7	Q0	531656-0-243	5	0.200000	run1
535ebd306304982e4e49cc989ce5b10b<::>7	Q0	260994-0-294	6	0.166667	run1
535ebd306304982e4e49cc989ce5b10b<::>7	Q0	388361-0-348	7	0.142857	run1
535ebd306304982e4e49cc989ce5b10b<::>7	Q0	536454-0-1172	8	0.125000	run1
535ebd306304982e4e49cc989ce5b10b<::>7	Q0	213393-0-1882	9	0.111111	run1
535ebd306304982e4e49cc989ce5b10b<::>7	Q0	318567-0-342	10	0.100000	run1
535ebd306304982e4e49cc989ce5b10b<::>9	Q0	434382-0-728	1	1.000000	run1
535ebd306304982e4e49cc989ce5b10b<::>9	Q0	230505-0-469	2	0.500000	run1
535ebd306304982e4e49cc989ce5b10b<::>9	Q0	260994-0-294	3	0.333333	run1
535ebd306304982e4e49cc989ce5b10b<::>9	Q0	182844-0-232	4	0.250000	run1
535ebd306304982e4e49cc989ce5b10b<::>9	Q0	162428-0-349	5	0.200000	run1
535ebd306304982e4e49cc989ce5b10b<::>9	Q0	593585-0-230	6	0.166667	run1
535ebd306304982e4e49cc989ce5b10b<::>9	Q0	215088-0-315	7	0.142857	run1
535ebd306304982e4e49cc989ce5b10b<::>9	Q0	560438-0-1292	8	0.125000	run1
535ebd306304982e4e49cc989ce5b10b<::>9	Q0	510022-0-409	9	0.111111	run1
535ebd306304982e4e49cc989ce5b10b<::>9	Q0	577947-0-335	10	0.100000	run1
f1121a39d8a9e36eaef4c2367bd43532<::>1	Q0	178874-0-362	1	1.000000	run1
f1121a39d8a9e36eaef4c2367bd43532<::>1	Q0	365410-0-434	2	0.500000	run1
f1121a39d8a9e36eaef4c2367bd43532<::>1	Q0	271691-0-1126	3	0.333333	run1
f1121a39d8a9e36eaef4c2367bd43532<::>1	Q0	589692-0-390	4	0.250000	run1
f1121a39d8a9e36eaef4c2367bd43532<::>1	Q0	37134-0-1399	5	0.200000	run1
f1121a39d8a9e36eaef4c2367bd43532<::>1	Q0	76695-0-2025	6	0.166667	run1
f1121a39d8a9e36eaef4c2367bd43532<::>1	Q0	192193-1401-2103	7	0.142857	run1
f1121a39d8a9e36eaef4c2367bd43532<::>1	Q0	511960-0-697	8	0.125000	run1
f1121a39d8a9e36eaef4c2367bd43532<::>1	Q0	497329-0-223	9	0.111111	run1
f1121a39d8a9e36eaef4c2367bd43532<::>1	Q0	278702-0-109	10	0.100000	run1
f1121a39d8a9e36eaef4c2367bd43532<::>2	Q0	29886-4058-5398	1	1.000000	run1
f1121a39d8a9e36eaef4c2367bd43532<::>2	Q0	29886-2554-4421	2	0.500000	run1
f1121a39d8a9e36eaef4c2367bd43532<::>2	Q0	228737-0-389	3	0.333333	run1
f1121a39d8a9e36eaef4c2367bd43532<::>2	Q0	213893-0-333	4	0.250000	run1
f1121a39d8a9e36eaef4c2367bd43532<::>2	Q0	481322-0-407	5	0.200000	run1
f1121a39d8a9e36eaef4c2367bd43532<::>2	Q0	542608-0-580	6	0.166667	run1
f1121a39d8a9e36eaef4c2367bd43532<::>2	Q0	284351-0-841	7	0.142857	run1
f1121a39d8a9e36eaef4c2367bd43532<::>2	Q0	68842-0-1269	8	0.125000	run1
f1121a39d8a9e36eaef4c2367bd43532<::>2	Q0	305982-0-715	9	0.111111	run1
f1121a39d8a9e36eaef4c2367bd43532<::>2	Q0	508858-0-129	10	0.100000	run1
f1121a39d8a9e36eaef4c2367bd43532<::>3	Q0	481322-0-407	1	1.000000	run1
f1121a39d8a9e36eaef4c2367bd43532<::>3	Q0	228737-0-389	2	0.500000	run1
f1121a39d8a9e36eaef4c2367bd43532<::>3	Q0	489549-0-243	3	0.333333	run1
f1121a39d8a9e36eaef4c2367bd43532<::>3	Q0	537200-0-644	4	0.250000	run1
f1121a39d8a9e36eaef4c2367bd43532<::>3	Q0	251002-2968-3885	5	0.200000	run1
f1121a39d8a9e36eaef4c2367bd43532<::>3	Q0	552363-0-360	6	0.166667	run1
f1121a39d8a9e36eaef4c2367bd43532<::>3	Q0	279303-0-1012	7	0.142857	run1
f1121a39d8a9e36eaef4c2367bd43532<::>3	Q0	64899-0-269	8	0.125000	run1
f1121a39d8a9e36eaef4c2367bd43532<::>3	Q0	519831-0-381	9	0.111111	run1
f1121a39d8a9e36eaef4c2367bd43532<::>3	Q0	166904-0-619	10	0.100000	run1
f1121a39d8a9e36eaef4c2367bd43532<::>4	Q0	519831-0-381	1	1.000000	run1
f1121a39d8a9e36eaef4c2367bd43532<::>4	Q0	189591-0-359	2	0.500000	run1
f1121a39d8a9e36eaef4c2367bd43532<::>4	Q0	313894-0-422	3	0.333333	run1
f1121a39d8a9e36eaef4c2367bd43532<::>4	Q0	284968-0-2004	4	0.250000	run1
f1121a39d8a9e36eaef4c2367bd43532<::>4	Q0	237693-0-311	5	0.200000	run1
f1121a39d8a9e36eaef4c2367bd43532<::>4	Q0	489549-0-243	6	0.166667	run1
f1121a39d8a9e36eaef4c2367bd43532<::>4	Q0	113481-0-1105	7	0.142857	run1
f1121a39d8a9e36eaef4c2367bd43532<::>4	Q0	91398-0-305	8	0.125000	run1
f1121a39d8a9e36eaef4c2367bd43532<::>4	Q0	552363-0-360	9	0.111111	run1
f1121a39d8a9e36eaef4c2367bd43532<::>4	Q0	37454-0-1307	10	0.100000	run1
f1121a39d8a9e36eaef4c2367bd43532<::>5	Q0	243886-0-2298	1	1.000000	run1
f1121a39d8a9e36eaef4c2367bd43532<::>5	Q0	214628-0-489	2	0.500000	run1
f1121a39d8a9e36eaef4c2367bd43532<::>5	Q0	554962-0-366	3	0.333333	run1
f1121a39d8a9e36eaef4c2367bd43532<::>5	Q0	521566-0-828	4	0.250000	run1
f1121a39d8a9e36eaef4c2367bd43532<::>5	Q0	263841-0-293	5	0.200000	run1
f1121a39d8a9e36eaef4c2367bd43532<::>5	Q0	549703-0-874	6	0.166667	run1
f1121a39d8a9e36eaef4c2367bd43532<::>5	Q0	426462-2737-4258	7	0.142857	run1
f1121a39d8a9e36eaef4c2367bd43532<::>5	Q0	481830-0-629	8	0.125000	run1
f1121a39d8a9e36eaef4c2367bd43532<::>5	Q0	396156-0-384	9	0.111111	run1
f1121a39d8a9e36eaef4c2367bd43532<::>5	Q0	551064-0-341	10	0.100000	run1
f1121a39d8a9e36eaef4c2367bd43532<::>6	Q0	306533-0-556	1	1.000000	run1
f1121a39d8a9e36eaef4c2367bd43532<::>6	Q0	365558-0-528	2	0.500000	run1
f1121a39d8a9e36eaef4c2367bd43532<::>6	Q0	384541-0-2149	3	0.333333	run1
f1121a39d8a9e36eaef4c2367bd43532<::>6	Q0	383088-0-608	4	0.250000	run1
f1121a39d8a9e36eaef4c2367bd43532<::>6	Q0	50944-0-776	5	0.200000	run1
f1121a39d8a9e36eaef4c2367bd43532<::>6	Q0	198082-0-523	6	0.166667	run1
f1121a39d8a9e36eaef4c2367bd43532<::>6	Q0	69873-0-1106	7	0.142857	run1
f1121a39d8a9e36eaef4c2367bd43532<::>6	Q0	569224-0-1097	8	0.125000	run1
f1121a39d8a9e36eaef4c2367bd43532<::>6	Q0	122987-0-302	9	0.111111	run1
f1121a39d8a9e36eaef4c2367bd43532<::>6	Q0	524471-0-767	10	0.100000	run1
f1121a39d8a9e36eaef4c2367bd43532<::>7	Q0	179175-0-573	1	1.000000	run1
f1121a39d8a9e36eaef4c2367bd43532<::>7	Q0	233792-0-274	2	0.500000	run1
f1121a39d8a9e36eaef4c2367bd43532<::>7	Q0	338278-0-394	3	0.333333	run1
f1121a39d8a9e36eaef4c2367bd43532<::>7	Q0	384541-0-2149	4	0.250000	run1
f1121a39d8a9e36eaef4c2367bd43532<::>7	Q0	145193-0-1028	5	0.200000	run1
f1121a39d8a9e36eaef4c2367bd43532<::>7	Q0	122987-0-302	6	0.166667	run1
f1121a39d8a9e36eaef4c2367bd43532<::>7	Q0	383274-0-526	7	0.142857	run1
f1121a39d8a9e36eaef4c2367bd43532<::>7	Q0	485604-0-578	8	0.125000	run1
f1121a39d8a9e36eaef4c2367bd43532<::>7	Q0	393639-0-999	9	0.111111	run1
f1121a39d8a9e36eaef4c2367bd43532<::>7	Q0	383088-0-608	10	0.100000	run1
dcc0215a118ac833dfe054350df2afaa<::>1	Q0	275257-0-460	1	1.000000	run1
dcc0215a118ac833dfe054350df2afaa<::>1	Q0	152265-0-877	2	0.500000	run1
dcc0215a118ac833dfe054350df2afaa<::>1	Q0	101580-4102-6159	3	0.333333	run1
dcc0215a118ac833dfe054350df2afaa<::>1	Q0	101580-5384-7210	4	0.250000	run1
dcc0215a118ac833dfe054350df2afaa<::>1	Q0	101580-2884-4752	5	0.200000	run1
dcc0215a118ac833dfe054350df2afaa<::>1	Q0	367137-0-943	6	0.166667	run1
dcc0215a118ac833dfe054350df2afaa<::>1	Q0	395111-0-1076	7	0.142857	run1
dcc0215a118ac833dfe054350df2afaa<::>1	Q0	192193-0-1899	8	0.125000	run1
dcc0215a118ac833dfe054350df2afaa<::>1	Q0	301062-0-324	9	0.111111	run1
dcc0215a118ac833dfe054350df2afaa<::>1	Q0	394702-0-1880	10	0.100000	run1
dcc0215a118ac833dfe054350df2afaa<::>2	Q0	199467-0-688	1	1.000000	run1
dcc0215a118ac833dfe054350df2afaa<::>2	Q0	269055-0-431	2	0.500000	run1
dcc0215a118ac833dfe054350df2afaa<::>2	Q0	342485-0-1583	3	0.333333	run1
dcc0215a118ac833dfe054350df2afaa<::>2	Q0	359201-0-1376	4	0.250000	run1
dcc0215a118ac833dfe054350df2afaa<::>2	Q0	356987-0-416	5	0.200000	run1
dcc0215a118ac833dfe054350df2afaa<::>2	Q0	17092-0-512	6	0.166667	run1
dcc0215a118ac833dfe054350df2afaa<::>2	Q0	285185-1708-3970	7	0.142857	run1
dcc0215a118ac833dfe054350df2afaa<::>2	Q0	169309-0-1178	8	0.125000	run1
dcc0215a118ac833dfe054350df2afaa<::>2	Q0	333931-0-426	9	0.111111	run1
dcc0215a118ac833dfe054350df2afaa<::>2	Q0	376148-0-661	10	0.100000	run1
dcc0215a118ac833dfe054350df2afaa<::>3	Q0	499166-0-1916	1	1.000000	run1
dcc0215a118ac833dfe054350df2afaa<::>3	Q0	549270-0-1430	2	0.500000	run1
dcc0215a118ac833dfe054350df2afaa<::>3	Q0	285185-1708-3970	3	0.333333	run1
dcc0215a118ac833dfe054350df2afaa<::>3	Q0	200052-0-639	4	0.250000	run1
dcc0215a118ac833dfe054350df2afaa<::>3	Q0	478509-0-1180	5	0.200000	run1
dcc0215a118ac833dfe054350df2afaa<::>3	Q0	569948-0-307	6	0.166667	run1
dcc0215a118ac833dfe054350df2afaa<::>3	Q0	31581-0-1014	7	0.142857	run1
dcc0215a118ac833dfe054350df2afaa<::>3	Q0	257633-0-1040	8	0.125000	run1
dcc0215a118ac833dfe054350df2afaa<::>3	Q0	378390-0-526	9	0.111111	run1
dcc0215a118ac833dfe054350df2afaa<::>3	Q0	389581-0-259	10	0.100000	run1
dcc0215a118ac833dfe054350df2afaa<::>4	Q0	343363-0-378	1	1.000000	run1
dcc0215a118ac833dfe054350df2afaa<::>4	Q0	241590-0-871	2	0.500000	run1
dcc0215a118ac833dfe054350df2afaa<::>4	Q0	401074-0-467	3	0.333333	run1
dcc0215a118ac833dfe054350df2afaa<::>4	Q0	288126-0-1183	4	0.250000	run1
dcc0215a118ac833dfe054350df2afaa<::>4	Q0	431953-0-1364	5	0.200000	run1
dcc0215a118ac833dfe054350df2afaa<::>4	Q0	439719-1629-2838	6	0.166667	run1
dcc0215a118ac833dfe054350df2afaa<::>4	Q0	43060-0-381	7	0.142857	run1
dcc0215a118ac833dfe054350df2afaa<::>4	Q0	269064-0-2083	8	0.125000	run1
dcc0215a118ac833dfe054350df2afaa<::>4	Q0	567492-0-527	9	0.111111	run1
dcc0215a118ac833dfe054350df2afaa<::>4	Q0	427044-0-2066	10	0.100000	run1
dcc0215a118ac833dfe054350df2afaa<::>5	Q0	285185-1708-3970	1	1.000000	run1
dcc0215a118ac833dfe054350df2afaa<::>5	Q0	31581-0-1014	2	0.500000	run1
dcc0215a118ac833dfe054350df2afaa<::>5	Q0	481683-0-2385	3	0.333333	run1
dcc0215a118ac833dfe054350df2afaa<::>5	Q0	310218-0-1384	4	0.250000	run1
dcc0215a118ac833dfe054350df2afaa<::>5	Q0	272520-0-676	5	0.200000	run1
dcc0215a118ac833dfe054350df2afaa<::>5	Q0	478242-0-1949	6	0.166667	run1
dcc0215a118ac833dfe054350df2afaa<::>5	Q0	303037-0-2120	7	0.142857	run1
dcc0215a118ac833dfe054350df2afaa<::>5	Q0	551893-0-2168	8	0.125000	run1
dcc0215a118ac833dfe054350df2afaa<::>5	Q0	521589-0-356	9	0.111111	run1
dcc0215a118ac833dfe054350df2afaa<::>5	Q0	122581-0-798	10	0.100000	run1
f0d30863222ebd30fc68c43ac3ae94bb<::>1	Q0	471686-0-215	1	1.000000	run1
f0d30863222ebd30fc68c43ac3ae94bb<::>1	Q0	528827-0-451	2	0.500000	run1
f0d30863222ebd30fc68c43ac3ae94bb<::>1	Q0	268802-0-522	3	0.333333	run1
f0d30863222ebd30fc68c43ac3ae94bb<::>1	Q0	163396-0-650	4	0.250000	run1
f0d30863222ebd30fc68c43ac3ae94bb<::>1	Q0	315847-0-292	5	0.200000	run1
f0d30863222ebd30fc68c43ac3ae94bb<::>1	Q0	599156-0-290	6	0.166667	run1
f0d30863222ebd30fc68c43ac3ae94bb<::>1	Q0	417457-0-733	7	0.142857	run1
f0d30863222ebd30fc68c43ac3ae94bb<::>1	Q0	39345-0-142	8	0.125000	run1
f0d30863222ebd30fc68c43ac3ae94bb<::>1	Q0	301609-0-20	9	0.111111	run1
f0d30863222ebd30fc68c43ac3ae94bb<::>1	Q0	197151-0-423	10	0.100000	run1
f0d30863222ebd30fc68c43ac3ae94bb<::>2	Q0	528827-0-451	1	1.000000	run1
f0d30863222ebd30fc68c43ac3ae94bb<::>2	Q0	163396-0-650	2	0.500000	run1
f0d30863222ebd30fc68c43ac3ae94bb<::>2	Q0	599156-0-290	3	0.333333	run1
f0d30863222ebd30fc68c43ac3ae94bb<::>2	Q0	324867-0-347	4	0.250000	run1
f0d30863222ebd30fc68c43ac3ae94bb<::>2	Q0	306649-0-189	5	0.200000	run1
f0d30863222ebd30fc68c43ac3ae94bb<::>2	Q0	39345-0-142	6	0.166667	run1
f0d30863222ebd30fc68c43ac3ae94bb<::>2	Q0	529844-0-696	7	0.142857	run1
f0d30863222ebd30fc68c43ac3ae94bb<::>2	Q0	251704-0-229	8	0.125000	run1
f0d30863222ebd30fc68c43ac3ae94bb<::>2	Q0	181924-0-775	9	0.111111	run1
f0d30863222ebd30fc68c43ac3ae94bb<::>2	Q0	124230-0-1436	10	0.100000	run1
f0d30863222ebd30fc68c43ac3ae94bb<::>4	Q0	537916-0-1419	1	1.000000	run1
f0d30863222ebd30fc68c43ac3ae94bb<::>4	Q0	423929-0-370	2	0.500000	run1
f0d30863222ebd30fc68c43ac3ae94bb<::>4	Q0	367742-0-704	3	0.333333	run1
f0d30863222ebd30fc68c43ac3ae94bb<::>4	Q0	67616-0-536	4	0.250000	run1
f0d30863222ebd30fc68c43ac3ae94bb<::>4	Q0	290045-0-963	5	0.200000	run1
f0d30863222ebd30fc68c43ac3ae94bb<::>4	Q0	582757-0-1187	6	0.166667	run1
f0d30863222ebd30fc68c43ac3ae94bb<::>4	Q0	306688-0-1914	7	0.142857	run1
f0d30863222ebd30fc68c43ac3ae94bb<::>4	Q0	585121-0-592	8	0.125000	run1
f0d30863222ebd30fc68c43ac3ae94bb<::>4	Q0	102443-0-541	9	0.111111	run1
f0d30863222ebd30fc68c43ac3ae94bb<::>4	Q0	113776-0-1184	10	0.100000	run1
f0d30863222ebd30fc68c43ac3ae94bb<::>5	Q0	312445-0-544	1	1.000000	run1
f0d30863222ebd30fc68c43ac3ae94bb<::>5	Q0	534010-0-285	2	0.500000	run1
f0d30863222ebd30fc68c43ac3ae94bb<::>5	Q0	67327-0-271	3	0.333333	run1
f0d30863222ebd30fc68c43ac3ae94bb<::>5	Q0	484730-0-420	4	0.250000	run1
f0d30863222ebd30fc68c43ac3ae94bb<::>5	Q0	400714-0-1075	5	0.200000	run1
f0d30863222ebd30fc68c43ac3ae94bb<::>5	Q0	160922-0-737	6	0.166667	run1
f0d30863222ebd30fc68c43ac3ae94bb<::>5	Q0	181581-0-487	7	0.142857	run1
f0d30863222ebd30fc68c43ac3ae94bb<::>5	Q0	489654-0-567	8	0.125000	run1
f0d30863222ebd30fc68c43ac3ae94bb<::>5	Q0	212511-0-505	9	0.111111	run1
f0d30863222ebd30fc68c43ac3ae94bb<::>5	Q0	94408-0-467	10	0.100000	run1
f0d30863222ebd30fc68c43ac3ae94bb<::>6	Q0	285185-1708-3970	1	1.000000	run1
f0d30863222ebd30fc68c43ac3ae94bb<::>6	Q0	176548-0-304	2	0.500000	run1
f0d30863222ebd30fc68c43ac3ae94bb<::>6	Q0	569948-0-307	3	0.333333	run1
f0d30863222ebd30fc68c43ac3ae94bb<::>6	Q0	272520-0-676	4	0.250000	run1
f0d30863222ebd30fc68c43ac3ae94bb<::>6	Q0	31581-0-1014	5	0.200000	run1
f0d30863222ebd30fc68c43ac3ae94bb<::>6	Q0	481683-0-2385	6	0.166667	run1
f0d30863222ebd30fc68c43ac3ae94bb<::>6	Q0	283202-0-1950	7	0.142857	run1
f0d30863222ebd30fc68c43ac3ae94bb<::>6	Q0	303037-0-2120	8	0.125000	run1
f0d30863222ebd30fc68c43ac3ae94bb<::>6	Q0	269064-0-2083	9	0.111111	run1
f0d30863222ebd30fc68c43ac3ae94bb<::>6	Q0	340828-0-561	10	0.100000	run1
f0d30863222ebd30fc68c43ac3ae94bb<::>7	Q0	458529-0-1141	1	1.000000	run1
f0d30863222ebd30fc68c43ac3ae94bb<::>7	Q0	491629-0-1151	2	0.500000	run1
f0d30863222ebd30fc68c43ac3ae94bb<::>7	Q0	74402-0-862	3	0.333333	run1
f0d30863222ebd30fc68c43ac3ae94bb<::>7	Q0	207710-0-374	4	0.250000	run1
f0d30863222ebd30fc68c43ac3ae94bb<::>7	Q0	213998-0-340	5	0.200000	run1
f0d30863222ebd30fc68c43ac3ae94bb<::>7	Q0	450213-0-387	6	0.166667	run1
f0d30863222ebd30fc68c43ac3ae94bb<::>7	Q0	246880-0-273	7	0.142857	run1
f0d30863222ebd30fc68c43ac3ae94bb<::>7	Q0	82482-0-297	8	0.125000	run1
f0d30863222ebd30fc68c43ac3ae94bb<::>7	Q0	211356-0-420	9	0.111111	run1
f0d30863222ebd30fc68c43ac3ae94bb<::>7	Q0	456821-0-386	10	0.100000	run1
258193fc88e0e73322e288aa03719260<::>1	Q0	421924-0-330	1	1.000000	run1
258193fc88e0e73322e288aa03719260<::>1	Q0	82199-0-803	2	0.500000	run1
258193fc88e0e73322e288aa03719260<::>1	Q0	146657-0-1690	3	0.333333	run1
258193fc88e0e73322e288aa03719260<::>1	Q0	37382-0-577	4	0.250000	run1
258193fc88e0e73322e288aa03719260<::>1	Q0	275543-0-510	5	0.200000	run1
258193fc88e0e73322e288aa03719260<::>1	Q0	398536-0-525	6	0.166667	run1
258193fc88e0e73322e288aa03719260<::>1	Q0	490176-0-1302	7	0.142857	run1
258193fc88e0e73322e288aa03719260<::>1	Q0	510716-0-817	8	0.125000	run1
258193fc88e0e73322e288aa03719260<::>1	Q0	202645-0-820	9	0.111111	run1
258193fc88e0e73322e288aa03719260<::>1	Q0	310612-0-1435	10	0.100000	run1
258193fc88e0e73322e288aa03719260<::>2	Q0	427322-0-1607	1	1.000000	run1
258193fc88e0e73322e288aa03719260<::>2	Q0	290019-0-1043	2	0.500000	run1
258193fc88e0e73322e288aa03719260<::>2	Q0	443757-0-795	3	0.333333	run1
258193fc88e0e73322e288aa03719260<::>2	Q0	59000-0-751	4	0.250000	run1
258193fc88e0e73322e288aa03719260<::>2	Q0	510716-0-817	5	0.200000	run1
258193fc88e0e73322e288aa03719260<::>2	Q0	167879-0-1546	6	0.166667	run1
258193fc88e0e73322e288aa03719260<::>2	Q0	390089-0-950	7	0.142857	run1
258193fc88e0e73322e288aa03719260<::>2	Q0	263440-1745-3066	8	0.125000	run1
258193fc88e0e73322e288aa03719260<::>2	Q0	550526-0-530	9	0.111111	run1
258193fc88e0e73322e288aa03719260<::>2	Q0	375708-0-803	10	0.100000	run1
258193fc88e0e73322e288aa03719260<::>3	Q0	329101-0-1550	1	1.000000	run1
258193fc88e0e73322e288aa03719260<::>3	Q0	468898-0-512	2	0.500000	run1
258193fc88e0e73322e288aa03719260<::>3	Q0	371717-4445-5577	3	0.333333	run1
258193fc88e0e73322e288aa03719260<::>3	Q0	443757-0-795	4	0.250000	run1
258193fc88e0e73322e288aa03719260<::>3	Q0	48274-0-584	5	0.200000	run1
258193fc88e0e73322e288aa03719260<::>3	Q0	421114-0-935	6	0.166667	run1
258193fc88e0e73322e288aa03719260<::>3	Q0	118707-0-1412	7	0.142857	run1
258193fc88e0e73322e288aa03719260<::>3	Q0	14639-0-276	8	0.125000	run1
258193fc88e0e73322e288aa03719260<::>3	Q0	233877-0-150	9	0.111111	run1
258193fc88e0e73322e288aa03719260<::>3	Q0	324337-0-354	10	0.100000	run1
258193fc88e0e73322e288aa03719260<::>4	Q0	427322-0-1607	1	1.000000	run1
258193fc88e0e73322e288aa03719260<::>4	Q0	468898-0-512	2	0.500000	run1
258193fc88e0e73322e288aa03719260<::>4	Q0	329101-0-1550	3	0.333333	run1
258193fc88e0e73322e288aa03719260<::>4	Q0	299242-0-491	4	0.250000	run1
258193fc88e0e73322e288aa03719260<::>4	Q0	324337-0-354	5	0.200000	run1
258193fc88e0e73322e288aa03719260<::>4	Q0	443757-0-795	6	0.166667	run1
258193fc88e0e73322e288aa03719260<::>4	Q0	379353-0-709	7	0.142857	run1
258193fc88e0e73322e288aa03719260<::>4	Q0	158968-0-1416	8	0.125000	run1
258193fc88e0e73322e288aa03719260<::>4	Q0	421114-0-935	9	0.111111	run1
258193fc88e0e73322e288aa03719260<::>4	Q0	459177-0-558	10	0.100000	run1
258193fc88e0e73322e288aa03719260<::>5	Q0	400495-0-1150	1	1.000000	run1
258193fc88e0e73322e288aa03719260<::>5	Q0	14478-0-1876	2	0.500000	run1
258193fc88e0e73322e288aa03719260<::>5	Q0	371717-1448-3391	3	0.333333	run1
258193fc88e0e73322e288aa03719260<::>5	Q0	427322-0-1607	4	0.250000	run1
258193fc88e0e73322e288aa03719260<::>5	Q0	224167-0-1127	5	0.200000	run1
258193fc88e0e73322e288aa03719260<::>5	Q0	8849-0-597	6	0.166667	run1
258193fc88e0e73322e288aa03719260<::>5	Q0	237193-0-326	7	0.142857	run1
258193fc88e0e73322e288aa03719260<::>5	Q0	120438-0-706	8	0.125000	run1
258193fc88e0e73322e288aa03719260<::>5	Q0	569461-0-712	9	0.111111	run1
258193fc88e0e73322e288aa03719260<::>5	Q0	371717-4445-5577	10	0.100000	run1
258193fc88e0e73322e288aa03719260<::>6	Q0	506395-0-500	1	1.000000	run1
258193fc88e0e73322e288aa03719260<::>6	Q0	228565-0-334	2	0.500000	run1
258193fc88e0e73322e288aa03719260<::>6	Q0	362694-0-502	3	0.333333	run1
258193fc88e0e73322e288aa03719260<::>6	Q0	39734-0-1379	4	0.250000	run1
258193fc88e0e73322e288aa03719260<::>6	Q0	418815-0-300	5	0.200000	run1
258193fc88e0e73322e288aa03719260<::>6	Q0	121187-0-286	6	0.166667	run1
258193fc88e0e73322e288aa03719260<::>6	Q0	343872-0-1097	7	0.142857	run1
258193fc88e0e73322e288aa03719260<::>6	Q0	468898-0-512	8	0.125000	run1
258193fc88e0e73322e288aa03719260<::>6	Q0	499995-0-117	9	0.111111	run1
258193fc88e0e73322e288aa03719260<::>6	Q0	90591-1401-2653	10	0.100000	run1
258193fc88e0e73322e288aa03719260<::>7	Q0	421114-0-935	1	1.000000	run1
258193fc88e0e73322e288aa03719260<::>7	Q0	375708-0-803	2	0.500000	run1
258193fc88e0e73322e288aa03719260<::>7	Q0	330255-0-202	3	0.333333	run1
258193fc88e0e73322e288aa03719260<::>7	Q0	201957-0-276	4	0.250000	run1
258193fc88e0e73322e288aa03719260<::>7	Q0	565868-0-1196	5	0.200000	run1
258193fc88e0e73322e288aa03719260<::>7	Q0	337165-0-484	6	0.166667	run1
258193fc88e0e73322e288aa03719260<::>7	Q0	309698-0-148	7	0.142857	run1
258193fc88e0e73322e288aa03719260<::>7	Q0	278528-0-1546	8	0.125000	run1
258193fc88e0e73322e288aa03719260<::>7	Q0	174034-0-441	9	0.111111	run1
258193fc88e0e73322e288aa03719260<::>7	Q0	186243-0-212	10	0.100000	run1
258193fc88e0e73322e288aa03719260<::>8	Q0	327002-0-686	1	1.000000	run1
258193fc88e0e73322e288aa03719260<::>8	Q0	295142-0-1973	2	0.500000	run1
258193fc88e0e73322e288aa03719260<::>8	Q0	200410-0-352	3	0.333333	run1
258193fc88e0e73322e288aa03719260<::>8	Q0	437100-0-1987	4	0.250000	run1
258193fc88e0e73322e288aa03719260<::>8	Q0	138151-0-337	5	0.200000	run1
258193fc88e0e73322e288aa03719260<::>8	Q0	547388-0-1198	6	0.166667	run1
258193fc88e0e73322e288aa03719260<::>8	Q0	531442-0-629	7	0.142857	run1
258193fc88e0e73322e288aa03719260<::>8	Q0	292324-0-1778	8	0.125000	run1
258193fc88e0e73322e288aa03719260<::>8	Q0	47957-0-533	9	0.111111	run1
258193fc88e0e73322e288aa03719260<::>8	Q0	375708-0-803	10	0.100000	run1
258193fc88e0e73322e288aa03719260<::>9	Q0	292324-0-1778	1	1.000000	run1
258193fc88e0e73322e288aa03719260<::>9	Q0	64005-0-456	2	0.500000	run1
258193fc88e0e73322e288aa03719260<::>9	Q0	164812-0-340	3	0.333333	run1
258193fc88e0e73322e288aa03719260<::>9	Q0	90066-0-246	4	0.250000	run1
258193fc88e0e73322e288aa03719260<::>9	Q0	351584-0-1655	5	0.200000	run1
258193fc88e0e73322e288aa03719260<::>9	Q0	295142-0-1973	6	0.166667	run1
258193fc88e0e73322e288aa03719260<::>9	Q0	158591-0-453	7	0.142857	run1
258193fc88e0e73322e288aa03719260<::>9	Q0	381386-0-149	8	0.125000	run1
258193fc88e0e73322e288aa03719260<::>9	Q0	491964-0-707	9	0.111111	run1
258193fc88e0e73322e288aa03719260<::>9	Q0	521967-0-70	10	0.100000	run1
4a8369b7403e54df94d7fa495a4eff27<::>1	Q0	37040-0-1356	1	1.000000	run1
4a8369b7403e54df94d7fa495a4eff27<::>1	Q0	218670-0-173	2	0.500000	run1
4a8369b7403e54df94d7fa495a4eff27<::>1	Q0	258563-0-319	3	0.333333	run1
4a8369b7403e54df94d7fa495a4eff27<::>1	Q0	57520-0-457	4	0.250000	run1
4a8369b7403e54df94d7fa495a4eff27<::>1	Q0	163905-0-774	5	0.200000	run1
4a8369b7403e54df94d7fa495a4eff27<::>1	Q0	121158-0-1820	6	0.166667	run1
4a8369b7403e54df94d7fa495a4eff27<::>1	Q0	291006-0-143	7	0.142857	run1
4a8369b7403e54df94d7fa495a4eff27<::>1	Q0	28604-1280-2886	8	0.125000	run1
4a8369b7403e54df94d7fa495a4eff27<::>1	Q0	241059-0-1154	9	0.111111	run1
4a8369b7403e54df94d7fa495a4eff27<::>1	Q0	327941-0-184	10	0.100000	run1
4a8369b7403e54df94d7fa495a4eff27<::>2	Q0	437436-0-473	1	1.000000	run1
4a8369b7403e54df94d7fa495a4eff27<::>2	Q0	450515-0-1292	2	0.500000	run1
4a8369b7403e54df94d7fa495a4eff27<::>2	Q0	331714-0-591	3	0.333333	run1
4a8369b7403e54df94d7fa495a4eff27<::>2	Q0	418937-0-1083	4	0.250000	run1
4a8369b7403e54df94d7fa495a4eff27<::>2	Q0	184756-0-771	5	0.200000	run1
4a8369b7403e54df94d7fa495a4eff27<::>2	Q0	481298-0-903	6	0.166667	run1
4a8369b7403e54df94d7fa495a4eff27<::>2	Q0	470635-0-2274	7	0.142857	run1
4a8369b7403e54df94d7fa495a4eff27<::>2	Q0	514841-0-1337	8	0.125000	run1
4a8369b7403e54df94d7fa495a4eff27<::>2	Q0	486692-0-439	9	0.111111	run1
4a8369b7403e54df94d7fa495a4eff27<::>2	Q0	200666-0-874	10	0.100000	run1
4a8369b7403e54df94d7fa495a4eff27<::>3	Q0	551809-0-1228	1	1.000000	run1
4a8369b7403e54df94d7fa495a4eff27<::>3	Q0	89351-0-202	2	0.500000	run1
4a8369b7403e54df94d7fa495a4eff27<::>3	Q0	343638-0-1115	3	0.333333	run1
4a8369b7403e54df94d7fa495a4eff27<::>3	Q0	81299-0-768	4	0.250000	run1
4a8369b7403e54df94d7fa495a4eff27<::>3	Q0	35191-0-563	5	0.200000	run1
4a8369b7403e54df94d7fa495a4eff27<::>3	Q0	466143-0-1140	6	0.166667	run1
4a8369b7403e54df94d7fa495a4eff27<::>3	Q0	18349-0-726	7	0.142857	run1
4a8369b7403e54df94d7fa495a4eff27<::>3	Q0	450694-0-1155	8	0.125000	run1
4a8369b7403e54df94d7fa495a4eff27<::>3	Q0	478736-0-356	9	0.111111	run1
4a8369b7403e54df94d7fa495a4eff27<::>3	Q0	598855-0-326	10	0.100000	run1
4a8369b7403e54df94d7fa495a4eff27<::>4	Q0	535340-1604-2385	1	1.000000	run1
4a8369b7403e54df94d7fa495a4eff27<::>4	Q0	505379-0-463	2	0.500000	run1
4a8369b7403e54df94d7fa495a4eff27<::>4	Q0	219758-0-447	3	0.333333	run1
4a8369b7403e54df94d7fa495a4eff27<::>4	Q0	89351-0-202	4	0.250000	run1
4a8369b7403e54df94d7fa495a4eff27<::>4	Q0	23108-0-1272	5	0.200000	run1
4a8369b7403e54df94d7fa495a4eff27<::>4	Q0	234851-0-126	6	0.166667	run1
4a8369b7403e54df94d7fa495a4eff27<::>4	Q0	339327-1616-2830	7	0.142857	run1
4a8369b7403e54df94d7fa495a4eff27<::>4	Q0	444829-0-617	8	0.125000	run1
4a8369b7403e54df94d7fa495a4eff27<::>4	Q0	39927-0-1849	9	0.111111	run1
4a8369b7403e54df94d7fa495a4eff27<::>4	Q0	306561-0-959	10	0.100000	run1
4a8369b7403e54df94d7fa495a4eff27<::>5	Q0	536099-0-2132	1	1.000000	run1
4a8369b7403e54df94d7fa495a4eff27<::>5	Q0	137984-0-2341	2	0.500000	run1
4a8369b7403e54df94d7fa495a4eff27<::>5	Q0	239334-0-673	3	0.333333	run1
4a8369b7403e54df94d7fa495a4eff27<::>5	Q0	417365-1635-2950	4	0.250000	run1
4a8369b7403e54df94d7fa495a4eff27<::>5	Q0	253878-0-550	5	0.200000	run1
4a8369b7403e54df94d7fa495a4eff27<::>5	Q0	191835-0-330	6	0.166667	run1
4a8369b7403e54df94d7fa495a4eff27<::>5	Q0	480638-0-626	7	0.142857	run1
4a8369b7403e54df94d7fa495a4eff27<::>5	Q0	135845-0-701	8	0.125000	run1
4a8369b7403e54df94d7fa495a4eff27<::>5	Q0	375930-0-395	9	0.111111	run1
4a8369b7403e54df94d7fa495a4eff27<::>5	Q0	89351-0-202	10	0.100000	run1
dc1aaac0b33553d8c897d4150955d803<::>1	Q0	352363-0-943	1	1.000000	run1
dc1aaac0b33553d8c897d4150955d803<::>1	Q0	527522-0-161	2	0.500000	run1
dc1aaac0b33553d8c897d4150955d803<::>1	Q0	221795-0-554	3	0.333333	run1
dc1aaac0b33553d8c897d4150955d803<::>1	Q0	333059-0-899	4	0.250000	run1
dc1aaac0b33553d8c897d4150955d803<::>1	Q0	104924-0-442	5	0.200000	run1
dc1aaac0b33553d8c897d4150955d803<::>1	Q0	582161-1595-2514	6	0.166667	run1
dc1aaac0b33553d8c897d4150955d803<::>1	Q0	2205-0-1805	7	0.142857	run1
dc1aaac0b33553d8c897d4150955d803<::>1	Q0	552305-0-254	8	0.125000	run1
dc1aaac0b33553d8c897d4150955d803<::>1	Q0	379387-0-2053	9	0.111111	run1
dc1aaac0b33553d8c897d4150955d803<::>1	Q0	373119-0-315	10	0.100000	run1
dc1aaac0b33553d8c897d4150955d803<::>2	Q0	527522-0-161	1	1.000000	run1
dc1aaac0b33553d8c897d4150955d803<::>2	Q0	60459-0-958	2	0.500000	run1
dc1aaac0b33553d8c897d4150955d803<::>2	Q0	380241-0-190	3	0.333333	run1
dc1aaac0b33553d8c897d4150955d803<::>2	Q0	506149-0-857	4	0.250000	run1
dc1aaac0b33553d8c897d4150955d803<::>2	Q0	18855-0-1342	5	0.200000	run1
dc1aaac0b33553d8c897d4150955d803<::>2	Q0	80826-0-516	6	0.166667	run1
dc1aaac0b33553d8c897d4150955d803<::>2	Q0	355341-0-1024	7	0.142857	run1
dc1aaac0b33553d8c897d4150955d803<::>2	Q0	117578-1531-2375	8	0.125000	run1
dc1aaac0b33553d8c897d4150955d803<::>2	Q0	264474-0-533	9	0.111111	run1
dc1aaac0b33553d8c897d4150955d803<::>2	Q0	275833-0-738	10	0.100000	run1
dc1aaac0b33553d8c897d4150955d803<::>3	Q0	395783-0-1495	1	1.000000	run1
dc1aaac0b33553d8c897d4150955d803<::>3	Q0	578530-0-325	2	0.500000	run1
dc1aaac0b33553d8c897d4150955d803<::>3	Q0	576890-0-577	3	0.333333	run1
dc1aaac0b33553d8c897d4150955d803<::>3	Q0	272458-0-1701	4	0.250000	run1
dc1aaac0b33553d8c897d4150955d803<::>3	Q0	447567-0-237	5	0.200000	run1
dc1aaac0b33553d8c897d4150955d803<::>3	Q0	353337-1514-3099	6	0.166667	run1
dc1aaac0b33553d8c897d4150955d803<::>3	Q0	512738-0-559	7	0.142857	run1
dc1aaac0b33553d8c897d4150955d803<::>3	Q0	545184-0-1222	8	0.125000	run1
dc1aaac0b33553d8c897d4150955d803<::>3	Q0	483676-0-990	9	0.111111	run1
dc1aaac0b33553d8c897d4150955d803<::>3	Q0	240651-0-988	10	0.100000	run1
dc1aaac0b33553d8c897d4150955d803<::>4	Q0	151042-0-699	1	1.000000	run1
dc1aaac0b33553d8c897d4150955d803<::>4	Q0	395783-0-1495	2	0.500000	run1
dc1aaac0b33553d8c897d4150955d803<::>4	Q0	489278-0-1968	3	0.333333	run1
dc1aaac0b33553d8c897d4150955d803<::>4	Q0	582191-0-149	4	0.250000	run1
dc1aaac0b33553d8c897d4150955d803<::>4	Q0	483644-0-1131	5	0.200000	run1
dc1aaac0b33553d8c897d4150955d803<::>4	Q0	260998-0-1757	6	0.166667	run1
dc1aaac0b33553d8c897d4150955d803<::>4	Q0	176717-0-1743	7	0.142857	run1
dc1aaac0b33553d8c897d4150955d803<::>4	Q0	428671-0-827	8	0.125000	run1
dc1aaac0b33553d8c897d4150955d803<::>4	Q0	300047-0-514	9	0.111111	run1
dc1aaac0b33553d8c897d4150955d803<::>4	Q0	361639-0-241	10	0.100000	run1
dc1aaac0b33553d8c897d4150955d803<::>6	Q0	552180-0-1587	1	1.000000	run1
dc1aaac0b33553d8c897d4150955d803<::>6	Q0	122638-0-596	2	0.500000	run1
dc1aaac0b33553d8c897d4150955d803<::>6	Q0	360533-0-1559	3	0.333333	run1
dc1aaac0b33553d8c897d4150955d803<::>6	Q0	551403-0-2207	4	0.250000	run1
dc1aaac0b33553d8c897d4150955d803<::>6	Q0	119051-0-1607	5	0.200000	run1
dc1aaac0b33553d8c897d4150955d803<::>6	Q0	65567-0-1628	6	0.166667	run1
dc1aaac0b33553d8c897d4150955d803<::>6	Q0	279121-0-1007	7	0.142857	run1
dc1aaac0b33553d8c897d4150955d803<::>6	Q0	139059-1417-2516	8	0.125000	run1
dc1aaac0b33553d8c897d4150955d803<::>6	Q0	189989-0-689	9	0.111111	run1
dc1aaac0b33553d8c897d4150955d803<::>6	Q0	519129-0-2259	10	0.100000	run1
dc1aaac0b33553d8c897d4150955d803<::>7	Q0	49285-0-466	1	1.000000	run1
dc1aaac0b33553d8c897d4150955d803<::>7	Q0	146632-0-2180	2	0.500000	run1
dc1aaac0b33553d8c897d4150955d803<::>7	Q0	522658-0-582	3	0.333333	run1
dc1aaac0b33553d8c897d4150955d803<::>7	Q0	176717-0-1743	4	0.250000	run1
dc1aaac0b33553d8c897d4150955d803<::>7	Q0	14967-0-496	5	0.200000	run1
dc1aaac0b33553d8c897d4150955d803<::>7	Q0	109316-0-322	6	0.166667	run1
dc1aaac0b33553d8c897d4150955d803<::>7	Q0	597401-0-473	7	0.142857	run1
dc1aaac0b33553d8c897d4150955d803<::>7	Q0	120447-0-600	8	0.125000	run1
dc1aaac0b33553d8c897d4150955d803<::>7	Q0	30417-0-367	9	0.111111	run1
dc1aaac0b33553d8c897d4150955d803<::>7	Q0	545146-0-510	10	0.100000	run1
a6eab3f851684c4ba01ae141ce590342<::>1	Q0	78632-0-574	1	1.000000	run1
a6eab3f851684c4ba01ae141ce590342<::>1	Q0	89351-0-202	2	0.500000	run1
a6eab3f851684c4ba01ae141ce590342<::>1	Q0	581642-0-201	3	0.333333	run1
a6eab3f851684c4ba01ae141ce590342<::>1	Q0	197478-0-210	4	0.250000	run1
a6eab3f851684c4ba01ae141ce590342<::>1	Q0	308048-0-417	5	0.200000	run1
a6eab3f851684c4ba01ae141ce590342<::>1	Q0	535340-0-2098	6	0.166667	run1
a6eab3f851684c4ba01ae141ce590342<::>1	Q0	504612-0-830	7	0.142857	run1
a6eab3f851684c4ba01ae141ce590342<::>1	Q0	57168-0-766	8	0.125000	run1
a6eab3f851684c4ba01ae141ce590342<::>1	Q0	577628-0-272	9	0.111111	run1
a6eab3f851684c4ba01ae141ce590342<::>1	Q0	273861-0-838	10	0.100000	run1
a6eab3f851684c4ba01ae141ce590342<::>2	Q0	136932-0-277	1	1.000000	run1
a6eab3f851684c4ba01ae141ce590342<::>2	Q0	506755-0-1746	2	0.500000	run1
a6eab3f851684c4ba01ae141ce590342<::>2	Q0	353926-0-571	3	0.333333	run1
a6eab3f851684c4ba01ae141ce590342<::>2	Q0	507107-0-381	4	0.250000	run1
a6eab3f851684c4ba01ae141ce590342<::>2	Q0	341960-0-660	5	0.200000	run1
a6eab3f851684c4ba01ae141ce590342<::>2	Q0	458231-0-233	6	0.166667	run1
a6eab3f851684c4ba01ae141ce590342<::>2	Q0	196833-0-510	7	0.142857	run1
a6eab3f851684c4ba01ae141ce590342<::>2	Q0	347186-0-1642	8	0.125000	run1
a6eab3f851684c4ba01ae141ce590342<::>2	Q0	367562-0-1347	9	0.111111	run1
a6eab3f851684c4ba01ae141ce590342<::>2	Q0	308048-0-417	10	0.100000	run1
a6eab3f851684c4ba01ae141ce590342<::>4	Q0	89351-0-202	1	1.000000	run1
a6eab3f851684c4ba01ae141ce590342<::>4	Q0	535340-0-2098	2	0.500000	run1
a6eab3f851684c4ba01ae141ce590342<::>4	Q0	268022-0-247	3	0.333333	run1
a6eab3f851684c4ba01ae141ce590342<::>4	Q0	504612-0-830	4	0.250000	run1
a6eab3f851684c4ba01ae141ce590342<::>4	Q0	179073-0-2073	5	0.200000	run1
a6eab3f851684c4ba01ae141ce590342<::>4	Q0	163359-0-940	6	0.166667	run1
a6eab3f851684c4ba01ae141ce590342<::>4	Q0	197478-0-210	7	0.142857	run1
a6eab3f851684c4ba01ae141ce590342<::>4	Q0	300331-0-984	8	0.125000	run1
a6eab3f851684c4ba01ae141ce590342<::>4	Q0	36272-0-873	9	0.111111	run1
a6eab3f851684c4ba01ae141ce590342<::>4	Q0	273861-0-838	10	0.100000	run1
9c52934a9aea1c3647d4b558d8afdf1c<::>1	Q0	466835-1840-3964	1	1.000000	run1
9c52934a9aea1c3647d4b558d8afdf1c<::>1	Q0	269656-0-355	2	0.500000	run1
9c52934a9aea1c3647d4b558d8afdf1c<::>1	Q0	295738-0-1574	3	0.333333	run1
9c52934a9aea1c3647d4b558d8afdf1c<::>1	Q0	72536-0-898	4	0.250000	run1
9c52934a9aea1c3647d4b558d8afdf1c<::>1	Q0	115042-0-815	5	0.200000	run1
9c52934a9aea1c3647d4b558d8afdf1c<::>1	Q0	204847-0-425	6	0.166667	run1
9c52934a9aea1c3647d4b558d8afdf1c<::>1	Q0	466835-0-2333	7	0.142857	run1
9c52934a9aea1c3647d4b558d8afdf1c<::>1	Q0	9938-0-415	8	0.125000	run1
9c52934a9aea1c3647d4b558d8afdf1c<::>1	Q0	326129-0-566	9	0.111111	run1
9c52934a9aea1c3647d4b558d8afdf1c<::>1	Q0	347946-1660-3835	10	0.100000	run1
9c52934a9aea1c3647d4b558d8afdf1c<::>2	Q0	576625-0-1248	1	1.000000	run1
9c52934a9aea1c3647d4b558d8afdf1c<::>2	Q0	585887-0-872	2	0.500000	run1
9c52934a9aea1c3647d4b558d8afdf1c<::>2	Q0	388575-0-961	3	0.333333	run1
9c52934a9aea1c3647d4b558d8afdf1c<::>2	Q0	157234-3156-5169	4	0.250000	run1
9c52934a9aea1c3647d4b558d8afdf1c<::>2	Q0	28254-0-1473	5	0.200000	run1
9c52934a9aea1c3647d4b558d8afdf1c<::>2	Q0	370976-0-1146	6	0.166667	run1
9c52934a9aea1c3647d4b558d8afdf1c<::>2	Q0	157234-0-2043	7	0.142857	run1
9c52934a9aea1c3647d4b558d8afdf1c<::>2	Q0	106249-1515-2225	8	0.125000	run1
9c52934a9aea1c3647d4b558d8afdf1c<::>2	Q0	265507-0-6	9	0.111111	run1
9c52934a9aea1c3647d4b558d8afdf1c<::>2	Q0	494915-0-347	10	0.100000	run1
9c52934a9aea1c3647d4b558d8afdf1c<::>3	Q0	403679-0-392	1	1.000000	run1
9c52934a9aea1c3647d4b558d8afdf1c<::>3	Q0	138289-0-466	2	0.500000	run1
9c52934a9aea1c3647d4b558d8afdf1c<::>3	Q0	435919-0-314	3	0.333333	run1
9c52934a9aea1c3647d4b558d8afdf1c<::>3	Q0	270420-0-400	4	0.250000	run1
9c52934a9aea1c3647d4b558d8afdf1c<::>3	Q0	10717-0-591	5	0.200000	run1
9c52934a9aea1c3647d4b558d8afdf1c<::>3	Q0	212036-0-667	6	0.166667	run1
9c52934a9aea1c3647d4b558d8afdf1c<::>3	Q0	219437-0-273	7	0.142857	run1
9c52934a9aea1c3647d4b558d8afdf1c<::>3	Q0	64899-0-269	8	0.125000	run1
9c52934a9aea1c3647d4b558d8afdf1c<::>3	Q0	315666-0-270	9	0.111111	run1
9c52934a9aea1c3647d4b558d8afdf1c<::>3	Q0	35810-0-2171	10	0.100000	run1
9c52934a9aea1c3647d4b558d8afdf1c<::>4	Q0	542845-0-232	1	1.000000	run1
9c52934a9aea1c3647d4b558d8afdf1c<::>4	Q0	381617-0-544	2	0.500000	run1
9c52934a9aea1c3647d4b558d8afdf1c<::>4	Q0	56238-0-404	3	0.333333	run1
9c52934a9aea1c3647d4b558d8afdf1c<::>4	Q0	146679-0-1213	4	0.250000	run1
9c52934a9aea1c3647d4b558d8afdf1c<::>4	Q0	98534-0-362	5	0.200000	run1
9c52934a9aea1c3647d4b558d8afdf1c<::>4	Q0	544148-0-533	6	0.166667	run1
9c52934a9aea1c3647d4b558d8afdf1c<::>4	Q0	351942-0-427	7	0.142857	run1
9c52934a9aea1c3647d4b558d8afdf1c<::>4	Q0	412772-0-588	8	0.125000	run1
9c52934a9aea1c3647d4b558d8afdf1c<::>4	Q0	307009-0-1655	9	0.111111	run1
9c52934a9aea1c3647d4b558d8afdf1c<::>4	Q0	390548-0-235	10	0.100000	run1
9c52934a9aea1c3647d4b558d8afdf1c<::>5	Q0	318347-0-572	1	1.000000	run1
9c52934a9aea1c3647d4b558d8afdf1c<::>5	Q0	234506-0-1144	2	0.500000	run1
9c52934a9aea1c3647d4b558d8afdf1c<::>5	Q0	542845-0-232	3	0.333333	run1
9c52934a9aea1c3647d4b558d8afdf1c<::>5	Q0	232388-0-687	4	0.250000	run1
9c52934a9aea1c3647d4b558d8afdf1c<::>5	Q0	501384-0-807	5	0.200000	run1
9c52934a9aea1c3647d4b558d8afdf1c<::>5	Q0	425435-0-1030	6	0.166667	run1
9c52934a9aea1c3647d4b558d8afdf1c<::>5	Q0	325566-1496-2568	7	0.142857	run1
9c52934a9aea1c3647d4b558d8afdf1c<::>5	Q0	275249-1671-2849	8	0.125000	run1
9c52934a9aea1c3647d4b558d8afdf1c<::>5	Q0	369346-0-274	9	0.111111	run1
9c52934a9aea1c3647d4b558d8afdf1c<::>5	Q0	115042-0-815	10	0.100000	run1
9c52934a9aea1c3647d4b558d8afdf1c<::>6	Q0	149291-0-353	1	1.000000	run1
9c52934a9aea1c3647d4b558d8afdf1c<::>6	Q0	553540-0-347	2	0.500000	run1
9c52934a9aea1c3647d4b558d8afdf1c<::>6	Q0	390922-0-1122	3	0.333333	run1
9c52934a9aea1c3647d4b558d8afdf1c<::>6	Q0	512803-0-991	4	0.250000	run1
9c52934a9aea1c3647d4b558d8afdf1c<::>6	Q0	30326-0-372	5	0.200000	run1
9c52934a9aea1c3647d4b558d8afdf1c<::>6	Q0	175768-0-513	6	0.166667	run1
9c52934a9aea1c3647d4b558d8afdf1c<::>6	Q0	553009-0-341	7	0.142857	run1
9c52934a9aea1c3647d4b558d8afdf1c<::>6	Q0	361890-0-349	8	0.125000	run1
9c52934a9aea1c3647d4b558d8afdf1c<::>6	Q0	350972-0-513	9	0.111111	run1
9c52934a9aea1c3647d4b558d8afdf1c<::>6	Q0	392124-0-804	10	0.100000	run1
9c52934a9aea1c3647d4b558d8afdf1c<::>8	Q0	140163-0-446	1	1.000000	run1
9c52934a9aea1c3647d4b558d8afdf1c<::>8	Q0	44423-0-207	2	0.500000	run1
9c52934a9aea1c3647d4b558d8afdf1c<::>8	Q0	198895-0-2305	3	0.333333	run1
9c52934a9aea1c3647d4b558d8afdf1c<::>8	Q0	296776-0-379	4	0.250000	run1
9c52934a9aea1c3647d4b558d8afdf1c<::>8	Q0	583646-0-725	5	0.200000	run1
9c52934a9aea1c3647d4b558d8afdf1c<::>8	Q0	74369-0-468	6	0.166667	run1
9c52934a9aea1c3647d4b558d8afdf1c<::>8	Q0	457234-0-500	7	0.142857	run1
9c52934a9aea1c3647d4b558d8afdf1c<::>8	Q0	154154-0-834	8	0.125000	run1
9c52934a9aea1c3647d4b558d8afdf1c<::>8	Q0	254876-0-297	9	0.111111	run1
9c52934a9aea1c3647d4b558d8afdf1c<::>8	Q0	144685-0-186	10	0.100000	run1
9c52934a9aea1c3647d4b558d8afdf1c<::>9	Q0	325631-0-743	1	1.000000	run1
9c52934a9aea1c3647d4b558d8afdf1c<::>9	Q0	221591-0-248	2	0.500000	run1
9c52934a9aea1c3647d4b558d8afdf1c<::>9	Q0	202074-0-250	3	0.333333	run1
9c52934a9aea1c3647d4b558d8afdf1c<::>9	Q0	583646-0-725	4	0.250000	run1
9c52934a9aea1c3647d4b558d8afdf1c<::>9	Q0	352060-0-284	5	0.200000	run1
9c52934a9aea1c3647d4b558d8afdf1c<::>9	Q0	405996-0-483	6	0.166667	run1
9c52934a9aea1c3647d4b558d8afdf1c<::>9	Q0	273169-0-664	7	0.142857	run1
9c52934a9aea1c3647d4b558d8afdf1c<::>9	Q0	483961-0-355	8	0.125000	run1
9c52934a9aea1c3647d4b558d8afdf1c<::>9	Q0	483916-0-272	9	0.111111	run1
9c52934a9aea1c3647d4b558d8afdf1c<::>9	Q0	140163-0-446	10	0.100000	run1
ca6f0197d2c0c4d6e3be090c3f8bf30f<::>1	Q0	352027-0-665	1	1.000000	run1
ca6f0197d2c0c4d6e3be090c3f8bf30f<::>1	Q0	479050-0-1162	2	0.500000	run1
ca6f0197d2c0c4d6e3be090c3f8bf30f<::>1	Q0	194382-0-1241	3	0.333333	run1
ca6f0197d2c0c4d6e3be090c3f8bf30f<::>1	Q0	399863-0-195	4	0.250000	run1
ca6f0197d2c0c4d6e3be090c3f8bf30f<::>1	Q0	25190-0-1724	5	0.200000	run1
ca6f0197d2c0c4d6e3be090c3f8bf30f<::>1	Q0	376016-0-2081	6	0.166667	run1
ca6f0197d2c0c4d6e3be090c3f8bf30f<::>1	Q0	529123-0-921	7	0.142857	run1
ca6f0197d2c0c4d6e3be090c3f8bf30f<::>1	Q0	179891-0-897	8	0.125000	run1
ca6f0197d2c0c4d6e3be090c3f8bf30f<::>1	Q0	329137-0-608	9	0.111111	run1
ca6f0197d2c0c4d6e3be090c3f8bf30f<::>1	Q0	38786-0-1141	10	0.100000	run1
ca6f0197d2c0c4d6e3be090c3f8bf30f<::>2	Q0	293363-0-2112	1	1.000000	run1
ca6f0197d2c0c4d6e3be090c3f8bf30f<::>2	Q0	47979-0-751	2	0.500000	run1
ca6f0197d2c0c4d6e3be090c3f8bf30f<::>2	Q0	179181-0-231	3	0.333333	run1
ca6f0197d2c0c4d6e3be090c3f8bf30f<::>2	Q0	589308-0-664	4	0.250000	run1
ca6f0197d2c0c4d6e3be090c3f8bf30f<::>2	Q0	361448-0-831	5	0.200000	run1
ca6f0197d2c0c4d6e3be090c3f8bf30f<::>2	Q0	235135-0-674	6	0.166667	run1
ca6f0197d2c0c4d6e3be090c3f8bf30f<::>2	Q0	517874-0-405	7	0.142857	run1
ca6f0197d2c0c4d6e3be090c3f8bf30f<::>2	Q0	245729-0-656	8	0.125000	run1
ca6f0197d2c0c4d6e3be090c3f8bf30f<::>2	Q0	220168-0-756	9	0.111111	run1
ca6f0197d2c0c4d6e3be090c3f8bf30f<::>2	Q0	206267-0-1346	10	0.100000	run1
ca6f0197d2c0c4d6e3be090c3f8bf30f<::>3	Q0	54322-0-2320	1	1.000000	run1
ca6f0197d2c0c4d6e3be090c3f8bf30f<::>3	Q0	309864-0-352	2	0.500000	run1
ca6f0197d2c0c4d6e3be090c3f8bf30f<::>3	Q0	368484-0-831	3	0.333333	run1
ca6f0197d2c0c4d6e3be090c3f8bf30f<::>3	Q0	477656-0-696	4	0.250000	run1
ca6f0197d2c0c4d6e3be090c3f8bf30f<::>3	Q0	266358-0-459	5	0.200000	run1
ca6f0197d2c0c4d6e3be090c3f8bf30f<::>3	Q0	201125-0-251	6	0.166667	run1
ca6f0197d2c0c4d6e3be090c3f8bf30f<::>3	Q0	487154-0-484	7	0.142857	run1
ca6f0197d2c0c4d6e3be090c3f8bf30f<::>3	Q0	206267-0-1346	8	0.125000	run1
ca6f0197d2c0c4d6e3be090c3f8bf30f<::>3	Q0	500261-0-1840	9	0.111111	run1
ca6f0197d2c0c4d6e3be090c3f8bf30f<::>3	Q0	170481-0-2255	10	0.100000	run1
ca6f0197d2c0c4d6e3be090c3f8bf30f<::>4	Q0	54322-0-2320	1	1.000000	run1
ca6f0197d2c0c4d6e3be090c3f8bf30f<::>4	Q0	477656-0-696	2	0.500000	run1
ca6f0197d2c0c4d6e3be090c3f8bf30f<::>4	Q0	266358-0-459	3	0.333333	run1
ca6f0197d2c0c4d6e3be090c3f8bf30f<::>4	Q0	309864-0-352	4	0.250000	run1
ca6f0197d2c0c4d6e3be090c3f8bf30f<::>4	Q0	368484-0-831	5	0.200000	run1
ca6f0197d2c0c4d6e3be090c3f8bf30f<::>4	Q0	201125-0-251	6	0.166667	run1
ca6f0197d2c0c4d6e3be090c3f8bf30f<::>4	Q0	487154-0-484	7	0.142857	run1
ca6f0197d2c0c4d6e3be090c3f8bf30f<::>4	Q0	170481-0-2255	8	0.125000	run1
ca6f0197d2c0c4d6e3be090c3f8bf30f<::>4	Q0	510083-0-233	9	0.111111	run1
ca6f0197d2c0c4d6e3be090c3f8bf30f<::>4	Q0	282067-0-776	10	0.100000	run1
ca6f0197d2c0c4d6e3be090c3f8bf30f<::>5	Q0	368484-0-831	1	1.000000	run1
ca6f0197d2c0c4d6e3be090c3f8bf30f<::>5	Q0	201125-0-251	2	0.500000	run1
ca6f0197d2c0c4d6e3be090c3f8bf30f<::>5	Q0	2519-0-271	3	0.333333	run1
ca6f0197d2c0c4d6e3be090c3f8bf30f<::>5	Q0	54322-0-2320	4	0.250000	run1
ca6f0197d2c0c4d6e3be090c3f8bf30f<::>5	Q0	487154-0-484	5	0.200000	run1
ca6f0197d2c0c4d6e3be090c3f8bf30f<::>5	Q0	282067-0-776	6	0.166667	run1
ca6f0197d2c0c4d6e3be090c3f8bf30f<::>5	Q0	92245-0-724	7	0.142857	run1
ca6f0197d2c0c4d6e3be090c3f8bf30f<::>5	Q0	42611-0-676	8	0.125000	run1
ca6f0197d2c0c4d6e3be090c3f8bf30f<::>5	Q0	105140-0-231	9	0.111111	run1
ca6f0197d2c0c4d6e3be090c3f8bf30f<::>5	Q0	66963-0-1507	10	0.100000	run1
94d04f2cd47fee9a0aaa13fa3ae1de53<::>1	Q0	414940-0-474	1	1.000000	run1
94d04f2cd47fee9a0aaa13fa3ae1de53<::>1	Q0	178-0-1083	2	0.500000	run1
94d04f2cd47fee9a0aaa13fa3ae1de53<::>1	Q0	56894-0-883	3	0.333333	run1
94d04f2cd47fee9a0aaa13fa3ae1de53<::>1	Q0	471123-0-798	4	0.250000	run1
94d04f2cd47fee9a0aaa13fa3ae1de53<::>1	Q0	416727-0-1356	5	0.200000	run1
94d04f2cd47fee9a0aaa13fa3ae1de53<::>1	Q0	232932-0-938	6	0.166667	run1
94d04f2cd47fee9a0aaa13fa3ae1de53<::>1	Q0	106863-0-1103	7	0.142857	run1
94d04f2cd47fee9a0aaa13fa3ae1de53<::>1	Q0	343120-0-248	8	0.125000	run1
94d04f2cd47fee9a0aaa13fa3ae1de53<::>1	Q0	409995-0-406	9	0.111111	run1
94d04f2cd47fee9a0aaa13fa3ae1de53<::>1	Q0	315345-0-531	10	0.100000	run1
94d04f2cd47fee9a0aaa13fa3ae1de53<::>2	Q0	427850-0-24	1	1.000000	run1
94d04f2cd47fee9a0aaa13fa3ae1de53<::>2	Q0	263518-0-273	2	0.500000	run1
94d04f2cd47fee9a0aaa13fa3ae1de53<::>2	Q0	417751-0-49	3	0.333333	run1
94d04f2cd47fee9a0aaa13fa3ae1de53<::>2	Q0	234436-0-900	4	0.250000	run1
94d04f2cd47fee9a0aaa13fa3ae1de53<::>2	Q0	468485-0-574	5	0.200000	run1
94d04f2cd47fee9a0aaa13fa3ae1de53<::>2	Q0	346018-0-402	6	0.166667	run1
94d04f2cd47fee9a0aaa13fa3ae1de53<::>2	Q0	195950-0-861	7	0.142857	run1
94d04f2cd47fee9a0aaa13fa3ae1de53<::>2	Q0	590614-0-163	8	0.125000	run1
94d04f2cd47fee9a0aaa13fa3ae1de53<::>2	Q0	340857-0-1054	9	0.111111	run1
94d04f2cd47fee9a0aaa13fa3ae1de53<::>2	Q0	366561-0-1015	10	0.100000	run1
94d04f2cd47fee9a0aaa13fa3ae1de53<::>3	Q0	241135-0-1344	1	1.000000	run1
94d04f2cd47fee9a0aaa13fa3ae1de53<::>3	Q0	134938-0-1145	2	0.500000	run1
94d04f2cd47fee9a0aaa13fa3ae1de53<::>3	Q0	350357-3113-3889	3	0.333333	run1
94d04f2cd47fee9a0aaa13fa3ae1de53<::>3	Q0	72846-0-465	4	0.250000	run1
94d04f2cd47fee9a0aaa13fa3ae1de53<::>3	Q0	288977-0-330	5	0.200000	run1
94d04f2cd47fee9a0aaa13fa3ae1de53<::>3	Q0	158923-0-626	6	0.166667	run1
94d04f2cd47fee9a0aaa13fa3ae1de53<::>3	Q0	83734-0-2002	7	0.142857	run1
94d04f2cd47fee9a0aaa13fa3ae1de53<::>3	Q0	336017-0-671	8	0.125000	run1
94d04f2cd47fee9a0aaa13fa3ae1de53<::>3	Q0	293687-0-819	9	0.111111	run1
94d04f2cd47fee9a0aaa13fa3ae1de53<::>3	Q0	243280-0-287	10	0.100000	run1
94d04f2cd47fee9a0aaa13fa3ae1de53<::>4	Q0	301570-0-642	1	1.000000	run1
94d04f2cd47fee9a0aaa13fa3ae1de53<::>4	Q0	504243-0-1621	2	0.500000	run1
94d04f2cd47fee9a0aaa13fa3ae1de53<::>4	Q0	281675-0-879	3	0.333333	run1
94d04f2cd47fee9a0aaa13fa3ae1de53<::>4	Q0	139654-0-1249	4	0.250000	run1
94d04f2cd47fee9a0aaa13fa3ae1de53<::>4	Q0	193805-0-416	5	0.200000	run1
94d04f2cd47fee9a0aaa13fa3ae1de53<::>4	Q0	204541-0-275	6	0.166667	run1
94d04f2cd47fee9a0aaa13fa3ae1de53<::>4	Q0	207158-0-297	7	0.142857	run1
94d04f2cd47fee9a0aaa13fa3ae1de53<::>4	Q0	210268-0-370	8	0.125000	run1
94d04f2cd47fee9a0aaa13fa3ae1de53<::>4	Q0	49983-0-1206	9	0.111111	run1
94d04f2cd47fee9a0aaa13fa3ae1de53<::>4	Q0	98947-0-486	10	0.100000	run1
94d04f2cd47fee9a0aaa13fa3ae1de53<::>5	Q0	256717-0-1047	1	1.000000	run1
94d04f2cd47fee9a0aaa13fa3ae1de53<::>5	Q0	427850-0-24	2	0.500000	run1
94d04f2cd47fee9a0aaa13fa3ae1de53<::>5	Q0	417841-0-347	3	0.333333	run1
94d04f2cd47fee9a0aaa13fa3ae1de53<::>5	Q0	417751-0-49	4	0.250000	run1
94d04f2cd47fee9a0aaa13fa3ae1de53<::>5	Q0	341011-0-345	5	0.200000	run1
94d04f2cd47fee9a0aaa13fa3ae1de53<::>5	Q0	168796-0-2103	6	0.166667	run1
94d04f2cd47fee9a0aaa13fa3ae1de53<::>5	Q0	9355-0-590	7	0.142857	run1
94d04f2cd47fee9a0aaa13fa3ae1de53<::>5	Q0	39345-0-142	8	0.125000	run1
94d04f2cd47fee9a0aaa13fa3ae1de53<::>5	Q0	234436-0-900	9	0.111111	run1
94d04f2cd47fee9a0aaa13fa3ae1de53<::>5	Q0	24385-0-869	10	0.100000	run1
94d04f2cd47fee9a0aaa13fa3ae1de53<::>6	Q0	113481-0-1105	1	1.000000	run1
94d04f2cd47fee9a0aaa13fa3ae1de53<::>6	Q0	429455-0-787	2	0.500000	run1
94d04f2cd47fee9a0aaa13fa3ae1de53<::>6	Q0	275512-0-690	3	0.333333	run1
94d04f2cd47fee9a0aaa13fa3ae1de53<::>6	Q0	192963-0-516	4	0.250000	run1
94d04f2cd47fee9a0aaa13fa3ae1de53<::>6	Q0	89233-0-2097	5	0.200000	run1
94d04f2cd47fee9a0aaa13fa3ae1de53<::>6	Q0	539881-1662-3585	6	0.166667	run1
94d04f2cd47fee9a0aaa13fa3ae1de53<::>6	Q0	531288-0-1086	7	0.142857	run1
94d04f2cd47fee9a0aaa13fa3ae1de53<::>6	Q0	77771-0-482	8	0.125000	run1
94d04f2cd47fee9a0aaa13fa3ae1de53<::>6	Q0	20190-0-305	9	0.111111	run1
94d04f2cd47fee9a0aaa13fa3ae1de53<::>6	Q0	552363-0-360	10	0.100000	run1
94d04f2cd47fee9a0aaa13fa3ae1de53<::>7	Q0	479294-0-564	1	1.000000	run1
94d04f2cd47fee9a0aaa13fa3ae1de53<::>7	Q0	39345-0-142	2	0.500000	run1
94d04f2cd47fee9a0aaa13fa3ae1de53<::>7	Q0	365092-0-907	3	0.333333	run1
94d04f2cd47fee9a0aaa13fa3ae1de53<::>7	Q0	534870-0-2073	4	0.250000	run1
94d04f2cd47fee9a0aaa13fa3ae1de53<::>7	Q0	48569-0-1414	5	0.200000	run1
94d04f2cd47fee9a0aaa13fa3ae1de53<::>7	Q0	18675-0-337	6	0.166667	run1
94d04f2cd47fee9a0aaa13fa3ae1de53<::>7	Q0	442123-0-360	7	0.142857	run1
94d04f2cd47fee9a0aaa13fa3ae1de53<::>7	Q0	217837-0-391	8	0.125000	run1
94d04f2cd47fee9a0aaa13fa3ae1de53<::>7	Q0	58939-0-277	9	0.111111	run1
94d04f2cd47fee9a0aaa13fa3ae1de53<::>7	Q0	69487-0-317	10	0.100000	run1
94d04f2cd47fee9a0aaa13fa3ae1de53<::>8	Q0	588666-0-771	1	1.000000	run1
94d04f2cd47fee9a0aaa13fa3ae1de53<::>8	Q0	256717-0-1047	2	0.500000	run1
94d04f2cd47fee9a0aaa13fa3ae1de53<::>8	Q0	427850-0-24	3	0.333333	run1
94d04f2cd47fee9a0aaa13fa3ae1de53<::>8	Q0	234436-0-900	4	0.250000	run1
94d04f2cd47fee9a0aaa13fa3ae1de53<::>8	Q0	214173-1495-3613	5	0.200000	run1
94d04f2cd47fee9a0aaa13fa3ae1de53<::>8	Q0	524788-0-2300	6	0.166667	run1
94d04f2cd47fee9a0aaa13fa3ae1de53<::>8	Q0	525905-0-263	7	0.142857	run1
94d04f2cd47fee9a0aaa13fa3ae1de53<::>8	Q0	68417-0-362	8	0.125000	run1
94d04f2cd47fee9a0aaa13fa3ae1de53<::>8	Q0	236415-0-396	9	0.111111	run1
94d04f2cd47fee9a0aaa13fa3ae1de53<::>8	Q0	23569-0-399	10	0.100000	run1
7cb06b3f8068674fce61a11e9777f708<::>1	Q0	142876-0-432	1	1.000000	run1
7cb06b3f8068674fce61a11e9777f708<::>1	Q0	57211-1141-2769	2	0.500000	run1
7cb06b3f8068674fce61a11e9777f708<::>1	Q0	205196-0-1886	3	0.333333	run1
7cb06b3f8068674fce61a11e9777f708<::>1	Q0	473712-0-857	4	0.250000	run1
7cb06b3f8068674fce61a11e9777f708<::>1	Q0	345697-1569-3549	5	0.200000	run1
7cb06b3f8068674fce61a11e9777f708<::>1	Q0	345697-0-2001	6	0.166667	run1
7cb06b3f8068674fce61a11e9777f708<::>1	Q0	372993-0-1458	7	0.142857	run1
7cb06b3f8068674fce61a11e9777f708<::>1	Q0	57211-0-1852	8	0.125000	run1
7cb06b3f8068674fce61a11e9777f708<::>1	Q0	369075-0-653	9	0.111111	run1
7cb06b3f8068674fce61a11e9777f708<::>1	Q0	44632-0-757	10	0.100000	run1
7cb06b3f8068674fce61a11e9777f708<::>2	Q0	57211-1141-2769	1	1.000000	run1
7cb06b3f8068674fce61a11e9777f708<::>2	Q0	345697-0-2001	2	0.500000	run1
7cb06b3f8068674fce61a11e9777f708<::>2	Q0	473712-0-857	3	0.333333	run1
7cb06b3f8068674fce61a11e9777f708<::>2	Q0	18257-0-1145	4	0.250000	run1
7cb06b3f8068674fce61a11e9777f708<::>2	Q0	57211-0-1852	5	0.200000	run1
7cb06b3f8068674fce61a11e9777f708<::>2	Q0	447983-0-881	6	0.166667	run1
7cb06b3f8068674fce61a11e9777f708<::>2	Q0	594964-0-200	7	0.142857	run1
7cb06b3f8068674fce61a11e9777f708<::>2	Q0	142876-0-432	8	0.125000	run1
7cb06b3f8068674fce61a11e9777f708<::>2	Q0	176830-0-1135	9	0.111111	run1
7cb06b3f8068674fce61a11e9777f708<::>2	Q0	288701-0-2087	10	0.100000	run1
7cb06b3f8068674fce61a11e9777f708<::>3	Q0	57211-1141-2769	1	1.000000	run1
7cb06b3f8068674fce61a11e9777f708<::>3	Q0	447983-0-881	2	0.500000	run1
7cb06b3f8068674fce61a11e9777f708<::>3	Q0	473712-0-857	3	0.333333	run1
7cb06b3f8068674fce61a11e9777f708<::>3	Q0	361646-0-1325	4	0.250000	run1
7cb06b3f8068674fce61a11e9777f708<::>3	Q0	18257-0-1145	5	0.200000	run1
7cb06b3f8068674fce61a11e9777f708<::>3	Q0	24864-0-1392	6	0.166667	run1
7cb06b3f8068674fce61a11e9777f708<::>3	Q0	205196-0-1886	7	0.142857	run1
7cb06b3f8068674fce61a11e9777f708<::>3	Q0	288701-0-2087	8	0.125000	run1
7cb06b3f8068674fce61a11e9777f708<::>3	Q0	57211-0-1852	9	0.111111	run1
7cb06b3f8068674fce61a11e9777f708<::>3	Q0	6068-0-154	10	0.100000	run1
7cb06b3f8068674fce61a11e9777f708<::>4	Q0	369075-0-653	1	1.000000	run1
7cb06b3f8068674fce61a11e9777f708<::>4	Q0	453263-0-2025	2	0.500000	run1
7cb06b3f8068674fce61a11e9777f708<::>4	Q0	18257-0-1145	3	0.333333	run1
7cb06b3f8068674fce61a11e9777f708<::>4	Q0	287693-0-821	4	0.250000	run1
7cb06b3f8068674fce61a11e9777f708<::>4	Q0	453263-1480-2488	5	0.200000	run1
7cb06b3f8068674fce61a11e9777f708<::>4	Q0	253697-0-186	6	0.166667	run1
7cb06b3f8068674fce61a11e9777f708<::>4	Q0	518681-0-834	7	0.142857	run1
7cb06b3f8068674fce61a11e9777f708<::>4	Q0	345697-0-2001	8	0.125000	run1
7cb06b3f8068674fce61a11e9777f708<::>4	Q0	403749-0-278	9	0.111111	run1
7cb06b3f8068674fce61a11e9777f708<::>4	Q0	305509-0-978	10	0.100000	run1
7cb06b3f8068674fce61a11e9777f708<::>5	Q0	132743-0-2056	1	1.000000	run1
7cb06b3f8068674fce61a11e9777f708<::>5	Q0	132743-1592-3498	2	0.500000	run1
7cb06b3f8068674fce61a11e9777f708<::>5	Q0	132743-5334-7217	3	0.333333	run1
7cb06b3f8068674fce61a11e9777f708<::>5	Q0	453428-0-969	4	0.250000	run1
7cb06b3f8068674fce61a11e9777f708<::>5	Q0	132743-2761-4443	5	0.200000	run1
7cb06b3f8068674fce61a11e9777f708<::>5	Q0	500261-0-1840	6	0.166667	run1
7cb06b3f8068674fce61a11e9777f708<::>5	Q0	301480-0-425	7	0.142857	run1
7cb06b3f8068674fce61a11e9777f708<::>5	Q0	201125-0-251	8	0.125000	run1
7cb06b3f8068674fce61a11e9777f708<::>5	Q0	301980-0-109	9	0.111111	run1
7cb06b3f8068674fce61a11e9777f708<::>5	Q0	51755-0-414	10	0.100000	run1
7cb06b3f8068674fce61a11e9777f708<::>6	Q0	401267-0-1006	1	1.000000	run1
7cb06b3f8068674fce61a11e9777f708<::>6	Q0	54322-0-2320	2	0.500000	run1
7cb06b3f8068674fce61a11e9777f708<::>6	Q0	241783-0-594	3	0.333333	run1
7cb06b3f8068674fce61a11e9777f708<::>6	Q0	504989-0-1626	4	0.250000	run1
7cb06b3f8068674fce61a11e9777f708<::>6	Q0	224373-0-494	5	0.200000	run1
7cb06b3f8068674fce61a11e9777f708<::>6	Q0	555101-0-249	6	0.166667	run1
7cb06b3f8068674fce61a11e9777f708<::>6	Q0	150167-0-309	7	0.142857	run1
7cb06b3f8068674fce61a11e9777f708<::>6	Q0	408763-0-405	8	0.125000	run1
7cb06b3f8068674fce61a11e9777f708<::>6	Q0	477613-0-445	9	0.111111	run1
7cb06b3f8068674fce61a11e9777f708<::>6	Q0	363691-0-758	10	0.100000	run1
7cb06b3f8068674fce61a11e9777f708<::>7	Q0	235135-0-674	1	1.000000	run1
7cb06b3f8068674fce61a11e9777f708<::>7	Q0	526477-0-1030	2	0.500000	run1
7cb06b3f8068674fce61a11e9777f708<::>7	Q0	139765-0-1012	3	0.333333	run1
7cb06b3f8068674fce61a11e9777f708<::>7	Q0	17766-0-170	4	0.250000	run1
7cb06b3f8068674fce61a11e9777f708<::>7	Q0	326094-0-2090	5	0.200000	run1
7cb06b3f8068674fce61a11e9777f708<::>7	Q0	4412-0-1165	6	0.166667	run1
7cb06b3f8068674fce61a11e9777f708<::>7	Q0	322046-0-428	7	0.142857	run1
7cb06b3f8068674fce61a11e9777f708<::>7	Q0	187633-0-1100	8	0.125000	run1
7cb06b3f8068674fce61a11e9777f708<::>7	Q0	580818-0-590	9	0.111111	run1
7cb06b3f8068674fce61a11e9777f708<::>7	Q0	192641-0-2198	10	0.100000	run1
4fb9958d3e2694c9076e696f5ac9628e<::>1	Q0	354716-0-2119	1	1.000000	run1
4fb9958d3e2694c9076e696f5ac9628e<::>1	Q0	245447-0-2055	2	0.500000	run1
4fb9958d3e2694c9076e696f5ac9628e<::>1	Q0	274721-0-608	3	0.333333	run1
4fb9958d3e2694c9076e696f5ac9628e<::>1	Q0	425352-0-269	4	0.250000	run1
4fb9958d3e2694c9076e696f5ac9628e<::>1	Q0	245447-1556-3496	5	0.200000	run1
4fb9958d3e2694c9076e696f5ac9628e<::>1	Q0	498775-0-364	6	0.166667	run1
4fb9958d3e2694c9076e696f5ac9628e<::>1	Q0	378484-0-463	7	0.142857	run1
4fb9958d3e2694c9076e696f5ac9628e<::>1	Q0	545795-0-418	8	0.125000	run1
4fb9958d3e2694c9076e696f5ac9628e<::>1	Q0	201546-0-1130	9	0.111111	run1
4fb9958d3e2694c9076e696f5ac9628e<::>1	Q0	476980-0-275	10	0.100000	run1
4fb9958d3e2694c9076e696f5ac9628e<::>2	Q0	354716-0-2119	1	1.000000	run1
4fb9958d3e2694c9076e696f5ac9628e<::>2	Q0	245447-0-2055	2	0.500000	run1
4fb9958d3e2694c9076e696f5ac9628e<::>2	Q0	274721-0-608	3	0.333333	run1
4fb9958d3e2694c9076e696f5ac9628e<::>2	Q0	201546-0-1130	4	0.250000	run1
4fb9958d3e2694c9076e696f5ac9628e<::>2	Q0	233751-0-728	5	0.200000	run1
4fb9958d3e2694c9076e696f5ac9628e<::>2	Q0	292748-0-1626	6	0.166667	run1
4fb9958d3e2694c9076e696f5ac9628e<::>2	Q0	195207-0-853	7	0.142857	run1
4fb9958d3e2694c9076e696f5ac9628e<::>2	Q0	112793-0-403	8	0.125000	run1
4fb9958d3e2694c9076e696f5ac9628e<::>2	Q0	189642-0-403	9	0.111111	run1
4fb9958d3e2694c9076e696f5ac9628e<::>2	Q0	245447-1556-3496	10	0.100000	run1
4fb9958d3e2694c9076e696f5ac9628e<::>3	Q0	354716-0-2119	1	1.000000	run1
4fb9958d3e2694c9076e696f5ac9628e<::>3	Q0	245447-0-2055	2	0.500000	run1
4fb9958d3e2694c9076e696f5ac9628e<::>3	Q0	274721-0-608	3	0.333333	run1
4fb9958d3e2694c9076e696f5ac9628e<::>3	Q0	141738-0-2031	4	0.250000	run1
4fb9958d3e2694c9076e696f5ac9628e<::>3	Q0	245447-1556-3496	5	0.200000	run1
4fb9958d3e2694c9076e696f5ac9628e<::>3	Q0	421366-0-739	6	0.166667	run1
4fb9958d3e2694c9076e696f5ac9628e<::>3	Q0	152449-0-1932	7	0.142857	run1
4fb9958d3e2694c9076e696f5ac9628e<::>3	Q0	92144-0-1835	8	0.125000	run1
4fb9958d3e2694c9076e696f5ac9628e<::>3	Q0	536849-0-2111	9	0.111111	run1
4fb9958d3e2694c9076e696f5ac9628e<::>3	Q0	26695-0-1221	10	0.100000	run1
4fb9958d3e2694c9076e696f5ac9628e<::>4	Q0	346018-0-402	1	1.000000	run1
4fb9958d3e2694c9076e696f5ac9628e<::>4	Q0	295828-0-831	2	0.500000	run1
4fb9958d3e2694c9076e696f5ac9628e<::>4	Q0	597446-0-337	3	0.333333	run1
4fb9958d3e2694c9076e696f5ac9628e<::>4	Q0	366561-0-1015	4	0.250000	run1
4fb9958d3e2694c9076e696f5ac9628e<::>4	Q0	203820-0-542	5	0.200000	run1
4fb9958d3e2694c9076e696f5ac9628e<::>4	Q0	348480-0-847	6	0.166667	run1
4fb9958d3e2694c9076e696f5ac9628e<::>4	Q0	200023-0-291	7	0.142857	run1
4fb9958d3e2694c9076e696f5ac9628e<::>4	Q0	130598-0-345	8	0.125000	run1
4fb9958d3e2694c9076e696f5ac9628e<::>4	Q0	270420-0-400	9	0.111111	run1
4fb9958d3e2694c9076e696f5ac9628e<::>4	Q0	120490-0-466	10	0.100000	run1
4fb9958d3e2694c9076e696f5ac9628e<::>5	Q0	354716-0-2119	1	1.000000	run1
4fb9958d3e2694c9076e696f5ac9628e<::>5	Q0	245447-0-2055	2	0.500000	run1
4fb9958d3e2694c9076e696f5ac9628e<::>5	Q0	274721-0-608	3	0.333333	run1
4fb9958d3e2694c9076e696f5ac9628e<::>5	Q0	195207-0-853	4	0.250000	run1
4fb9958d3e2694c9076e696f5ac9628e<::>5	Q0	233751-0-728	5	0.200000	run1
4fb9958d3e2694c9076e696f5ac9628e<::>5	Q0	468959-0-629	6	0.166667	run1
4fb9958d3e2694c9076e696f5ac9628e<::>5	Q0	130631-0-2265	7	0.142857	run1
4fb9958d3e2694c9076e696f5ac9628e<::>5	Q0	381151-0-657	8	0.125000	run1
4fb9958d3e2694c9076e696f5ac9628e<::>5	Q0	189642-0-403	9	0.111111	run1
4fb9958d3e2694c9076e696f5ac9628e<::>5	Q0	562777-0-858	10	0.100000	run1
4fb9958d3e2694c9076e696f5ac9628e<::>6	Q0	77088-1371-2250	1	1.000000	run1
4fb9958d3e2694c9076e696f5ac9628e<::>6	Q0	143728-0-1472	2	0.500000	run1
4fb9958d3e2694c9076e696f5ac9628e<::>6	Q0	587986-0-367	3	0.333333	run1
4fb9958d3e2694c9076e696f5ac9628e<::>6	Q0	384192-0-455	4	0.250000	run1
4fb9958d3e2694c9076e696f5ac9628e<::>6	Q0	393152-0-755	5	0.200000	run1
4fb9958d3e2694c9076e696f5ac9628e<::>6	Q0	282291-0-259	6	0.166667	run1
4fb9958d3e2694c9076e696f5ac9628e<::>6	Q0	397963-0-1230	7	0.142857	run1
4fb9958d3e2694c9076e696f5ac9628e<::>6	Q0	403848-0-381	8	0.125000	run1
4fb9958d3e2694c9076e696f5ac9628e<::>6	Q0	503419-0-1021	9	0.111111	run1
4fb9958d3e2694c9076e696f5ac9628e<::>6	Q0	404726-0-1611	10	0.100000	run1
4fb9958d3e2694c9076e696f5ac9628e<::>7	Q0	442324-0-672	1	1.000000	run1
4fb9958d3e2694c9076e696f5ac9628e<::>7	Q0	161323-0-627	2	0.500000	run1
4fb9958d3e2694c9076e696f5ac9628e<::>7	Q0	524254-0-442	3	0.333333	run1
4fb9958d3e2694c9076e696f5ac9628e<::>7	Q0	11538-0-458	4	0.250000	run1
4fb9958d3e2694c9076e696f5ac9628e<::>7	Q0	209649-0-1981	5	0.200000	run1
4fb9958d3e2694c9076e696f5ac9628e<::>7	Q0	332009-0-275	6	0.166667	run1
4fb9958d3e2694c9076e696f5ac9628e<::>7	Q0	206879-0-82	7	0.142857	run1
4fb9958d3e2694c9076e696f5ac9628e<::>7	Q0	446078-0-248	8	0.125000	run1
4fb9958d3e2694c9076e696f5ac9628e<::>7	Q0	285524-0-556	9	0.111111	run1
4fb9958d3e2694c9076e696f5ac9628e<::>7	Q0	15530-0-519	10	0.100000	run1
d4d8edb3e0c456d11033b14b28e99470<::>1	Q0	301192-0-451	1	1.000000	run1
d4d8edb3e0c456d11033b14b28e99470<::>1	Q0	373554-0-570	2	0.500000	run1
d4d8edb3e0c456d11033b14b28e99470<::>1	Q0	14083-0-1198	3	0.333333	run1
d4d8edb3e0c456d11033b14b28e99470<::>1	Q0	254454-0-972	4	0.250000	run1
d4d8edb3e0c456d11033b14b28e99470<::>1	Q0	502594-0-470	5	0.200000	run1
d4d8edb3e0c456d11033b14b28e99470<::>1	Q0	300554-0-1203	6	0.166667	run1
d4d8edb3e0c456d11033b14b28e99470<::>1	Q0	28060-0-1681	7	0.142857	run1
d4d8edb3e0c456d11033b14b28e99470<::>1	Q0	581697-1449-2242	8	0.125000	run1
d4d8edb3e0c456d11033b14b28e99470<::>1	Q0	180192-0-1588	9	0.111111	run1
d4d8edb3e0c456d11033b14b28e99470<::>1	Q0	187739-0-588	10	0.100000	run1
d4d8edb3e0c456d11033b14b28e99470<::>2	Q0	455033-0-500	1	1.000000	run1
d4d8edb3e0c456d11033b14b28e99470<::>2	Q0	20610-0-470	2	0.500000	run1
d4d8edb3e0c456d11033b14b28e99470<::>2	Q0	344206-0-2372	3	0.333333	run1
d4d8edb3e0c456d11033b14b28e99470<::>2	Q0	330223-0-154	4	0.250000	run1
d4d8edb3e0c456d11033b14b28e99470<::>2	Q0	93573-0-756	5	0.200000	run1
d4d8edb3e0c456d11033b14b28e99470<::>2	Q0	257483-3349-4170	6	0.166667	run1
d4d8edb3e0c456d11033b14b28e99470<::>2	Q0	32177-0-200	7	0.142857	run1
d4d8edb3e0c456d11033b14b28e99470<::>2	Q0	42806-0-172	8	0.125000	run1
d4d8edb3e0c456d11033b14b28e99470<::>2	Q0	377742-0-585	9	0.111111	run1
d4d8edb3e0c456d11033b14b28e99470<::>2	Q0	564206-0-349	10	0.100000	run1
d4d8edb3e0c456d11033b14b28e99470<::>3	Q0	441836-0-692	1	1.000000	run1
d4d8edb3e0c456d11033b14b28e99470<::>3	Q0	120837-0-905	2	0.500000	run1
d4d8edb3e0c456d11033b14b28e99470<::>3	Q0	257483-0-2181	3	0.333333	run1
d4d8edb3e0c456d11033b14b28e99470<::>3	Q0	30623-1548-4027	4	0.250000	run1
d4d8edb3e0c456d11033b14b28e99470<::>3	Q0	355605-0-2074	5	0.200000	run1
d4d8edb3e0c456d11033b14b28e99470<::>3	Q0	241070-0-726	6	0.166667	run1
d4d8edb3e0c456d11033b14b28e99470<::>3	Q0	179808-0-445	7	0.142857	run1
d4d8edb3e0c456d11033b14b28e99470<::>3	Q0	233892-0-1313	8	0.125000	run1
d4d8edb3e0c456d11033b14b28e99470<::>3	Q0	94710-0-78	9	0.111111	run1
d4d8edb3e0c456d11033b14b28e99470<::>3	Q0	471686-0-215	10	0.100000	run1
d4d8edb3e0c456d11033b14b28e99470<::>4	Q0	120837-0-905	1	1.000000	run1
d4d8edb3e0c456d11033b14b28e99470<::>4	Q0	300990-0-1858	2	0.500000	run1
d4d8edb3e0c456d11033b14b28e99470<::>4	Q0	257483-0-2181	3	0.333333	run1
d4d8edb3e0c456d11033b14b28e99470<::>4	Q0	274690-0-2103	4	0.250000	run1
d4d8edb3e0c456d11033b14b28e99470<::>4	Q0	553678-0-1233	5	0.200000	run1
d4d8edb3e0c456d11033b14b28e99470<::>4	Q0	317037-0-131	6	0.166667	run1
d4d8edb3e0c456d11033b14b28e99470<::>4	Q0	113822-0-1248	7	0.142857	run1
d4d8edb3e0c456d11033b14b28e99470<::>4	Q0	512827-0-253	8	0.125000	run1
d4d8edb3e0c456d11033b14b28e99470<::>4	Q0	123929-0-255	9	0.111111	run1
d4d8edb3e0c456d11033b14b28e99470<::>4	Q0	179808-0-445	10	0.100000	run1
d4d8edb3e0c456d11033b14b28e99470<::>5	Q0	464477-0-1175	1	1.000000	run1
d4d8edb3e0c456d11033b14b28e99470<::>5	Q0	330916-0-379	2	0.500000	run1
d4d8edb3e0c456d11033b14b28e99470<::>5	Q0	169026-0-1135	3	0.333333	run1
d4d8edb3e0c456d11033b14b28e99470<::>5	Q0	289982-0-555	4	0.250000	run1
d4d8edb3e0c456d11033b14b28e99470<::>5	Q0	115888-0-431	5	0.200000	run1
d4d8edb3e0c456d11033b14b28e99470<::>5	Q0	535307-0-1721	6	0.166667	run1
d4d8edb3e0c456d11033b14b28e99470<::>5	Q0	522041-0-229	7	0.142857	run1
d4d8edb3e0c456d11033b14b28e99470<::>5	Q0	390689-0-813	8	0.125000	run1
d4d8edb3e0c456d11033b14b28e99470<::>5	Q0	430911-0-243	9	0.111111	run1
d4d8edb3e0c456d11033b14b28e99470<::>5	Q0	245185-0-374	10	0.100000	run1
d4d8edb3e0c456d11033b14b28e99470<::>6	Q0	421652-0-1612	1	1.000000	run1
d4d8edb3e0c456d11033b14b28e99470<::>6	Q0	464477-0-1175	2	0.500000	run1
d4d8edb3e0c456d11033b14b28e99470<::>6	Q0	412731-0-1152	3	0.333333	run1
d4d8edb3e0c456d11033b14b28e99470<::>6	Q0	390689-0-813	4	0.250000	run1
d4d8edb3e0c456d11033b14b28e99470<::>6	Q0	442293-0-1165	5	0.200000	run1
d4d8edb3e0c456d11033b14b28e99470<::>6	Q0	245185-0-374	6	0.166667	run1
d4d8edb3e0c456d11033b14b28e99470<::>6	Q0	274690-1658-3346	7	0.142857	run1
d4d8edb3e0c456d11033b14b28e99470<::>6	Q0	143249-0-434	8	0.125000	run1
d4d8edb3e0c456d11033b14b28e99470<::>6	Q0	295246-0-766	9	0.111111	run1
d4d8edb3e0c456d11033b14b28e99470<::>6	Q0	184646-0-321	10	0.100000	run1
d4d8edb3e0c456d11033b14b28e99470<::>7	Q0	293624-0-1229	1	1.000000	run1
d4d8edb3e0c456d11033b14b28e99470<::>7	Q0	593708-0-39	2	0.500000	run1
d4d8edb3e0c456d11033b14b28e99470<::>7	Q0	275418-0-1177	3	0.333333	run1
d4d8edb3e0c456d11033b14b28e99470<::>7	Q0	519906-0-264	4	0.250000	run1
d4d8edb3e0c456d11033b14b28e99470<::>7	Q0	485620-0-766	5	0.200000	run1
d4d8edb3e0c456d11033b14b28e99470<::>7	Q0	152607-0-74	6	0.166667	run1
d4d8edb3e0c456d11033b14b28e99470<::>7	Q0	15330-0-907	7	0.142857	run1
d4d8edb3e0c456d11033b14b28e99470<::>7	Q0	267825-0-266	8	0.125000	run1
d4d8edb3e0c456d11033b14b28e99470<::>7	Q0	511563-0-521	9	0.111111	run1
d4d8edb3e0c456d11033b14b28e99470<::>7	Q0	189453-0-333	10	0.100000	run1
1c74814752c3f9d4ed0b99c16e1ed192<::>1	Q0	174787-0-488	1	1.000000	run1
1c74814752c3f9d4ed0b99c16e1ed192<::>1	Q0	365558-0-528	2	0.500000	run1
1c74814752c3f9d4ed0b99c16e1ed192<::>1	Q0	479718-0-195	3	0.333333	run1
1c74814752c3f9d4ed0b99c16e1ed192<::>1	Q0	127347-0-1094	4	0.250000	run1
1c74814752c3f9d4ed0b99c16e1ed192<::>1	Q0	312797-0-303	5	0.200000	run1
1c74814752c3f9d4ed0b99c16e1ed192<::>1	Q0	312369-0-1035	6	0.166667	run1
1c74814752c3f9d4ed0b99c16e1ed192<::>1	Q0	384541-0-2149	7	0.142857	run1
1c74814752c3f9d4ed0b99c16e1ed192<::>1	Q0	498284-0-566	8	0.125000	run1
1c74814752c3f9d4ed0b99c16e1ed192<::>1	Q0	259849-0-212	9	0.111111	run1
1c74814752c3f9d4ed0b99c16e1ed192<::>1	Q0	10663-0-764	10	0.100000	run1
1c74814752c3f9d4ed0b99c16e1ed192<::>2	Q0	245451-0-792	1	1.000000	run1
1c74814752c3f9d4ed0b99c16e1ed192<::>2	Q0	38249-0-1677	2	0.500000	run1
1c74814752c3f9d4ed0b99c16e1ed192<::>2	Q0	3173-0-237	3	0.333333	run1
1c74814752c3f9d4ed0b99c16e1ed192<::>2	Q0	242529-0-1662	4	0.250000	run1
1c74814752c3f9d4ed0b99c16e1ed192<::>2	Q0	149198-0-250	5	0.200000	run1
1c74814752c3f9d4ed0b99c16e1ed192<::>2	Q0	274228-0-374	6	0.166667	run1
1c74814752c3f9d4ed0b99c16e1ed192<::>2	Q0	479718-0-195	7	0.142857	run1
1c74814752c3f9d4ed0b99c16e1ed192<::>2	Q0	23431-0-403	8	0.125000	run1
1c74814752c3f9d4ed0b99c16e1ed192<::>2	Q0	470898-0-1766	9	0.111111	run1
1c74814752c3f9d4ed0b99c16e1ed192<::>2	Q0	524043-0-399	10	0.100000	run1
1c74814752c3f9d4ed0b99c16e1ed192<::>3	Q0	204187-0-408	1	1.000000	run1
1c74814752c3f9d4ed0b99c16e1ed192<::>3	Q0	580747-0-847	2	0.500000	run1
1c74814752c3f9d4ed0b99c16e1ed192<::>3	Q0	24706-0-861	3	0.333333	run1
1c74814752c3f9d4ed0b99c16e1ed192<::>3	Q0	3173-0-237	4	0.250000	run1
1c74814752c3f9d4ed0b99c16e1ed192<::>3	Q0	285301-0-2083	5	0.200000	run1
1c74814752c3f9d4ed0b99c16e1ed192<::>3	Q0	12010-0-591	6	0.166667	run1
1c74814752c3f9d4ed0b99c16e1ed192<::>3	Q0	478408-0-1122	7	0.142857	run1
1c74814752c3f9d4ed0b99c16e1ed192<::>3	Q0	361954-0-768	8	0.125000	run1
1c74814752c3f9d4ed0b99c16e1ed192<::>3	Q0	189879-0-1094	9	0.111111	run1
1c74814752c3f9d4ed0b99c16e1ed192<::>3	Q0	21910-0-835	10	0.100000	run1
1c74814752c3f9d4ed0b99c16e1ed192<::>4	Q0	414284-0-1098	1	1.000000	run1
1c74814752c3f9d4ed0b99c16e1ed192<::>4	Q0	148715-0-426	2	0.500000	run1
1c74814752c3f9d4ed0b99c16e1ed192<::>4	Q0	480282-0-1460	3	0.333333	run1
1c74814752c3f9d4ed0b99c16e1ed192<::>4	Q0	361954-0-768	4	0.250000	run1
1c74814752c3f9d4ed0b99c16e1ed192<::>4	Q0	218501-0-774	5	0.200000	run1
1c74814752c3f9d4ed0b99c16e1ed192<::>4	Q0	508667-0-188	6	0.166667	run1
1c74814752c3f9d4ed0b99c16e1ed192<::>4	Q0	528597-0-319	7	0.142857	run1
1c74814752c3f9d4ed0b99c16e1ed192<::>4	Q0	62281-0-691	8	0.125000	run1
1c74814752c3f9d4ed0b99c16e1ed192<::>4	Q0	439470-0-589	9	0.111111	run1
1c74814752c3f9d4ed0b99c16e1ed192<::>4	Q0	189879-0-1094	10	0.100000	run1
1c74814752c3f9d4ed0b99c16e1ed192<::>5	Q0	88214-0-1207	1	1.000000	run1
1c74814752c3f9d4ed0b99c16e1ed192<::>5	Q0	252843-0-1938	2	0.500000	run1
1c74814752c3f9d4ed0b99c16e1ed192<::>5	Q0	439470-0-589	3	0.333333	run1
1c74814752c3f9d4ed0b99c16e1ed192<::>5	Q0	547574-0-1481	4	0.250000	run1
1c74814752c3f9d4ed0b99c16e1ed192<::>5	Q0	136804-0-1849	5	0.200000	run1
1c74814752c3f9d4ed0b99c16e1ed192<::>5	Q0	240931-0-648	6	0.166667	run1
1c74814752c3f9d4ed0b99c16e1ed192<::>5	Q0	377335-0-761	7	0.142857	run1
1c74814752c3f9d4ed0b99c16e1ed192<::>5	Q0	300418-0-884	8	0.125000	run1
1c74814752c3f9d4ed0b99c16e1ed192<::>5	Q0	361482-0-942	9	0.111111	run1
1c74814752c3f9d4ed0b99c16e1ed192<::>5	Q0	179818-0-215	10	0.100000	run1
1c74814752c3f9d4ed0b99c16e1ed192<::>6	Q0	255101-0-2143	1	1.000000	run1
1c74814752c3f9d4ed0b99c16e1ed192<::>6	Q0	546857-0-359	2	0.500000	run1
1c74814752c3f9d4ed0b99c16e1ed192<::>6	Q0	471700-0-458	3	0.333333	run1
1c74814752c3f9d4ed0b99c16e1ed192<::>6	Q0	507871-0-639	4	0.250000	run1
1c74814752c3f9d4ed0b99c16e1ed192<::>6	Q0	152407-0-951	5	0.200000	run1
1c74814752c3f9d4ed0b99c16e1ed192<::>6	Q0	264554-0-873	6	0.166667	run1
1c74814752c3f9d4ed0b99c16e1ed192<::>6	Q0	184097-0-354	7	0.142857	run1
1c74814752c3f9d4ed0b99c16e1ed192<::>6	Q0	325906-0-787	8	0.125000	run1
1c74814752c3f9d4ed0b99c16e1ed192<::>6	Q0	123170-0-481	9	0.111111	run1
1c74814752c3f9d4ed0b99c16e1ed192<::>6	Q0	397059-0-916	10	0.100000	run1
1c74814752c3f9d4ed0b99c16e1ed192<::>7	Q0	144114-0-403	1	1.000000	run1
1c74814752c3f9d4ed0b99c16e1ed192<::>7	Q0	596537-0-162	2	0.500000	run1
1c74814752c3f9d4ed0b99c16e1ed192<::>7	Q0	125981-0-301	3	0.333333	run1
1c74814752c3f9d4ed0b99c16e1ed192<::>7	Q0	267904-0-911	4	0.250000	run1
1c74814752c3f9d4ed0b99c16e1ed192<::>7	Q0	9672-0-1564	5	0.200000	run1
1c74814752c3f9d4ed0b99c16e1ed192<::>7	Q0	521996-0-962	6	0.166667	run1
1c74814752c3f9d4ed0b99c16e1ed192<::>7	Q0	346498-0-1138	7	0.142857	run1
1c74814752c3f9d4ed0b99c16e1ed192<::>7	Q0	41357-0-954	8	0.125000	run1
1c74814752c3f9d4ed0b99c16e1ed192<::>7	Q0	133000-0-259	9	0.111111	run1
1c74814752c3f9d4ed0b99c16e1ed192<::>7	Q0	424247-0-2100	10	0.100000	run1
1c74814752c3f9d4ed0b99c16e1ed192<::>8	Q0	441632-0-459	1	1.000000	run1
1c74814752c3f9d4ed0b99c16e1ed192<::>8	Q0	407185-0-503	2	0.500000	run1
1c74814752c3f9d4ed0b99c16e1ed192<::>8	Q0	280530-0-1240	3	0.333333	run1
1c74814752c3f9d4ed0b99c16e1ed192<::>8	Q0	315105-0-1161	4	0.250000	run1
1c74814752c3f9d4ed0b99c16e1ed192<::>8	Q0	123027-0-914	5	0.200000	run1
1c74814752c3f9d4ed0b99c16e1ed192<::>8	Q0	152354-0-394	6	0.166667	run1
1c74814752c3f9d4ed0b99c16e1ed192<::>8	Q0	507892-0-1033	7	0.142857	run1
1c74814752c3f9d4ed0b99c16e1ed192<::>8	Q0	244561-0-1275	8	0.125000	run1
1c74814752c3f9d4ed0b99c16e1ed192<::>8	Q0	185047-0-1756	9	0.111111	run1
1c74814752c3f9d4ed0b99c16e1ed192<::>8	Q0	443354-0-393	10	0.100000	run1
1c74814752c3f9d4ed0b99c16e1ed192<::>9	Q0	106033-0-726	1	1.000000	run1
1c74814752c3f9d4ed0b99c16e1ed192<::>9	Q0	96255-0-840	2	0.500000	run1
1c74814752c3f9d4ed0b99c16e1ed192<::>9	Q0	311354-0-612	3	0.333333	run1
1c74814752c3f9d4ed0b99c16e1ed192<::>9	Q0	87632-0-486	4	0.250000	run1
1c74814752c3f9d4ed0b99c16e1ed192<::>9	Q0	109250-0-686	5	0.200000	run1
1c74814752c3f9d4ed0b99c16e1ed192<::>9	Q0	549180-0-695	6	0.166667	run1
1c74814752c3f9d4ed0b99c16e1ed192<::>9	Q0	537394-0-816	7	0.142857	run1
1c74814752c3f9d4ed0b99c16e1ed192<::>9	Q0	253207-0-320	8	0.125000	run1
1c74814752c3f9d4ed0b99c16e1ed192<::>9	Q0	587511-0-313	9	0.111111	run1
1c74814752c3f9d4ed0b99c16e1ed192<::>9	Q0	342050-0-1168	10	0.100000	run1
6af5334fbd010b919d7fa174823abd12<::>2	Q0	489479-0-1815	1	1.000000	run1
6af5334fbd010b919d7fa174823abd12<::>2	Q0	440063-0-975	2	0.500000	run1
6af5334fbd010b919d7fa174823abd12<::>2	Q0	501739-0-219	3	0.333333	run1
6af5334fbd010b919d7fa174823abd12<::>2	Q0	456463-0-896	4	0.250000	run1
6af5334fbd010b919d7fa174823abd12<::>2	Q0	230581-0-821	5	0.200000	run1
6af5334fbd010b919d7fa174823abd12<::>2	Q0	380037-0-336	6	0.166667	run1
6af5334fbd010b919d7fa174823abd12<::>2	Q0	60088-0-2085	7	0.142857	run1
6af5334fbd010b919d7fa174823abd12<::>2	Q0	39074-0-608	8	0.125000	run1
6af5334fbd010b919d7fa174823abd12<::>2	Q0	56794-0-2047	9	0.111111	run1
6af5334fbd010b919d7fa174823abd12<::>2	Q0	427110-0-507	10	0.100000	run1
6af5334fbd010b919d7fa174823abd12<::>3	Q0	27073-0-861	1	1.000000	run1
6af5334fbd010b919d7fa174823abd12<::>3	Q0	6339-0-1091	2	0.500000	run1
6af5334fbd010b919d7fa174823abd12<::>3	Q0	529456-0-772	3	0.333333	run1
6af5334fbd010b919d7fa174823abd12<::>3	Q0	234890-1339-2241	4	0.250000	run1
6af5334fbd010b919d7fa174823abd12<::>3	Q0	217478-0-647	5	0.200000	run1
6af5334fbd010b919d7fa174823abd12<::>3	Q0	254454-0-972	6	0.166667	run1
6af5334fbd010b919d7fa174823abd12<::>3	Q0	284153-0-741	7	0.142857	run1
6af5334fbd010b919d7fa174823abd12<::>3	Q0	107660-0-626	8	0.125000	run1
6af5334fbd010b919d7fa174823abd12<::>3	Q0	304971-0-1424	9	0.111111	run1
6af5334fbd010b919d7fa174823abd12<::>3	Q0	527327-0-221	10	0.100000	run1
6af5334fbd010b919d7fa174823abd12<::>4	Q0	545082-0-363	1	1.000000	run1
6af5334fbd010b919d7fa174823abd12<::>4	Q0	430637-0-1329	2	0.500000	run1
6af5334fbd010b919d7fa174823abd12<::>4	Q0	121145-0-288	3	0.333333	run1
6af5334fbd010b919d7fa174823abd12<::>4	Q0	371560-0-553	4	0.250000	run1
6af5334fbd010b919d7fa174823abd12<::>4	Q0	82157-0-330	5	0.200000	run1
6af5334fbd010b919d7fa174823abd12<::>4	Q0	527618-0-1036	6	0.166667	run1
6af5334fbd010b919d7fa174823abd12<::>4	Q0	485778-0-460	7	0.142857	run1
6af5334fbd010b919d7fa174823abd12<::>4	Q0	487010-0-899	8	0.125000	run1
6af5334fbd010b919d7fa174823abd12<::>4	Q0	573067-0-396	9	0.111111	run1
6af5334fbd010b919d7fa174823abd12<::>4	Q0	287857-0-709	10	0.100000	run1
6af5334fbd010b919d7fa174823abd12<::>5	Q0	387715-0-254	1	1.000000	run1
6af5334fbd010b919d7fa174823abd12<::>5	Q0	264235-0-462	2	0.500000	run1
6af5334fbd010b919d7fa174823abd12<::>5	Q0	451849-0-2119	3	0.333333	run1
6af5334fbd010b919d7fa174823abd12<::>5	Q0	268640-0-1177	4	0.250000	run1
6af5334fbd010b919d7fa174823abd12<::>5	Q0	71424-0-2177	5	0.200000	run1
6af5334fbd010b919d7fa174823abd12<::>5	Q0	335075-0-1284	6	0.166667	run1
6af5334fbd010b919d7fa174823abd12<::>5	Q0	314163-0-1991	7	0.142857	run1
6af5334fbd010b919d7fa174823abd12<::>5	Q0	4739-0-2044	8	0.125000	run1
6af5334fbd010b919d7fa174823abd12<::>5	Q0	364560-0-807	9	0.111111	run1
6af5334fbd010b919d7fa174823abd12<::>5	Q0	158922-0-1299	10	0.100000	run1
6af5334fbd010b919d7fa174823abd12<::>6	Q0	27073-0-861	1	1.000000	run1
6af5334fbd010b919d7fa174823abd12<::>6	Q0	6339-0-1091	2	0.500000	run1
6af5334fbd010b919d7fa174823abd12<::>6	Q0	529456-0-772	3	0.333333	run1
6af5334fbd010b919d7fa174823abd12<::>6	Q0	234890-1339-2241	4	0.250000	run1
6af5334fbd010b919d7fa174823abd12<::>6	Q0	217478-0-647	5	0.200000	run1
6af5334fbd010b919d7fa174823abd12<::>6	Q0	254454-0-972	6	0.166667	run1
6af5334fbd010b919d7fa174823abd12<::>6	Q0	284153-0-741	7	0.142857	run1
6af5334fbd010b919d7fa174823abd12<::>6	Q0	107660-0-626	8	0.125000	run1
6af5334fbd010b919d7fa174823abd12<::>6	Q0	304971-0-1424	9	0.111111	run1
6af5334fbd010b919d7fa174823abd12<::>6	Q0	527327-0-221	10	0.100000	run1
6af5334fbd010b919d7fa174823abd12<::>7	Q0	309555-0-1179	1	1.000000	run1
6af5334fbd010b919d7fa174823abd12<::>7	Q0	44955-0-276	2	0.500000	run1
6af5334fbd010b919d7fa174823abd12<::>7	Q0	103176-0-763	3	0.333333	run1
6af5334fbd010b919d7fa174823abd12<::>7	Q0	336277-1339-2240	4	0.250000	run1
6af5334fbd010b919d7fa174823abd12<::>7	Q0	530576-0-146	5	0.200000	run1
6af5334fbd010b919d7fa174823abd12<::>7	Q0	25513-0-226	6	0.166667	run1
6af5334fbd010b919d7fa174823abd12<::>7	Q0	344335-0-606	7	0.142857	run1
6af5334fbd010b919d7fa174823abd12<::>7	Q0	348327-0-1129	8	0.125000	run1
6af5334fbd010b919d7fa174823abd12<::>7	Q0	486376-0-286	9	0.111111	run1
6af5334fbd010b919d7fa174823abd12<::>7	Q0	236194-0-1688	10	0.100000	run1
6af5334fbd010b919d7fa174823abd12<::>8	Q0	357008-0-767	1	1.000000	run1
6af5334fbd010b919d7fa174823abd12<::>8	Q0	278528-0-1546	2	0.500000	run1
6af5334fbd010b919d7fa174823abd12<::>8	Q0	216741-0-1248	3	0.333333	run1
6af5334fbd010b919d7fa174823abd12<::>8	Q0	412587-0-668	4	0.250000	run1
6af5334fbd010b919d7fa174823abd12<::>8	Q0	475412-0-1412	5	0.200000	run1
6af5334fbd010b919d7fa174823abd12<::>8	Q0	22425-0-1801	6	0.166667	run1
6af5334fbd010b919d7fa174823abd12<::>8	Q0	47016-0-1973	7	0.142857	run1
6af5334fbd010b919d7fa174823abd12<::>8	Q0	52622-0-1899	8	0.125000	run1
6af5334fbd010b919d7fa174823abd12<::>8	Q0	209635-1387-3308	9	0.111111	run1
6af5334fbd010b919d7fa174823abd12<::>8	Q0	57036-0-1026	10	0.100000	run1
6af5334fbd010b919d7fa174823abd12<::>9	Q0	218579-0-339	1	1.000000	run1
6af5334fbd010b919d7fa174823abd12<::>9	Q0	458312-0-206	2	0.500000	run1
6af5334fbd010b919d7fa174823abd12<::>9	Q0	557369-0-385	3	0.333333	run1
6af5334fbd010b919d7fa174823abd12<::>9	Q0	322825-0-2024	4	0.250000	run1
6af5334fbd010b919d7fa174823abd12<::>9	Q0	173545-0-652	5	0.200000	run1
6af5334fbd010b919d7fa174823abd12<::>9	Q0	180461-0-1454	6	0.166667	run1
6af5334fbd010b919d7fa174823abd12<::>9	Q0	2064-0-892	7	0.142857	run1
6af5334fbd010b919d7fa174823abd12<::>9	Q0	75747-0-1609	8	0.125000	run1
6af5334fbd010b919d7fa174823abd12<::>9	Q0	452121-0-866	9	0.111111	run1
6af5334fbd010b919d7fa174823abd12<::>9	Q0	72026-0-980	10	0.100000	run1
6af5334fbd010b919d7fa174823abd12<::>10	Q0	459423-0-858	1	1.000000	run1
6af5334fbd010b919d7fa174823abd12<::>10	Q0	404605-0-335	2	0.500000	run1
6af5334fbd010b919d7fa174823abd12<::>10	Q0	390642-0-493	3	0.333333	run1
6af5334fbd010b919d7fa174823abd12<::>10	Q0	233472-0-2150	4	0.250000	run1
6af5334fbd010b919d7fa174823abd12<::>10	Q0	391819-0-998	5	0.200000	run1
6af5334fbd010b919d7fa174823abd12<::>10	Q0	593434-0-431	6	0.166667	run1
6af5334fbd010b919d7fa174823abd12<::>10	Q0	273501-0-1093	7	0.142857	run1
6af5334fbd010b919d7fa174823abd12<::>10	Q0	176415-0-1105	8	0.125000	run1
6af5334fbd010b919d7fa174823abd12<::>10	Q0	154181-0-1984	9	0.111111	run1
6af5334fbd010b919d7fa174823abd12<::>10	Q0	202987-0-1665	10	0.100000	run1
f05ba9633e1b377f9c4d64afd3da3c45<::>1	Q0	60135-0-563	1	1.000000	run1
f05ba9633e1b377f9c4d64afd3da3c45<::>1	Q0	306926-0-385	2	0.500000	run1
f05ba9633e1b377f9c4d64afd3da3c45<::>1	Q0	102088-0-1183	3	0.333333	run1
f05ba9633e1b377f9c4d64afd3da3c45<::>1	Q0	223841-0-2050	4	0.250000	run1
f05ba9633e1b377f9c4d64afd3da3c45<::>1	Q0	380773-3153-5321	5	0.200000	run1
f05ba9633e1b377f9c4d64afd3da3c45<::>1	Q0	243732-0-945	6	0.166667	run1
f05ba9633e1b377f9c4d64afd3da3c45<::>1	Q0	149215-0-1765	7	0.142857	run1
f05ba9633e1b377f9c4d64afd3da3c45<::>1	Q0	214071-0-753	8	0.125000	run1
f05ba9633e1b377f9c4d64afd3da3c45<::>1	Q0	5152-0-1013	9	0.111111	run1
f05ba9633e1b377f9c4d64afd3da3c45<::>1	Q0	578906-0-1201	10	0.100000	run1
f05ba9633e1b377f9c4d64afd3da3c45<::>2	Q0	455952-0-1334	1	1.000000	run1
f05ba9633e1b377f9c4d64afd3da3c45<::>2	Q0	107152-0-975	2	0.500000	run1
f05ba9633e1b377f9c4d64afd3da3c45<::>2	Q0	184339-0-1293	3	0.333333	run1
f05ba9633e1b377f9c4d64afd3da3c45<::>2	Q0	64887-0-835	4	0.250000	run1
f05ba9633e1b377f9c4d64afd3da3c45<::>2	Q0	314163-0-1991	5	0.200000	run1
f05ba9633e1b377f9c4d64afd3da3c45<::>2	Q0	452163-0-641	6	0.166667	run1
f05ba9633e1b377f9c4d64afd3da3c45<::>2	Q0	379353-0-709	7	0.142857	run1
f05ba9633e1b377f9c4d64afd3da3c45<::>2	Q0	3737-0-290	8	0.125000	run1
f05ba9633e1b377f9c4d64afd3da3c45<::>2	Q0	479213-0-1903	9	0.111111	run1
f05ba9633e1b377f9c4d64afd3da3c45<::>2	Q0	187724-0-1473	10	0.100000	run1
f05ba9633e1b377f9c4d64afd3da3c45<::>3	Q0	170511-0-2065	1	1.000000	run1
f05ba9633e1b377f9c4d64afd3da3c45<::>3	Q0	275127-0-604	2	0.500000	run1
f05ba9633e1b377f9c4d64afd3da3c45<::>3	Q0	400083-0-423	3	0.333333	run1
f05ba9633e1b377f9c4d64afd3da3c45<::>3	Q0	229505-0-461	4	0.250000	run1
f05ba9633e1b377f9c4d64afd3da3c45<::>3	Q0	459419-0-904	5	0.200000	run1
f05ba9633e1b377f9c4d64afd3da3c45<::>3	Q0	61149-0-295	6	0.166667	run1
f05ba9633e1b377f9c4d64afd3da3c45<::>3	Q0	394460-0-698	7	0.142857	run1
f05ba9633e1b377f9c4d64afd3da3c45<::>3	Q0	57913-0-280	8	0.125000	run1
f05ba9633e1b377f9c4d64afd3da3c45<::>3	Q0	527327-0-221	9	0.111111	run1
f05ba9633e1b377f9c4d64afd3da3c45<::>3	Q0	383849-0-545	10	0.100000	run1
f05ba9633e1b377f9c4d64afd3da3c45<::>4	Q0	160087-0-221	1	1.000000	run1
f05ba9633e1b377f9c4d64afd3da3c45<::>4	Q0	64005-0-456	2	0.500000	run1
f05ba9633e1b377f9c4d64afd3da3c45<::>4	Q0	89964-0-999	3	0.333333	run1
f05ba9633e1b377f9c4d64afd3da3c45<::>4	Q0	181306-0-537	4	0.250000	run1
f05ba9633e1b377f9c4d64afd3da3c45<::>4	Q0	24591-0-1493	5	0.200000	run1
f05ba9633e1b377f9c4d64afd3da3c45<::>4	Q0	344186-0-227	6	0.166667	run1
f05ba9633e1b377f9c4d64afd3da3c45<::>4	Q0	76284-0-1559	7	0.142857	run1
f05ba9633e1b377f9c4d64afd3da3c45<::>4	Q0	377112-0-1800	8	0.125000	run1
f05ba9633e1b377f9c4d64afd3da3c45<::>4	Q0	498309-0-312	9	0.111111	run1
f05ba9633e1b377f9c4d64afd3da3c45<::>4	Q0	534095-0-260	10	0.100000	run1
f05ba9633e1b377f9c4d64afd3da3c45<::>5	Q0	64005-0-456	1	1.000000	run1
f05ba9633e1b377f9c4d64afd3da3c45<::>5	Q0	116005-0-304	2	0.500000	run1
f05ba9633e1b377f9c4d64afd3da3c45<::>5	Q0	89964-0-999	3	0.333333	run1
f05ba9633e1b377f9c4d64afd3da3c45<::>5	Q0	86691-0-241	4	0.250000	run1
f05ba9633e1b377f9c4d64afd3da3c45<::>5	Q0	498309-0-312	5	0.200000	run1
f05ba9633e1b377f9c4d64afd3da3c45<::>5	Q0	181306-0-537	6	0.166667	run1
f05ba9633e1b377f9c4d64afd3da3c45<::>5	Q0	344186-0-227	7	0.142857	run1
f05ba9633e1b377f9c4d64afd3da3c45<::>5	Q0	348466-0-1039	8	0.125000	run1
f05ba9633e1b377f9c4d64afd3da3c45<::>5	Q0	160087-0-221	9	0.111111	run1
f05ba9633e1b377f9c4d64afd3da3c45<::>5	Q0	89281-1598-2366	10	0.100000	run1
f05ba9633e1b377f9c4d64afd3da3c45<::>6	Q0	452231-0-155	1	1.000000	run1
f05ba9633e1b377f9c4d64afd3da3c45<::>6	Q0	4739-0-2044	2	0.500000	run1
f05ba9633e1b377f9c4d64afd3da3c45<::>6	Q0	566408-1468-2354	3	0.333333	run1
f05ba9633e1b377f9c4d64afd3da3c45<::>6	Q0	314163-0-1991	4	0.250000	run1
f05ba9633e1b377f9c4d64afd3da3c45<::>6	Q0	470388-1602-2742	5	0.200000	run1
f05ba9633e1b377f9c4d64afd3da3c45<::>6	Q0	566408-0-2086	6	0.166667	run1
f05ba9633e1b377f9c4d64afd3da3c45<::>6	Q0	531750-0-1249	7	0.142857	run1
f05ba9633e1b377f9c4d64afd3da3c45<::>6	Q0	470388-0-2163	8	0.125000	run1
f05ba9633e1b377f9c4d64afd3da3c45<::>6	Q0	255414-0-1759	9	0.111111	run1
f05ba9633e1b377f9c4d64afd3da3c45<::>6	Q0	248013-0-596	10	0.100000	run1
f05ba9633e1b377f9c4d64afd3da3c45<::>7	Q0	415329-0-568	1	1.000000	run1
f05ba9633e1b377f9c4d64afd3da3c45<::>7	Q0	378616-0-592	2	0.500000	run1
f05ba9633e1b377f9c4d64afd3da3c45<::>7	Q0	354257-0-1122	3	0.333333	run1
f05ba9633e1b377f9c4d64afd3da3c45<::>7	Q0	422331-0-1467	4	0.250000	run1
f05ba9633e1b377f9c4d64afd3da3c45<::>7	Q0	411933-0-727	5	0.200000	run1
f05ba9633e1b377f9c4d64afd3da3c45<::>7	Q0	385145-0-764	6	0.166667	run1
f05ba9633e1b377f9c4d64afd3da3c45<::>7	Q0	401899-1626-3239	7	0.142857	run1
f05ba9633e1b377f9c4d64afd3da3c45<::>7	Q0	177442-0-785	8	0.125000	run1
f05ba9633e1b377f9c4d64afd3da3c45<::>7	Q0	412365-0-966	9	0.111111	run1
f05ba9633e1b377f9c4d64afd3da3c45<::>7	Q0	100683-1600-3691	10	0.100000	run1
f05ba9633e1b377f9c4d64afd3da3c45<::>8	Q0	292991-3396-4113	1	1.000000	run1
f05ba9633e1b377f9c4d64afd3da3c45<::>8	Q0	107350-0-2113	2	0.500000	run1
f05ba9633e1b377f9c4d64afd3da3c45<::>8	Q0	163197-0-784	3	0.333333	run1
f05ba9633e1b377f9c4d64afd3da3c45<::>8	Q0	102620-0-616	4	0.250000	run1
f05ba9633e1b377f9c4d64afd3da3c45<::>8	Q0	392826-0-261	5	0.200000	run1
f05ba9633e1b377f9c4d64afd3da3c45<::>8	Q0	496050-0-1607	6	0.166667	run1
f05ba9633e1b377f9c4d64afd3da3c45<::>8	Q0	339928-0-866	7	0.142857	run1
f05ba9633e1b377f9c4d64afd3da3c45<::>8	Q0	511664-0-292	8	0.125000	run1
f05ba9633e1b377f9c4d64afd3da3c45<::>8	Q0	285185-1708-3970	9	0.111111	run1
f05ba9633e1b377f9c4d64afd3da3c45<::>8	Q0	187571-0-1124	10	0.100000	run1
2f94b6fb4c6f941decd0609eb126610b<::>1	Q0	195687-0-349	1	1.000000	run1
2f94b6fb4c6f941decd0609eb126610b<::>1	Q0	398520-0-2130	2	0.500000	run1
2f94b6fb4c6f941decd0609eb126610b<::>1	Q0	509837-0-1195	3	0.333333	run1
2f94b6fb4c6f941decd0609eb126610b<::>1	Q0	168890-0-843	4	0.250000	run1
2f94b6fb4c6f941decd0609eb126610b<::>1	Q0	420727-0-1980	5	0.200000	run1
2f94b6fb4c6f941decd0609eb126610b<::>1	Q0	340131-0-547	6	0.166667	run1
2f94b6fb4c6f941decd0609eb126610b<::>1	Q0	346387-1502-2730	7	0.142857	run1
2f94b6fb4c6f941decd0609eb126610b<::>1	Q0	591168-0-1968	8	0.125000	run1
2f94b6fb4c6f941decd0609eb126610b<::>1	Q0	232049-0-504	9	0.111111	run1
2f94b6fb4c6f941decd0609eb126610b<::>1	Q0	455261-0-1811	10	0.100000	run1
2f94b6fb4c6f941decd0609eb126610b<::>2	Q0	501290-0-719	1	1.000000	run1
2f94b6fb4c6f941decd0609eb126610b<::>2	Q0	51356-0-426	2	0.500000	run1
2f94b6fb4c6f941decd0609eb126610b<::>2	Q0	168530-0-802	3	0.333333	run1
2f94b6fb4c6f941decd0609eb126610b<::>2	Q0	555404-0-951	4	0.250000	run1
2f94b6fb4c6f941decd0609eb126610b<::>2	Q0	545184-0-1222	5	0.200000	run1
2f94b6fb4c6f941decd0609eb126610b<::>2	Q0	297841-0-719	6	0.166667	run1
2f94b6fb4c6f941decd0609eb126610b<::>2	Q0	495980-0-1614	7	0.142857	run1
2f94b6fb4c6f941decd0609eb126610b<::>2	Q0	559883-0-640	8	0.125000	run1
2f94b6fb4c6f941decd0609eb126610b<::>2	Q0	308380-0-1453	9	0.111111	run1
2f94b6fb4c6f941decd0609eb126610b<::>2	Q0	259420-0-411	10	0.100000	run1
2f94b6fb4c6f941decd0609eb126610b<::>3	Q0	553031-0-658	1	1.000000	run1
2f94b6fb4c6f941decd0609eb126610b<::>3	Q0	125973-0-245	2	0.500000	run1
2f94b6fb4c6f941decd0609eb126610b<::>3	Q0	109305-0-904	3	0.333333	run1
2f94b6fb4c6f941decd0609eb126610b<::>3	Q0	585422-0-2032	4	0.250000	run1
2f94b6fb4c6f941decd0609eb126610b<::>3	Q0	537049-0-1720	5	0.200000	run1
2f94b6fb4c6f941decd0609eb126610b<::>3	Q0	305855-0-833	6	0.166667	run1
2f94b6fb4c6f941decd0609eb126610b<::>3	Q0	114912-0-501	7	0.142857	run1
2f94b6fb4c6f941decd0609eb126610b<::>3	Q0	214174-0-1874	8	0.125000	run1
2f94b6fb4c6f941decd0609eb126610b<::>3	Q0	304888-0-483	9	0.111111	run1
2f94b6fb4c6f941decd0609eb126610b<::>3	Q0	514876-0-156	10	0.100000	run1
4751cd8210b4adb8bce5cbc3fe913096<::>1	Q0	272784-0-597	1	1.000000	run1
4751cd8210b4adb8bce5cbc3fe913096<::>1	Q0	503740-0-549	2	0.500000	run1
4751cd8210b4adb8bce5cbc3fe913096<::>1	Q0	580512-0-1107	3	0.333333	run1
4751cd8210b4adb8bce5cbc3fe913096<::>1	Q0	354006-0-984	4	0.250000	run1
4751cd8210b4adb8bce5cbc3fe913096<::>1	Q0	405791-0-2113	5	0.200000	run1
4751cd8210b4adb8bce5cbc3fe913096<::>1	Q0	126479-0-374	6	0.166667	run1
4751cd8210b4adb8bce5cbc3fe913096<::>1	Q0	251713-0-809	7	0.142857	run1
4751cd8210b4adb8bce5cbc3fe913096<::>1	Q0	46428-0-614	8	0.125000	run1
4751cd8210b4adb8bce5cbc3fe913096<::>1	Q0	236482-0-850	9	0.111111	run1
4751cd8210b4adb8bce5cbc3fe913096<::>1	Q0	235391-0-1980	10	0.100000	run1
4751cd8210b4adb8bce5cbc3fe913096<::>2	Q0	272784-0-597	1	1.000000	run1
4751cd8210b4adb8bce5cbc3fe913096<::>2	Q0	126479-0-374	2	0.500000	run1
4751cd8210b4adb8bce5cbc3fe913096<::>2	Q0	503740-0-549	3	0.333333	run1
4751cd8210b4adb8bce5cbc3fe913096<::>2	Q0	531180-0-497	4	0.250000	run1
4751cd8210b4adb8bce5cbc3fe913096<::>2	Q0	354006-0-984	5	0.200000	run1
4751cd8210b4adb8bce5cbc3fe913096<::>2	Q0	375544-0-648	6	0.166667	run1
4751cd8210b4adb8bce5cbc3fe913096<::>2	Q0	236482-0-850	7	0.142857	run1
4751cd8210b4adb8bce5cbc3fe913096<::>2	Q0	725-0-452	8	0.125000	run1
4751cd8210b4adb8bce5cbc3fe913096<::>2	Q0	322771-0-149	9	0.111111	run1
4751cd8210b4adb8bce5cbc3fe913096<::>2	Q0	21975-3080-5347	10	0.100000	run1
4751cd8210b4adb8bce5cbc3fe913096<::>3	Q0	272784-0-597	1	1.000000	run1
4751cd8210b4adb8bce5cbc3fe913096<::>3	Q0	405791-0-2113	2	0.500000	run1
4751cd8210b4adb8bce5cbc3fe913096<::>3	Q0	580512-0-1107	3	0.333333	run1
4751cd8210b4adb8bce5cbc3fe913096<::>3	Q0	503740-0-549	4	0.250000	run1
4751cd8210b4adb8bce5cbc3fe913096<::>3	Q0	126479-0-374	5	0.200000	run1
4751cd8210b4adb8bce5cbc3fe913096<::>3	Q0	370469-0-997	6	0.166667	run1
4751cd8210b4adb8bce5cbc3fe913096<::>3	Q0	176859-0-1500	7	0.142857	run1
4751cd8210b4adb8bce5cbc3fe913096<::>3	Q0	236482-0-850	8	0.125000	run1
4751cd8210b4adb8bce5cbc3fe913096<::>3	Q0	354006-0-984	9	0.111111	run1
4751cd8210b4adb8bce5cbc3fe913096<::>3	Q0	46428-0-614	10	0.100000	run1
4751cd8210b4adb8bce5cbc3fe913096<::>4	Q0	594990-0-339	1	1.000000	run1
4751cd8210b4adb8bce5cbc3fe913096<::>4	Q0	295115-0-693	2	0.500000	run1
4751cd8210b4adb8bce5cbc3fe913096<::>4	Q0	272784-0-597	3	0.333333	run1
4751cd8210b4adb8bce5cbc3fe913096<::>4	Q0	434592-0-1909	4	0.250000	run1
4751cd8210b4adb8bce5cbc3fe913096<::>4	Q0	573958-0-254	5	0.200000	run1
4751cd8210b4adb8bce5cbc3fe913096<::>4	Q0	259341-0-516	6	0.166667	run1
4751cd8210b4adb8bce5cbc3fe913096<::>4	Q0	236482-0-850	7	0.142857	run1
4751cd8210b4adb8bce5cbc3fe913096<::>4	Q0	444654-0-176	8	0.125000	run1
4751cd8210b4adb8bce5cbc3fe913096<::>4	Q0	293687-0-819	9	0.111111	run1
4751cd8210b4adb8bce5cbc3fe913096<::>4	Q0	457307-0-151	10	0.100000	run1
4751cd8210b4adb8bce5cbc3fe913096<::>5	Q0	307688-0-1895	1	1.000000	run1
4751cd8210b4adb8bce5cbc3fe913096<::>5	Q0	110983-0-1017	2	0.500000	run1
4751cd8210b4adb8bce5cbc3fe913096<::>5	Q0	241718-0-693	3	0.333333	run1
4751cd8210b4adb8bce5cbc3fe913096<::>5	Q0	580576-0-561	4	0.250000	run1
4751cd8210b4adb8bce5cbc3fe913096<::>5	Q0	97842-0-398	5	0.200000	run1
4751cd8210b4adb8bce5cbc3fe913096<::>5	Q0	259341-0-516	6	0.166667	run1
4751cd8210b4adb8bce5cbc3fe913096<::>5	Q0	548705-0-413	7	0.142857	run1
4751cd8210b4adb8bce5cbc3fe913096<::>5	Q0	291214-0-693	8	0.125000	run1
4751cd8210b4adb8bce5cbc3fe913096<::>5	Q0	545267-0-472	9	0.111111	run1
4751cd8210b4adb8bce5cbc3fe913096<::>5	Q0	115264-1450-3494	10	0.100000	run1
4751cd8210b4adb8bce5cbc3fe913096<::>6	Q0	236254-0-425	1	1.000000	run1
4751cd8210b4adb8bce5cbc3fe913096<::>6	Q0	318321-0-1540	2	0.500000	run1
4751cd8210b4adb8bce5cbc3fe913096<::>6	Q0	217781-0-1081	3	0.333333	run1
4751cd8210b4adb8bce5cbc3fe913096<::>6	Q0	552255-0-1151	4	0.250000	run1
4751cd8210b4adb8bce5cbc3fe913096<::>6	Q0	598646-0-1034	5	0.200000	run1
4751cd8210b4adb8bce5cbc3fe913096<::>6	Q0	34139-0-265	6	0.166667	run1
4751cd8210b4adb8bce5cbc3fe913096<::>6	Q0	33117-0-340	7	0.142857	run1
4751cd8210b4adb8bce5cbc3fe913096<::>6	Q0	403608-0-968	8	0.125000	run1
4751cd8210b4adb8bce5cbc3fe913096<::>6	Q0	197151-0-423	9	0.111111	run1
4751cd8210b4adb8bce5cbc3fe913096<::>6	Q0	385874-0-445	10	0.100000	run1
4751cd8210b4adb8bce5cbc3fe913096<::>7	Q0	414636-0-566	1	1.000000	run1
4751cd8210b4adb8bce5cbc3fe913096<::>7	Q0	153185-0-1555	2	0.500000	run1
4751cd8210b4adb8bce5cbc3fe913096<::>7	Q0	262591-0-136	3	0.333333	run1
4751cd8210b4adb8bce5cbc3fe913096<::>7	Q0	456749-0-500	4	0.250000	run1
4751cd8210b4adb8bce5cbc3fe913096<::>7	Q0	568197-0-1367	5	0.200000	run1
4751cd8210b4adb8bce5cbc3fe913096<::>7	Q0	74526-0-678	6	0.166667	run1
4751cd8210b4adb8bce5cbc3fe913096<::>7	Q0	388819-0-411	7	0.142857	run1
4751cd8210b4adb8bce5cbc3fe913096<::>7	Q0	589505-0-219	8	0.125000	run1
4751cd8210b4adb8bce5cbc3fe913096<::>7	Q0	455891-0-584	9	0.111111	run1
4751cd8210b4adb8bce5cbc3fe913096<::>7	Q0	402216-0-1721	10	0.100000	run1
4751cd8210b4adb8bce5cbc3fe913096<::>8	Q0	257625-1509-3531	1	1.000000	run1
4751cd8210b4adb8bce5cbc3fe913096<::>8	Q0	100128-1427-2590	2	0.500000	run1
4751cd8210b4adb8bce5cbc3fe913096<::>8	Q0	158122-0-937	3	0.333333	run1
4751cd8210b4adb8bce5cbc3fe913096<::>8	Q0	197151-0-423	4	0.250000	run1
4751cd8210b4adb8bce5cbc3fe913096<::>8	Q0	317529-0-1206	5	0.200000	run1
4751cd8210b4adb8bce5cbc3fe913096<::>8	Q0	598460-0-401	6	0.166667	run1
4751cd8210b4adb8bce5cbc3fe913096<::>8	Q0	156721-0-827	7	0.142857	run1
4751cd8210b4adb8bce5cbc3fe913096<::>8	Q0	41509-0-965	8	0.125000	run1
4751cd8210b4adb8bce5cbc3fe913096<::>8	Q0	138994-1646-3632	9	0.111111	run1
4751cd8210b4adb8bce5cbc3fe913096<::>8	Q0	581866-0-1639	10	0.100000	run1
8040ccdfc0a0ffb8e3f82d94f92ddb5c<::>2	Q0	89161-0-2037	1	1.000000	run1
8040ccdfc0a0ffb8e3f82d94f92ddb5c<::>2	Q0	167202-0-404	2	0.500000	run1
8040ccdfc0a0ffb8e3f82d94f92ddb5c<::>2	Q0	89161-1606-2344	3	0.333333	run1
8040ccdfc0a0ffb8e3f82d94f92ddb5c<::>2	Q0	444543-0-926	4	0.250000	run1
8040ccdfc0a0ffb8e3f82d94f92ddb5c<::>2	Q0	38720-0-444	5	0.200000	run1
8040ccdfc0a0ffb8e3f82d94f92ddb5c<::>2	Q0	321196-0-692	6	0.166667	run1
8040ccdfc0a0ffb8e3f82d94f92ddb5c<::>2	Q0	18832-0-341	7	0.142857	run1
8040ccdfc0a0ffb8e3f82d94f92ddb5c<::>2	Q0	123549-0-694	8	0.125000	run1
8040ccdfc0a0ffb8e3f82d94f92ddb5c<::>2	Q0	446255-0-477	9	0.111111	run1
8040ccdfc0a0ffb8e3f82d94f92ddb5c<::>2	Q0	308307-0-567	10	0.100000	run1
8040ccdfc0a0ffb8e3f82d94f92ddb5c<::>3	Q0	477613-0-445	1	1.000000	run1
8040ccdfc0a0ffb8e3f82d94f92ddb5c<::>3	Q0	53602-0-1358	2	0.500000	run1
8040ccdfc0a0ffb8e3f82d94f92ddb5c<::>3	Q0	431435-0-520	3	0.333333	run1
8040ccdfc0a0ffb8e3f82d94f92ddb5c<::>3	Q0	195726-0-1122	4	0.250000	run1
8040ccdfc0a0ffb8e3f82d94f92ddb5c<::>3	Q0	63276-0-1067	5	0.200000	run1
8040ccdfc0a0ffb8e3f82d94f92ddb5c<::>3	Q0	289483-0-532	6	0.166667	run1
8040ccdfc0a0ffb8e3f82d94f92ddb5c<::>3	Q0	111891-0-159	7	0.142857	run1
8040ccdfc0a0ffb8e3f82d94f92ddb5c<::>3	Q0	152689-0-543	8	0.125000	run1
8040ccdfc0a0ffb8e3f82d94f92ddb5c<::>3	Q0	446369-0-231	9	0.111111	run1
8040ccdfc0a0ffb8e3f82d94f92ddb5c<::>3	Q0	513477-0-495	10	0.100000	run1
2b34f5e7861ca9b1b3eab65ad6d6b4b0<::>1	Q0	278196-0-843	1	1.000000	run1
2b34f5e7861ca9b1b3eab65ad6d6b4b0<::>1	Q0	143823-0-472	2	0.500000	run1
2b34f5e7861ca9b1b3eab65ad6d6b4b0<::>1	Q0	319729-0-383	3	0.333333	run1
2b34f5e7861ca9b1b3eab65ad6d6b4b0<::>1	Q0	309358-0-2009	4	0.250000	run1
2b34f5e7861ca9b1b3eab65ad6d6b4b0<::>1	Q0	25582-0-383	5	0.200000	run1
2b34f5e7861ca9b1b3eab65ad6d6b4b0<::>1	Q0	273077-0-367	6	0.166667	run1
2b34f5e7861ca9b1b3eab65ad6d6b4b0<::>1	Q0	353780-0-251	7	0.142857	run1
2b34f5e7861ca9b1b3eab65ad6d6b4b0<::>1	Q0	546589-0-710	8	0.125000	run1
2b34f5e7861ca9b1b3eab65ad6d6b4b0<::>1	Q0	128048-4501-6581	9	0.111111	run1
2b34f5e7861ca9b1b3eab65ad6d6b4b0<::>1	Q0	371672-0-1243	10	0.100000	run1
2b34f5e7861ca9b1b3eab65ad6d6b4b0<::>3	Q0	371672-0-1243	1	1.000000	run1
2b34f5e7861ca9b1b3eab65ad6d6b4b0<::>3	Q0	189811-0-637	2	0.500000	run1
2b34f5e7861ca9b1b3eab65ad6d6b4b0<::>3	Q0	179247-0-1974	3	0.333333	run1
2b34f5e7861ca9b1b3eab65ad6d6b4b0<::>3	Q0	415134-0-1439	4	0.250000	run1
2b34f5e7861ca9b1b3eab65ad6d6b4b0<::>3	Q0	24214-0-514	5	0.200000	run1
2b34f5e7861ca9b1b3eab65ad6d6b4b0<::>3	Q0	478975-0-288	6	0.166667	run1
2b34f5e7861ca9b1b3eab65ad6d6b4b0<::>3	Q0	406963-0-349	7	0.142857	run1
2b34f5e7861ca9b1b3eab65ad6d6b4b0<::>3	Q0	402967-0-1959	8	0.125000	run1
2b34f5e7861ca9b1b3eab65ad6d6b4b0<::>3	Q0	41514-0-2245	9	0.111111	run1
2b34f5e7861ca9b1b3eab65ad6d6b4b0<::>3	Q0	22637-0-459	10	0.100000	run1
2b34f5e7861ca9b1b3eab65ad6d6b4b0<::>4	Q0	43428-0-461	1	1.000000	run1
2b34f5e7861ca9b1b3eab65ad6d6b4b0<::>4	Q0	191850-0-388	2	0.500000	run1
2b34f5e7861ca9b1b3eab65ad6d6b4b0<::>4	Q0	26182-1371-2398	3	0.333333	run1
2b34f5e7861ca9b1b3eab65ad6d6b4b0<::>4	Q0	109937-0-847	4	0.250000	run1
2b34f5e7861ca9b1b3eab65ad6d6b4b0<::>4	Q0	102698-1529-2535	5	0.200000	run1
2b34f5e7861ca9b1b3eab65ad6d6b4b0<::>4	Q0	166497-0-633	6	0.166667	run1
2b34f5e7861ca9b1b3eab65ad6d6b4b0<::>4	Q0	119018-0-473	7	0.142857	run1
2b34f5e7861ca9b1b3eab65ad6d6b4b0<::>4	Q0	467833-0-1558	8	0.125000	run1
2b34f5e7861ca9b1b3eab65ad6d6b4b0<::>4	Q0	250790-0-2155	9	0.111111	run1
2b34f5e7861ca9b1b3eab65ad6d6b4b0<::>4	Q0	138213-0-454	10	0.100000	run1
2b34f5e7861ca9b1b3eab65ad6d6b4b0<::>7	Q0	43428-0-461	1	1.000000	run1
2b34f5e7861ca9b1b3eab65ad6d6b4b0<::>7	Q0	110746-0-485	2	0.500000	run1
2b34f5e7861ca9b1b3eab65ad6d6b4b0<::>7	Q0	22704-0-810	3	0.333333	run1
2b34f5e7861ca9b1b3eab65ad6d6b4b0<::>7	Q0	119018-0-473	4	0.250000	run1
2b34f5e7861ca9b1b3eab65ad6d6b4b0<::>7	Q0	141816-0-339	5	0.200000	run1
2b34f5e7861ca9b1b3eab65ad6d6b4b0<::>7	Q0	546589-0-710	6	0.166667	run1
2b34f5e7861ca9b1b3eab65ad6d6b4b0<::>7	Q0	273077-0-367	7	0.142857	run1
2b34f5e7861ca9b1b3eab65ad6d6b4b0<::>7	Q0	450041-0-598	8	0.125000	run1
2b34f5e7861ca9b1b3eab65ad6d6b4b0<::>7	Q0	189590-0-545	9	0.111111	run1
2b34f5e7861ca9b1b3eab65ad6d6b4b0<::>7	Q0	11665-0-377	10	0.100000	run1
2b34f5e7861ca9b1b3eab65ad6d6b4b0<::>8	Q0	546589-0-710	1	1.000000	run1
2b34f5e7861ca9b1b3eab65ad6d6b4b0<::>8	Q0	110628-0-1025	2	0.500000	run1
2b34f5e7861ca9b1b3eab65ad6d6b4b0<::>8	Q0	273077-0-367	3	0.333333	run1
2b34f5e7861ca9b1b3eab65ad6d6b4b0<::>8	Q0	518406-0-238	4	0.250000	run1
2b34f5e7861ca9b1b3eab65ad6d6b4b0<::>8	Q0	189590-0-545	5	0.200000	run1
2b34f5e7861ca9b1b3eab65ad6d6b4b0<::>8	Q0	144987-0-1884	6	0.166667	run1
2b34f5e7861ca9b1b3eab65ad6d6b4b0<::>8	Q0	319729-0-383	7	0.142857	run1
2b34f5e7861ca9b1b3eab65ad6d6b4b0<::>8	Q0	398455-0-567	8	0.125000	run1
2b34f5e7861ca9b1b3eab65ad6d6b4b0<::>8	Q0	561669-0-392	9	0.111111	run1
2b34f5e7861ca9b1b3eab65ad6d6b4b0<::>8	Q0	110746-0-485	10	0.100000	run1
61374b240d5742f957706d00f9ed0dd6<::>1	Q0	519501-0-200	1	1.000000	run1
61374b240d5742f957706d00f9ed0dd6<::>1	Q0	65667-0-573	2	0.500000	run1
61374b240d5742f957706d00f9ed0dd6<::>1	Q0	464810-0-1080	3	0.333333	run1
61374b240d5742f957706d00f9ed0dd6<::>1	Q0	523393-0-1079	4	0.250000	run1
61374b240d5742f957706d00f9ed0dd6<::>1	Q0	33357-0-387	5	0.200000	run1
61374b240d5742f957706d00f9ed0dd6<::>1	Q0	44417-0-786	6	0.166667	run1
61374b240d5742f957706d00f9ed0dd6<::>1	Q0	562784-0-395	7	0.142857	run1
61374b240d5742f957706d00f9ed0dd6<::>1	Q0	193404-0-781	8	0.125000	run1
61374b240d5742f957706d00f9ed0dd6<::>1	Q0	78224-0-551	9	0.111111	run1
61374b240d5742f957706d00f9ed0dd6<::>1	Q0	377444-0-483	10	0.100000	run1
61374b240d5742f957706d00f9ed0dd6<::>2	Q0	199493-0-1747	1	1.000000	run1
61374b240d5742f957706d00f9ed0dd6<::>2	Q0	160170-0-2175	2	0.500000	run1
61374b240d5742f957706d00f9ed0dd6<::>2	Q0	564069-0-1553	3	0.333333	run1
61374b240d5742f957706d00f9ed0dd6<::>2	Q0	225239-0-480	4	0.250000	run1
61374b240d5742f957706d00f9ed0dd6<::>2	Q0	533576-0-2169	5	0.200000	run1
61374b240d5742f957706d00f9ed0dd6<::>2	Q0	216757-0-2333	6	0.166667	run1
61374b240d5742f957706d00f9ed0dd6<::>2	Q0	41176-0-576	7	0.142857	run1
61374b240d5742f957706d00f9ed0dd6<::>2	Q0	286227-0-1361	8	0.125000	run1
61374b240d5742f957706d00f9ed0dd6<::>2	Q0	388585-0-323	9	0.111111	run1
61374b240d5742f957706d00f9ed0dd6<::>2	Q0	508610-0-854	10	0.100000	run1
61374b240d5742f957706d00f9ed0dd6<::>3	Q0	276983-0-401	1	1.000000	run1
61374b240d5742f957706d00f9ed0dd6<::>3	Q0	94689-0-216	2	0.500000	run1
61374b240d5742f957706d00f9ed0dd6<::>3	Q0	472663-0-1568	3	0.333333	run1
61374b240d5742f957706d00f9ed0dd6<::>3	Q0	234115-0-625	4	0.250000	run1
61374b240d5742f957706d00f9ed0dd6<::>3	Q0	129070-0-336	5	0.200000	run1
61374b240d5742f957706d00f9ed0dd6<::>3	Q0	357979-0-103	6	0.166667	run1
61374b240d5742f957706d00f9ed0dd6<::>3	Q0	489103-0-699	7	0.142857	run1
61374b240d5742f957706d00f9ed0dd6<::>3	Q0	19936-0-632	8	0.125000	run1
61374b240d5742f957706d00f9ed0dd6<::>3	Q0	332924-0-1327	9	0.111111	run1
61374b240d5742f957706d00f9ed0dd6<::>3	Q0	311192-0-1766	10	0.100000	run1
61374b240d5742f957706d00f9ed0dd6<::>4	Q0	370244-0-2252	1	1.000000	run1
61374b240d5742f957706d00f9ed0dd6<::>4	Q0	560783-0-723	2	0.500000	run1
61374b240d5742f957706d00f9ed0dd6<::>4	Q0	376485-0-1982	3	0.333333	run1
61374b240d5742f957706d00f9ed0dd6<::>4	Q0	288679-0-471	4	0.250000	run1
61374b240d5742f957706d00f9ed0dd6<::>4	Q0	369251-0-768	5	0.200000	run1
61374b240d5742f957706d00f9ed0dd6<::>4	Q0	351088-0-206	6	0.166667	run1
61374b240d5742f957706d00f9ed0dd6<::>4	Q0	548467-0-614	7	0.142857	run1
61374b240d5742f957706d00f9ed0dd6<::>4	Q0	503261-0-646	8	0.125000	run1
61374b240d5742f957706d00f9ed0dd6<::>4	Q0	114054-0-1648	9	0.111111	run1
61374b240d5742f957706d00f9ed0dd6<::>4	Q0	41176-0-576	10	0.100000	run1
61374b240d5742f957706d00f9ed0dd6<::>5	Q0	113099-0-696	1	1.000000	run1
61374b240d5742f957706d00f9ed0dd6<::>5	Q0	360059-1605-3662	2	0.500000	run1
61374b240d5742f957706d00f9ed0dd6<::>5	Q0	133000-0-259	3	0.333333	run1
61374b240d5742f957706d00f9ed0dd6<::>5	Q0	339332-0-759	4	0.250000	run1
61374b240d5742f957706d00f9ed0dd6<::>5	Q0	587187-0-681	5	0.200000	run1
61374b240d5742f957706d00f9ed0dd6<::>5	Q0	41357-0-954	6	0.166667	run1
61374b240d5742f957706d00f9ed0dd6<::>5	Q0	88223-0-1171	7	0.142857	run1
61374b240d5742f957706d00f9ed0dd6<::>5	Q0	315012-0-499	8	0.125000	run1
61374b240d5742f957706d00f9ed0dd6<::>5	Q0	417062-0-710	9	0.111111	run1
61374b240d5742f957706d00f9ed0dd6<::>5	Q0	443691-0-1134	10	0.100000	run1
61374b240d5742f957706d00f9ed0dd6<::>6	Q0	383102-0-1067	1	1.000000	run1
61374b240d5742f957706d00f9ed0dd6<::>6	Q0	202140-0-764	2	0.500000	run1
61374b240d5742f957706d00f9ed0dd6<::>6	Q0	489480-0-949	3	0.333333	run1
61374b240d5742f957706d00f9ed0dd6<::>6	Q0	396622-0-319	4	0.250000	run1
61374b240d5742f957706d00f9ed0dd6<::>6	Q0	337561-0-1161	5	0.200000	run1
61374b240d5742f957706d00f9ed0dd6<::>6	Q0	476054-0-645	6	0.166667	run1
61374b240d5742f957706d00f9ed0dd6<::>6	Q0	417787-0-1009	7	0.142857	run1
61374b240d5742f957706d00f9ed0dd6<::>6	Q0	416743-0-460	8	0.125000	run1
61374b240d5742f957706d00f9ed0dd6<::>6	Q0	298563-0-369	9	0.111111	run1
61374b240d5742f957706d00f9ed0dd6<::>6	Q0	42301-0-1526	10	0.100000	run1
61374b240d5742f957706d00f9ed0dd6<::>7	Q0	560683-0-264	1	1.000000	run1
61374b240d5742f957706d00f9ed0dd6<::>7	Q0	234540-0-793	2	0.500000	run1
61374b240d5742f957706d00f9ed0dd6<::>7	Q0	583230-0-711	3	0.333333	run1
61374b240d5742f957706d00f9ed0dd6<::>7	Q0	578798-0-433	4	0.250000	run1
61374b240d5742f957706d00f9ed0dd6<::>7	Q0	183926-0-639	5	0.200000	run1
61374b240d5742f957706d00f9ed0dd6<::>7	Q0	565410-0-383	6	0.166667	run1
61374b240d5742f957706d00f9ed0dd6<::>7	Q0	107520-0-1207	7	0.142857	run1
61374b240d5742f957706d00f9ed0dd6<::>7	Q0	545184-0-1222	8	0.125000	run1
61374b240d5742f957706d00f9ed0dd6<::>7	Q0	569297-0-942	9	0.111111	run1
61374b240d5742f957706d00f9ed0dd6<::>7	Q0	457276-1670-2666	10	0.100000	run1
e0f8a53d3ab93e7900633fc8fa40631e<::>1	Q0	426550-0-540	1	1.000000	run1
e0f8a53d3ab93e7900633fc8fa40631e<::>1	Q0	311117-0-651	2	0.500000	run1
e0f8a53d3ab93e7900633fc8fa40631e<::>1	Q0	483185-0-234	3	0.333333	run1
e0f8a53d3ab93e7900633fc8fa40631e<::>1	Q0	552375-0-410	4	0.250000	run1
e0f8a53d3ab93e7900633fc8fa40631e<::>1	Q0	230733-0-459	5	0.200000	run1
e0f8a53d3ab93e7900633fc8fa40631e<::>1	Q0	556831-0-238	6	0.166667	run1
e0f8a53d3ab93e7900633fc8fa40631e<::>1	Q0	113221-0-477	7	0.142857	run1
e0f8a53d3ab93e7900633fc8fa40631e<::>1	Q0	341625-0-942	8	0.125000	run1
e0f8a53d3ab93e7900633fc8fa40631e<::>1	Q0	79337-0-338	9	0.111111	run1
e0f8a53d3ab93e7900633fc8fa40631e<::>1	Q0	498631-0-1803	10	0.100000	run1
e0f8a53d3ab93e7900633fc8fa40631e<::>2	Q0	315168-0-1260	1	1.000000	run1
e0f8a53d3ab93e7900633fc8fa40631e<::>2	Q0	73953-0-211	2	0.500000	run1
e0f8a53d3ab93e7900633fc8fa40631e<::>2	Q0	89734-0-374	3	0.333333	run1
e0f8a53d3ab93e7900633fc8fa40631e<::>2	Q0	54190-0-106	4	0.250000	run1
e0f8a53d3ab93e7900633fc8fa40631e<::>2	Q0	169645-0-682	5	0.200000	run1
e0f8a53d3ab93e7900633fc8fa40631e<::>2	Q0	485766-0-1745	6	0.166667	run1
e0f8a53d3ab93e7900633fc8fa40631e<::>2	Q0	338159-0-393	7	0.142857	run1
e0f8a53d3ab93e7900633fc8fa40631e<::>2	Q0	118302-0-313	8	0.125000	run1
e0f8a53d3ab93e7900633fc8fa40631e<::>2	Q0	505484-0-304	9	0.111111	run1
e0f8a53d3ab93e7900633fc8fa40631e<::>2	Q0	565827-0-421	10	0.100000	run1
e0f8a53d3ab93e7900633fc8fa40631e<::>3	Q0	318411-0-853	1	1.000000	run1
e0f8a53d3ab93e7900633fc8fa40631e<::>3	Q0	130985-0-365	2	0.500000	run1
e0f8a53d3ab93e7900633fc8fa40631e<::>3	Q0	348927-0-258	3	0.333333	run1
e0f8a53d3ab93e7900633fc8fa40631e<::>3	Q0	557350-0-306	4	0.250000	run1
e0f8a53d3ab93e7900633fc8fa40631e<::>3	Q0	201272-0-1279	5	0.200000	run1
e0f8a53d3ab93e7900633fc8fa40631e<::>3	Q0	81187-0-225	6	0.166667	run1
e0f8a53d3ab93e7900633fc8fa40631e<::>3	Q0	119392-0-1160	7	0.142857	run1
e0f8a53d3ab93e7900633fc8fa40631e<::>3	Q0	180065-0-270	8	0.125000	run1
e0f8a53d3ab93e7900633fc8fa40631e<::>3	Q0	327978-0-1057	9	0.111111	run1
e0f8a53d3ab93e7900633fc8fa40631e<::>3	Q0	403085-0-212	10	0.100000	run1
e0f8a53d3ab93e7900633fc8fa40631e<::>4	Q0	401004-0-401	1	1.000000	run1
e0f8a53d3ab93e7900633fc8fa40631e<::>4	Q0	583666-1617-3851	2	0.500000	run1
e0f8a53d3ab93e7900633fc8fa40631e<::>4	Q0	9957-0-769	3	0.333333	run1
e0f8a53d3ab93e7900633fc8fa40631e<::>4	Q0	90255-0-396	4	0.250000	run1
e0f8a53d3ab93e7900633fc8fa40631e<::>4	Q0	374518-0-955	5	0.200000	run1
e0f8a53d3ab93e7900633fc8fa40631e<::>4	Q0	228598-0-337	6	0.166667	run1
e0f8a53d3ab93e7900633fc8fa40631e<::>4	Q0	570611-1660-3088	7	0.142857	run1
e0f8a53d3ab93e7900633fc8fa40631e<::>4	Q0	202208-0-461	8	0.125000	run1
e0f8a53d3ab93e7900633fc8fa40631e<::>4	Q0	172336-1726-2837	9	0.111111	run1
e0f8a53d3ab93e7900633fc8fa40631e<::>4	Q0	273618-0-1521	10	0.100000	run1
e0f8a53d3ab93e7900633fc8fa40631e<::>5	Q0	348942-0-737	1	1.000000	run1
e0f8a53d3ab93e7900633fc8fa40631e<::>5	Q0	312445-0-544	2	0.500000	run1
e0f8a53d3ab93e7900633fc8fa40631e<::>5	Q0	50260-0-330	3	0.333333	run1
e0f8a53d3ab93e7900633fc8fa40631e<::>5	Q0	501189-0-289	4	0.250000	run1
e0f8a53d3ab93e7900633fc8fa40631e<::>5	Q0	349234-0-404	5	0.200000	run1
e0f8a53d3ab93e7900633fc8fa40631e<::>5	Q0	153605-0-507	6	0.166667	run1
e0f8a53d3ab93e7900633fc8fa40631e<::>5	Q0	573176-0-522	7	0.142857	run1
e0f8a53d3ab93e7900633fc8fa40631e<::>5	Q0	47973-0-1935	8	0.125000	run1
e0f8a53d3ab93e7900633fc8fa40631e<::>5	Q0	374269-0-446	9	0.111111	run1
e0f8a53d3ab93e7900633fc8fa40631e<::>5	Q0	337135-0-277	10	0.100000	run1
e0f8a53d3ab93e7900633fc8fa40631e<::>6	Q0	282947-0-995	1	1.000000	run1
e0f8a53d3ab93e7900633fc8fa40631e<::>6	Q0	181581-0-487	2	0.500000	run1
e0f8a53d3ab93e7900633fc8fa40631e<::>6	Q0	272574-0-1070	3	0.333333	run1
e0f8a53d3ab93e7900633fc8fa40631e<::>6	Q0	172913-0-699	4	0.250000	run1
e0f8a53d3ab93e7900633fc8fa40631e<::>6	Q0	413856-0-482	5	0.200000	run1
e0f8a53d3ab93e7900633fc8fa40631e<::>6	Q0	254832-0-385	6	0.166667	run1
e0f8a53d3ab93e7900633fc8fa40631e<::>6	Q0	195156-0-1527	7	0.142857	run1
e0f8a53d3ab93e7900633fc8fa40631e<::>6	Q0	59871-0-641	8	0.125000	run1
e0f8a53d3ab93e7900633fc8fa40631e<::>6	Q0	548467-0-614	9	0.111111	run1
e0f8a53d3ab93e7900633fc8fa40631e<::>6	Q0	205068-0-451	10	0.100000	run1
e0f8a53d3ab93e7900633fc8fa40631e<::>7	Q0	383472-0-727	1	1.000000	run1
e0f8a53d3ab93e7900633fc8fa40631e<::>7	Q0	64459-1520-2449	2	0.500000	run1
e0f8a53d3ab93e7900633fc8fa40631e<::>7	Q0	176110-0-286	3	0.333333	run1
e0f8a53d3ab93e7900633fc8fa40631e<::>7	Q0	182305-0-1751	4	0.250000	run1
e0f8a53d3ab93e7900633fc8fa40631e<::>7	Q0	332113-0-968	5	0.200000	run1
e0f8a53d3ab93e7900633fc8fa40631e<::>7	Q0	163865-0-1865	6	0.166667	run1
e0f8a53d3ab93e7900633fc8fa40631e<::>7	Q0	235655-0-230	7	0.142857	run1
e0f8a53d3ab93e7900633fc8fa40631e<::>7	Q0	439402-0-1933	8	0.125000	run1
e0f8a53d3ab93e7900633fc8fa40631e<::>7	Q0	551145-0-2020	9	0.111111	run1
e0f8a53d3ab93e7900633fc8fa40631e<::>7	Q0	545759-0-1889	10	0.100000	run1
e0f8a53d3ab93e7900633fc8fa40631e<::>8	Q0	39071-0-539	1	1.000000	run1
e0f8a53d3ab93e7900633fc8fa40631e<::>8	Q0	290105-0-662	2	0.500000	run1
e0f8a53d3ab93e7900633fc8fa40631e<::>8	Q0	164628-0-817	3	0.333333	run1
e0f8a53d3ab93e7900633fc8fa40631e<::>8	Q0	101490-0-669	4	0.250000	run1
e0f8a53d3ab93e7900633fc8fa40631e<::>8	Q0	396852-0-167	5	0.200000	run1
e0f8a53d3ab93e7900633fc8fa40631e<::>8	Q0	336917-0-1072	6	0.166667	run1
e0f8a53d3ab93e7900633fc8fa40631e<::>8	Q0	41330-0-205	7	0.142857	run1
e0f8a53d3ab93e7900633fc8fa40631e<::>8	Q0	559883-0-640	8	0.125000	run1
e0f8a53d3ab93e7900633fc8fa40631e<::>8	Q0	195637-0-268	9	0.111111	run1
e0f8a53d3ab93e7900633fc8fa40631e<::>8	Q0	79375-0-1376	10	0.100000	run1
e0f8a53d3ab93e7900633fc8fa40631e<::>9	Q0	17166-0-1508	1	1.000000	run1
e0f8a53d3ab93e7900633fc8fa40631e<::>9	Q0	81148-0-1227	2	0.500000	run1
e0f8a53d3ab93e7900633fc8fa40631e<::>9	Q0	396852-0-167	3	0.333333	run1
e0f8a53d3ab93e7900633fc8fa40631e<::>9	Q0	441632-0-459	4	0.250000	run1
e0f8a53d3ab93e7900633fc8fa40631e<::>9	Q0	102345-0-1329	5	0.200000	run1
e0f8a53d3ab93e7900633fc8fa40631e<::>9	Q0	41330-0-205	6	0.166667	run1
e0f8a53d3ab93e7900633fc8fa40631e<::>9	Q0	403930-0-1767	7	0.142857	run1
e0f8a53d3ab93e7900633fc8fa40631e<::>9	Q0	175679-0-522	8	0.125000	run1
e0f8a53d3ab93e7900633fc8fa40631e<::>9	Q0	529543-0-1156	9	0.111111	run1
e0f8a53d3ab93e7900633fc8fa40631e<::>9	Q0	290105-0-662	10	0.100000	run1
e0f8a53d3ab93e7900633fc8fa40631e<::>10	Q0	194155-0-701	1	1.000000	run1
e0f8a53d3ab93e7900633fc8fa40631e<::>10	Q0	591495-0-582	2	0.500000	run1
e0f8a53d3ab93e7900633fc8fa40631e<::>10	Q0	545184-0-1222	3	0.333333	run1
e0f8a53d3ab93e7900633fc8fa40631e<::>10	Q0	129730-0-965	4	0.250000	run1
e0f8a53d3ab93e7900633fc8fa40631e<::>10	Q0	432939-0-389	5	0.200000	run1
e0f8a53d3ab93e7900633fc8fa40631e<::>10	Q0	380003-0-727	6	0.166667	run1
e0f8a53d3ab93e7900633fc8fa40631e<::>10	Q0	559883-0-640	7	0.142857	run1
e0f8a53d3ab93e7900633fc8fa40631e<::>10	Q0	39376-0-1570	8	0.125000	run1
e0f8a53d3ab93e7900633fc8fa40631e<::>10	Q0	12488-0-697	9	0.111111	run1
e0f8a53d3ab93e7900633fc8fa40631e<::>10	Q0	425397-0-1482	10	0.100000	run1
4da5a7f42f3b2dc4d875dcfa2fcdefef<::>1	Q0	329713-0-956	1	1.000000	run1
4da5a7f42f3b2dc4d875dcfa2fcdefef<::>1	Q0	128433-0-310	2	0.500000	run1
4da5a7f42f3b2dc4d875dcfa2fcdefef<::>1	Q0	89403-0-1426	3	0.333333	run1
4da5a7f42f3b2dc4d875dcfa2fcdefef<::>1	Q0	498955-0-1812	4	0.250000	run1
4da5a7f42f3b2dc4d875dcfa2fcdefef<::>1	Q0	423809-0-476	5	0.200000	run1
4da5a7f42f3b2dc4d875dcfa2fcdefef<::>1	Q0	346166-0-739	6	0.166667	run1
4da5a7f42f3b2dc4d875dcfa2fcdefef<::>1	Q0	6341-0-380	7	0.142857	run1
4da5a7f42f3b2dc4d875dcfa2fcdefef<::>1	Q0	2860-0-1413	8	0.125000	run1
4da5a7f42f3b2dc4d875dcfa2fcdefef<::>1	Q0	588719-0-799	9	0.111111	run1
4da5a7f42f3b2dc4d875dcfa2fcdefef<::>1	Q0	259228-0-508	10	0.100000	run1
4da5a7f42f3b2dc4d875dcfa2fcdefef<::>2	Q0	66963-0-1507	1	1.000000	run1
4da5a7f42f3b2dc4d875dcfa2fcdefef<::>2	Q0	166627-0-1445	2	0.500000	run1
4da5a7f42f3b2dc4d875dcfa2fcdefef<::>2	Q0	498955-0-1812	3	0.333333	run1
4da5a7f42f3b2dc4d875dcfa2fcdefef<::>2	Q0	385320-0-1651	4	0.250000	run1
4da5a7f42f3b2dc4d875dcfa2fcdefef<::>2	Q0	255393-0-154	5	0.200000	run1
4da5a7f42f3b2dc4d875dcfa2fcdefef<::>2	Q0	72135-0-251	6	0.166667	run1
4da5a7f42f3b2dc4d875dcfa2fcdefef<::>2	Q0	99730-0-927	7	0.142857	run1
4da5a7f42f3b2dc4d875dcfa2fcdefef<::>2	Q0	486729-0-1123	8	0.125000	run1
4da5a7f42f3b2dc4d875dcfa2fcdefef<::>2	Q0	367473-0-458	9	0.111111	run1
4da5a7f42f3b2dc4d875dcfa2fcdefef<::>2	Q0	482332-0-177	10	0.100000	run1
4da5a7f42f3b2dc4d875dcfa2fcdefef<::>3	Q0	188406-0-584	1	1.000000	run1
4da5a7f42f3b2dc4d875dcfa2fcdefef<::>3	Q0	121866-0-216	2	0.500000	run1
4da5a7f42f3b2dc4d875dcfa2fcdefef<::>3	Q0	293363-0-2112	3	0.333333	run1
4da5a7f42f3b2dc4d875dcfa2fcdefef<::>3	Q0	47979-0-751	4	0.250000	run1
4da5a7f42f3b2dc4d875dcfa2fcdefef<::>3	Q0	2460-0-671	5	0.200000	run1
4da5a7f42f3b2dc4d875dcfa2fcdefef<::>3	Q0	169632-0-791	6	0.166667	run1
4da5a7f42f3b2dc4d875dcfa2fcdefef<::>3	Q0	44223-0-689	7	0.142857	run1
4da5a7f42f3b2dc4d875dcfa2fcdefef<::>3	Q0	290704-0-206	8	0.125000	run1
4da5a7f42f3b2dc4d875dcfa2fcdefef<::>3	Q0	264341-0-931	9	0.111111	run1
4da5a7f42f3b2dc4d875dcfa2fcdefef<::>3	Q0	104081-0-259	10	0.100000	run1
4da5a7f42f3b2dc4d875dcfa2fcdefef<::>5	Q0	89403-0-1426	1	1.000000	run1
4da5a7f42f3b2dc4d875dcfa2fcdefef<::>5	Q0	498955-0-1812	2	0.500000	run1
4da5a7f42f3b2dc4d875dcfa2fcdefef<::>5	Q0	226590-0-989	3	0.333333	run1
4da5a7f42f3b2dc4d875dcfa2fcdefef<::>5	Q0	329713-0-956	4	0.250000	run1
4da5a7f42f3b2dc4d875dcfa2fcdefef<::>5	Q0	90632-0-2072	5	0.200000	run1
4da5a7f42f3b2dc4d875dcfa2fcdefef<::>5	Q0	111466-0-2341	6	0.166667	run1
4da5a7f42f3b2dc4d875dcfa2fcdefef<::>5	Q0	488609-0-687	7	0.142857	run1
4da5a7f42f3b2dc4d875dcfa2fcdefef<::>5	Q0	267422-0-1665	8	0.125000	run1
4da5a7f42f3b2dc4d875dcfa2fcdefef<::>5	Q0	475798-0-364	9	0.111111	run1
4da5a7f42f3b2dc4d875dcfa2fcdefef<::>5	Q0	166627-0-1445	10	0.100000	run1
4da5a7f42f3b2dc4d875dcfa2fcdefef<::>6	Q0	390461-0-2048	1	1.000000	run1
4da5a7f42f3b2dc4d875dcfa2fcdefef<::>6	Q0	280140-1695-2866	2	0.500000	run1
4da5a7f42f3b2dc4d875dcfa2fcdefef<::>6	Q0	233535-1511-2730	3	0.333333	run1
4da5a7f42f3b2dc4d875dcfa2fcdefef<::>6	Q0	451180-0-882	4	0.250000	run1
4da5a7f42f3b2dc4d875dcfa2fcdefef<::>6	Q0	90632-0-2072	5	0.200000	run1
4da5a7f42f3b2dc4d875dcfa2fcdefef<::>6	Q0	197093-0-2078	6	0.166667	run1
4da5a7f42f3b2dc4d875dcfa2fcdefef<::>6	Q0	18388-0-145	7	0.142857	run1
4da5a7f42f3b2dc4d875dcfa2fcdefef<::>6	Q0	214082-0-882	8	0.125000	run1
4da5a7f42f3b2dc4d875dcfa2fcdefef<::>6	Q0	528186-0-908	9	0.111111	run1
4da5a7f42f3b2dc4d875dcfa2fcdefef<::>6	Q0	161422-0-1119	10	0.100000	run1
4da5a7f42f3b2dc4d875dcfa2fcdefef<::>7	Q0	374331-0-1071	1	1.000000	run1
4da5a7f42f3b2dc4d875dcfa2fcdefef<::>7	Q0	417785-0-811	2	0.500000	run1
4da5a7f42f3b2dc4d875dcfa2fcdefef<::>7	Q0	453074-0-1063	3	0.333333	run1
4da5a7f42f3b2dc4d875dcfa2fcdefef<::>7	Q0	241866-0-262	4	0.250000	run1
4da5a7f42f3b2dc4d875dcfa2fcdefef<::>7	Q0	194944-0-1185	5	0.200000	run1
4da5a7f42f3b2dc4d875dcfa2fcdefef<::>7	Q0	147573-0-1817	6	0.166667	run1
4da5a7f42f3b2dc4d875dcfa2fcdefef<::>7	Q0	268777-0-459	7	0.142857	run1
4da5a7f42f3b2dc4d875dcfa2fcdefef<::>7	Q0	136976-0-241	8	0.125000	run1
4da5a7f42f3b2dc4d875dcfa2fcdefef<::>7	Q0	176350-0-542	9	0.111111	run1
4da5a7f42f3b2dc4d875dcfa2fcdefef<::>7	Q0	26996-0-849	10	0.100000	run1
4da5a7f42f3b2dc4d875dcfa2fcdefef<::>8	Q0	66963-0-1507	1	1.000000	run1
4da5a7f42f3b2dc4d875dcfa2fcdefef<::>8	Q0	280140-1695-2866	2	0.500000	run1
4da5a7f42f3b2dc4d875dcfa2fcdefef<::>8	Q0	166627-0-1445	3	0.333333	run1
4da5a7f42f3b2dc4d875dcfa2fcdefef<::>8	Q0	423809-0-476	4	0.250000	run1
4da5a7f42f3b2dc4d875dcfa2fcdefef<::>8	Q0	47979-0-751	5	0.200000	run1
4da5a7f42f3b2dc4d875dcfa2fcdefef<::>8	Q0	158285-0-236	6	0.166667	run1
4da5a7f42f3b2dc4d875dcfa2fcdefef<::>8	Q0	90632-0-2072	7	0.142857	run1
4da5a7f42f3b2dc4d875dcfa2fcdefef<::>8	Q0	498751-0-559	8	0.125000	run1
4da5a7f42f3b2dc4d875dcfa2fcdefef<::>8	Q0	427175-0-750	9	0.111111	run1
4da5a7f42f3b2dc4d875dcfa2fcdefef<::>8	Q0	261273-0-606	10	0.100000	run1
af5e45e59e1254e0b7869cb477674d02<::>2	Q0	339106-0-653	1	1.000000	run1
af5e45e59e1254e0b7869cb477674d02<::>2	Q0	309199-0-386	2	0.500000	run1
af5e45e59e1254e0b7869cb477674d02<::>2	Q0	146076-0-441	3	0.333333	run1
af5e45e59e1254e0b7869cb477674d02<::>2	Q0	291903-0-768	4	0.250000	run1
af5e45e59e1254e0b7869cb477674d02<::>2	Q0	391291-0-1627	5	0.200000	run1
af5e45e59e1254e0b7869cb477674d02<::>2	Q0	72845-0-377	6	0.166667	run1
af5e45e59e1254e0b7869cb477674d02<::>2	Q0	340661-0-772	7	0.142857	run1
af5e45e59e1254e0b7869cb477674d02<::>2	Q0	203791-0-1080	8	0.125000	run1
af5e45e59e1254e0b7869cb477674d02<::>2	Q0	229744-0-781	9	0.111111	run1
af5e45e59e1254e0b7869cb477674d02<::>2	Q0	92593-0-284	10	0.100000	run1
af5e45e59e1254e0b7869cb477674d02<::>3	Q0	146076-0-441	1	1.000000	run1
af5e45e59e1254e0b7869cb477674d02<::>3	Q0	391291-0-1627	2	0.500000	run1
af5e45e59e1254e0b7869cb477674d02<::>3	Q0	309199-0-386	3	0.333333	run1
af5e45e59e1254e0b7869cb477674d02<::>3	Q0	516379-0-398	4	0.250000	run1
af5e45e59e1254e0b7869cb477674d02<::>3	Q0	246522-0-717	5	0.200000	run1
af5e45e59e1254e0b7869cb477674d02<::>3	Q0	339106-0-653	6	0.166667	run1
af5e45e59e1254e0b7869cb477674d02<::>3	Q0	143861-0-766	7	0.142857	run1
af5e45e59e1254e0b7869cb477674d02<::>3	Q0	566028-0-447	8	0.125000	run1
af5e45e59e1254e0b7869cb477674d02<::>3	Q0	390779-0-1738	9	0.111111	run1
af5e45e59e1254e0b7869cb477674d02<::>3	Q0	260773-0-395	10	0.100000	run1
af5e45e59e1254e0b7869cb477674d02<::>4	Q0	146076-0-441	1	1.000000	run1
af5e45e59e1254e0b7869cb477674d02<::>4	Q0	516379-0-398	2	0.500000	run1
af5e45e59e1254e0b7869cb477674d02<::>4	Q0	391291-0-1627	3	0.333333	run1
af5e45e59e1254e0b7869cb477674d02<::>4	Q0	390779-0-1738	4	0.250000	run1
af5e45e59e1254e0b7869cb477674d02<::>4	Q0	349181-0-172	5	0.200000	run1
af5e45e59e1254e0b7869cb477674d02<::>4	Q0	446190-0-1252	6	0.166667	run1
af5e45e59e1254e0b7869cb477674d02<::>4	Q0	72321-0-685	7	0.142857	run1
af5e45e59e1254e0b7869cb477674d02<::>4	Q0	566028-0-447	8	0.125000	run1
af5e45e59e1254e0b7869cb477674d02<::>4	Q0	246522-0-717	9	0.111111	run1
af5e45e59e1254e0b7869cb477674d02<::>4	Q0	46211-0-158	10	0.100000	run1
af5e45e59e1254e0b7869cb477674d02<::>5	Q0	349181-0-172	1	1.000000	run1
af5e45e59e1254e0b7869cb477674d02<::>5	Q0	377322-0-2225	2	0.500000	run1
af5e45e59e1254e0b7869cb477674d02<::>5	Q0	553066-0-1326	3	0.333333	run1
af5e45e59e1254e0b7869cb477674d02<::>5	Q0	548596-0-1407	4	0.250000	run1
af5e45e59e1254e0b7869cb477674d02<::>5	Q0	493321-0-876	5	0.200000	run1
af5e45e59e1254e0b7869cb477674d02<::>5	Q0	215416-0-519	6	0.166667	run1
af5e45e59e1254e0b7869cb477674d02<::>5	Q0	244711-0-619	7	0.142857	run1
af5e45e59e1254e0b7869cb477674d02<::>5	Q0	147981-0-359	8	0.125000	run1
af5e45e59e1254e0b7869cb477674d02<::>5	Q0	24269-0-744	9	0.111111	run1
af5e45e59e1254e0b7869cb477674d02<::>5	Q0	27067-0-237	10	0.100000	run1
af5e45e59e1254e0b7869cb477674d02<::>6	Q0	369424-0-676	1	1.000000	run1
af5e45e59e1254e0b7869cb477674d02<::>6	Q0	574696-0-683	2	0.500000	run1
af5e45e59e1254e0b7869cb477674d02<::>6	Q0	377020-0-418	3	0.333333	run1
af5e45e59e1254e0b7869cb477674d02<::>6	Q0	197052-0-480	4	0.250000	run1
af5e45e59e1254e0b7869cb477674d02<::>6	Q0	161041-0-105	5	0.200000	run1
af5e45e59e1254e0b7869cb477674d02<::>6	Q0	248398-0-276	6	0.166667	run1
af5e45e59e1254e0b7869cb477674d02<::>6	Q0	295993-0-1716	7	0.142857	run1
af5e45e59e1254e0b7869cb477674d02<::>6	Q0	552375-0-410	8	0.125000	run1
af5e45e59e1254e0b7869cb477674d02<::>6	Q0	413521-0-618	9	0.111111	run1
af5e45e59e1254e0b7869cb477674d02<::>6	Q0	204297-5274-7160	10	0.100000	run1
af5e45e59e1254e0b7869cb477674d02<::>7	Q0	339106-0-653	1	1.000000	run1
af5e45e59e1254e0b7869cb477674d02<::>7	Q0	309199-0-386	2	0.500000	run1
af5e45e59e1254e0b7869cb477674d02<::>7	Q0	126007-0-526	3	0.333333	run1
af5e45e59e1254e0b7869cb477674d02<::>7	Q0	524050-0-68	4	0.250000	run1
af5e45e59e1254e0b7869cb477674d02<::>7	Q0	291903-0-768	5	0.200000	run1
af5e45e59e1254e0b7869cb477674d02<::>7	Q0	200893-0-315	6	0.166667	run1
af5e45e59e1254e0b7869cb477674d02<::>7	Q0	56292-0-145	7	0.142857	run1
af5e45e59e1254e0b7869cb477674d02<::>7	Q0	169483-0-257	8	0.125000	run1
af5e45e59e1254e0b7869cb477674d02<::>7	Q0	123287-0-351	9	0.111111	run1
af5e45e59e1254e0b7869cb477674d02<::>7	Q0	365194-0-1242	10	0.100000	run1
af5e45e59e1254e0b7869cb477674d02<::>8	Q0	309199-0-386	1	1.000000	run1
af5e45e59e1254e0b7869cb477674d02<::>8	Q0	260773-0-395	2	0.500000	run1
af5e45e59e1254e0b7869cb477674d02<::>8	Q0	257404-0-486	3	0.333333	run1
af5e45e59e1254e0b7869cb477674d02<::>8	Q0	589507-0-307	4	0.250000	run1
af5e45e59e1254e0b7869cb477674d02<::>8	Q0	188344-0-693	5	0.200000	run1
af5e45e59e1254e0b7869cb477674d02<::>8	Q0	336005-0-1059	6	0.166667	run1
af5e45e59e1254e0b7869cb477674d02<::>8	Q0	143264-0-180	7	0.142857	run1
af5e45e59e1254e0b7869cb477674d02<::>8	Q0	56292-0-145	8	0.125000	run1
af5e45e59e1254e0b7869cb477674d02<::>8	Q0	63-0-1365	9	0.111111	run1
af5e45e59e1254e0b7869cb477674d02<::>8	Q0	246522-0-717	10	0.100000	run1
af5e45e59e1254e0b7869cb477674d02<::>9	Q0	349181-0-172	1	1.000000	run1
af5e45e59e1254e0b7869cb477674d02<::>9	Q0	548596-0-1407	2	0.500000	run1
af5e45e59e1254e0b7869cb477674d02<::>9	Q0	377322-0-2225	3	0.333333	run1
af5e45e59e1254e0b7869cb477674d02<::>9	Q0	64881-0-420	4	0.250000	run1
af5e45e59e1254e0b7869cb477674d02<::>9	Q0	38863-0-1507	5	0.200000	run1
af5e45e59e1254e0b7869cb477674d02<::>9	Q0	260773-0-395	6	0.166667	run1
af5e45e59e1254e0b7869cb477674d02<::>9	Q0	86281-0-274	7	0.142857	run1
af5e45e59e1254e0b7869cb477674d02<::>9	Q0	553066-0-1326	8	0.125000	run1
af5e45e59e1254e0b7869cb477674d02<::>9	Q0	246522-0-717	9	0.111111	run1
af5e45e59e1254e0b7869cb477674d02<::>9	Q0	257404-0-486	10	0.100000	run1
