5b2404d71f9ff7edabddb3b1a8b329e7<::>1	Q0	5e21a62a341c7130-733-2992	1	1.000000	run1
5b2404d71f9ff7edabddb3b1a8b329e7<::>1	Q0	c8db6e06ff46669e-50302-52227	2	0.500000	run1
5b2404d71f9ff7edabddb3b1a8b329e7<::>1	Q0	7d4d64e7f6aff125-3194-5132	3	0.333333	run1
5b2404d71f9ff7edabddb3b1a8b329e7<::>1	Q0	5e21a62a341c7130-2-2108	4	0.250000	run1
5b2404d71f9ff7edabddb3b1a8b329e7<::>1	Q0	9c5c4370a07f2806-31678-33617	5	0.200000	run1
5b2404d71f9ff7edabddb3b1a8b329e7<::>1	Q0	3120ebe0fe3a911e-5535-7804	6	0.166667	run1
5b2404d71f9ff7edabddb3b1a8b329e7<::>1	Q0	06dcac21ce5f8eb1-0-2278	7	0.142857	run1
5b2404d71f9ff7edabddb3b1a8b329e7<::>1	Q0	5e21a62a341c7130-2109-4325	8	0.125000	run1
5b2404d71f9ff7edabddb3b1a8b329e7<::>1	Q0	d322987bb4472ab7-2-2228	9	0.111111	run1
5b2404d71f9ff7edabddb3b1a8b329e7<::>1	Q0	4baf1efa50300ec9-3983-5945	10	0.100000	run1
5b2404d71f9ff7edabddb3b1a8b329e7<::>2	Q0	7d4d64e7f6aff125-3194-5132	1	1.000000	run1
5b2404d71f9ff7edabddb3b1a8b329e7<::>2	Q0	c8db6e06ff46669e-50302-52227	2	0.500000	run1
5b2404d71f9ff7edabddb3b1a8b329e7<::>2	Q0	06dcac21ce5f8eb1-0-2278	3	0.333333	run1
5b2404d71f9ff7edabddb3b1a8b329e7<::>2	Q0	7d4d64e7f6aff125-4718-6718	4	0.250000	run1
5b2404d71f9ff7edabddb3b1a8b329e7<::>2	Q0	d322987bb4472ab7-2-2228	5	0.200000	run1
5b2404d71f9ff7edabddb3b1a8b329e7<::>2	Q0	7d4d64e7f6aff125-1590-3637	6	0.166667	run1
5b2404d71f9ff7edabddb3b1a8b329e7<::>2	Q0	c8db6e06ff46669e-51823-53868	7	0.142857	run1
5b2404d71f9ff7edabddb3b1a8b329e7<::>2	Q0	c8db6e06ff46669e-48670-50814	8	0.125000	run1
5b2404d71f9ff7edabddb3b1a8b329e7<::>2	Q0	57945b90ec0bcb30-1606-3822	9	0.111111	run1
5b2404d71f9ff7edabddb3b1a8b329e7<::>2	Q0	7ee11af8e6763c95-10620-12851	10	0.100000	run1
5b2404d71f9ff7edabddb3b1a8b329e7<::>3	Q0	06dcac21ce5f8eb1-0-2278	1	1.000000	run1
5b2404d71f9ff7edabddb3b1a8b329e7<::>3	Q0	cfd9f064aa3ec98a-2-2128	2	0.500000	run1
5b2404d71f9ff7edabddb3b1a8b329e7<::>3	Q0	7d4d64e7f6aff125-3194-5132	3	0.333333	run1
5b2404d71f9ff7edabddb3b1a8b329e7<::>3	Q0	40c9abb9bf61d84b-2-2179	4	0.250000	run1
5b2404d71f9ff7edabddb3b1a8b329e7<::>3	Q0	7f851a7621a884ae-2-2292	5	0.200000	run1
5b2404d71f9ff7edabddb3b1a8b329e7<::>3	Q0	c8db6e06ff46669e-50302-52227	6	0.166667	run1
5b2404d71f9ff7edabddb3b1a8b329e7<::>3	Q0	cfd9f064aa3ec98a-1607-3200	7	0.142857	run1
5b2404d71f9ff7edabddb3b1a8b329e7<::>3	Q0	86e83dcdf482424a-2-2243	8	0.125000	run1
5b2404d71f9ff7edabddb3b1a8b329e7<::>3	Q0	cca3b9b8fcfe9978-1558-3966	9	0.111111	run1
5b2404d71f9ff7edabddb3b1a8b329e7<::>3	Q0	40c9abb9bf61d84b-1684-3975	10	0.100000	run1
5b2404d71f9ff7edabddb3b1a8b329e7<::>4	Q0	9b3d2c7ddb18018c-2-1699	1	1.000000	run1
5b2404d71f9ff7edabddb3b1a8b329e7<::>4	Q0	a1c9c67dafb9fa2c-1342-3508	2	0.500000	run1
5b2404d71f9ff7edabddb3b1a8b329e7<::>4	Q0	e8fc94cbbf449b66-2-1703	3	0.333333	run1
5b2404d71f9ff7edabddb3b1a8b329e7<::>4	Q0	35b1d4a5ce1b0313-1421-3591	4	0.250000	run1
5b2404d71f9ff7edabddb3b1a8b329e7<::>4	Q0	dd9ce1888b455522-2-1704	5	0.200000	run1
5b2404d71f9ff7edabddb3b1a8b329e7<::>4	Q0	78706e886bee00fb-4510-6961	6	0.166667	run1
5b2404d71f9ff7edabddb3b1a8b329e7<::>4	Q0	8cf7817cb89740ce-1614-3951	7	0.142857	run1
5b2404d71f9ff7edabddb3b1a8b329e7<::>4	Q0	031693dc1490c39e-3478-5128	8	0.125000	run1
5b2404d71f9ff7edabddb3b1a8b329e7<::>4	Q0	97a959fa01210b9d-1473-3190	9	0.111111	run1
5b2404d71f9ff7edabddb3b1a8b329e7<::>4	Q0	a1c9c67dafb9fa2c-5-1821	10	0.100000	run1
5b2404d71f9ff7edabddb3b1a8b329e7<::>5	Q0	031693dc1490c39e-4593-6990	1	1.000000	run1
5b2404d71f9ff7edabddb3b1a8b329e7<::>5	Q0	fc34746012221341-2-1757	2	0.500000	run1
5b2404d71f9ff7edabddb3b1a8b329e7<::>5	Q0	78706e886bee00fb-4510-6961	3	0.333333	run1
5b2404d71f9ff7edabddb3b1a8b329e7<::>5	Q0	a835512e7cc8fff7-7174-8924	4	0.250000	run1
5b2404d71f9ff7edabddb3b1a8b329e7<::>5	Q0	bc5d902abafcfb27-1583-3445	5	0.200000	run1
5b2404d71f9ff7edabddb3b1a8b329e7<::>5	Q0	a835512e7cc8fff7-8563-10389	6	0.166667	run1
5b2404d71f9ff7edabddb3b1a8b329e7<::>5	Q0	278ce8cf93b39363-2-1851	7	0.142857	run1
5b2404d71f9ff7edabddb3b1a8b329e7<::>5	Q0	51904ed6cfc621d1-1653-4044	8	0.125000	run1
5b2404d71f9ff7edabddb3b1a8b329e7<::>5	Q0	e68cc466d3307d8c-2-1810	9	0.111111	run1
5b2404d71f9ff7edabddb3b1a8b329e7<::>5	Q0	031693dc1490c39e-3478-5128	10	0.100000	run1
5b2404d71f9ff7edabddb3b1a8b329e7<::>7	Q0	4d3eba5aeb31c32c-2848-4992	1	1.000000	run1
5b2404d71f9ff7edabddb3b1a8b329e7<::>7	Q0	4d3eba5aeb31c32c-1491-3290	2	0.500000	run1
5b2404d71f9ff7edabddb3b1a8b329e7<::>7	Q0	89c8998bbb932fff-0-2046	3	0.333333	run1
5b2404d71f9ff7edabddb3b1a8b329e7<::>7	Q0	c3c10af52eadf3ed-2-2087	4	0.250000	run1
5b2404d71f9ff7edabddb3b1a8b329e7<::>7	Q0	cca3b9b8fcfe9978-6993-9176	5	0.200000	run1
5b2404d71f9ff7edabddb3b1a8b329e7<::>7	Q0	926400532cb9a7c5-2-2135	6	0.166667	run1
5b2404d71f9ff7edabddb3b1a8b329e7<::>7	Q0	62cb034e5c60c83b-0-1594	7	0.142857	run1
5b2404d71f9ff7edabddb3b1a8b329e7<::>7	Q0	e9ce592cd13f79de-8741-11089	8	0.125000	run1
5b2404d71f9ff7edabddb3b1a8b329e7<::>7	Q0	e24601ea68d43eae-1565-3874	9	0.111111	run1
5b2404d71f9ff7edabddb3b1a8b329e7<::>7	Q0	896904ba5439d441-0-1127	10	0.100000	run1
5b2404d71f9ff7edabddb3b1a8b329e7<::>8	Q0	5306392549c81595-1282-3632	1	1.000000	run1
5b2404d71f9ff7edabddb3b1a8b329e7<::>8	Q0	ba03c78139cef9df-7144-9568	2	0.500000	run1
5b2404d71f9ff7edabddb3b1a8b329e7<::>8	Q0	28f6abec5bb810ba-5134-7570	3	0.333333	run1
5b2404d71f9ff7edabddb3b1a8b329e7<::>8	Q0	b51533174b7fc35b-3656-5929	4	0.250000	run1
5b2404d71f9ff7edabddb3b1a8b329e7<::>8	Q0	28f6abec5bb810ba-3483-5697	5	0.200000	run1
5b2404d71f9ff7edabddb3b1a8b329e7<::>8	Q0	579010a5c29a5f11-16188-18632	6	0.166667	run1
5b2404d71f9ff7edabddb3b1a8b329e7<::>8	Q0	d08ac2f2295cf396-1357-3431	7	0.142857	run1
5b2404d71f9ff7edabddb3b1a8b329e7<::>8	Q0	ba03c78139cef9df-5724-7788	8	0.125000	run1
5b2404d71f9ff7edabddb3b1a8b329e7<::>8	Q0	5306392549c81595-5-1875	9	0.111111	run1
5b2404d71f9ff7edabddb3b1a8b329e7<::>8	Q0	3b485000cc772150-3698-6093	10	0.100000	run1
62a5aee8a497bee6fc467df13bf23cfc<::>1	Q0	62964e3a38783558-42267-44322	1	1.000000	run1
62a5aee8a497bee6fc467df13bf23cfc<::>1	Q0	b4521304b77788b6-2983-5131	2	0.500000	run1
62a5aee8a497bee6fc467df13bf23cfc<::>1	Q0	b4521304b77788b6-4612-6743	3	0.333333	run1
62a5aee8a497bee6fc467df13bf23cfc<::>1	Q0	7d4d64e7f6aff125-14547-16689	4	0.250000	run1
62a5aee8a497bee6fc467df13bf23cfc<::>1	Q0	b4521304b77788b6-1579-3491	5	0.200000	run1
62a5aee8a497bee6fc467df13bf23cfc<::>1	Q0	7531adf0d4e6b643-3292-5581	6	0.166667	run1
62a5aee8a497bee6fc467df13bf23cfc<::>1	Q0	83996e640d2db8e6-1808-3957	7	0.142857	run1
62a5aee8a497bee6fc467df13bf23cfc<::>1	Q0	8b076ccff5b50410-0-2279	8	0.125000	run1
62a5aee8a497bee6fc467df13bf23cfc<::>1	Q0	62964e3a38783558-43597-45661	9	0.111111	run1
62a5aee8a497bee6fc467df13bf23cfc<::>1	Q0	5ed8d5fe6c497e3d-8087-10079	10	0.100000	run1
62a5aee8a497bee6fc467df13bf23cfc<::>2	Q0	62964e3a38783558-42267-44322	1	1.000000	run1
62a5aee8a497bee6fc467df13bf23cfc<::>2	Q0	b4521304b77788b6-4612-6743	2	0.500000	run1
62a5aee8a497bee6fc467df13bf23cfc<::>2	Q0	b4521304b77788b6-2983-5131	3	0.333333	run1
62a5aee8a497bee6fc467df13bf23cfc<::>2	Q0	7d4d64e7f6aff125-14547-16689	4	0.250000	run1
62a5aee8a497bee6fc467df13bf23cfc<::>2	Q0	b4521304b77788b6-2-2025	5	0.200000	run1
62a5aee8a497bee6fc467df13bf23cfc<::>2	Q0	2100356a53ac4239-4680-6941	6	0.166667	run1
62a5aee8a497bee6fc467df13bf23cfc<::>2	Q0	5ed8d5fe6c497e3d-8087-10079	7	0.142857	run1
62a5aee8a497bee6fc467df13bf23cfc<::>2	Q0	2100356a53ac4239-4345-6795	8	0.125000	run1
62a5aee8a497bee6fc467df13bf23cfc<::>2	Q0	5ed8d5fe6c497e3d-9783-11678	9	0.111111	run1
62a5aee8a497bee6fc467df13bf23cfc<::>2	Q0	c8db6e06ff46669e-60296-62504	10	0.100000	run1
62a5aee8a497bee6fc467df13bf23cfc<::>3	Q0	62964e3a38783558-42267-44322	1	1.000000	run1
62a5aee8a497bee6fc467df13bf23cfc<::>3	Q0	b4521304b77788b6-4612-6743	2	0.500000	run1
62a5aee8a497bee6fc467df13bf23cfc<::>3	Q0	b4521304b77788b6-2983-5131	3	0.333333	run1
62a5aee8a497bee6fc467df13bf23cfc<::>3	Q0	b4521304b77788b6-2-2025	4	0.250000	run1
62a5aee8a497bee6fc467df13bf23cfc<::>3	Q0	b4521304b77788b6-1579-3491	5	0.200000	run1
62a5aee8a497bee6fc467df13bf23cfc<::>3	Q0	7d4d64e7f6aff125-14547-16689	6	0.166667	run1
62a5aee8a497bee6fc467df13bf23cfc<::>3	Q0	7531adf0d4e6b643-3292-5581	7	0.142857	run1
62a5aee8a497bee6fc467df13bf23cfc<::>3	Q0	62964e3a38783558-43597-45661	8	0.125000	run1
62a5aee8a497bee6fc467df13bf23cfc<::>3	Q0	62964e3a38783558-39321-41122	9	0.111111	run1
62a5aee8a497bee6fc467df13bf23cfc<::>3	Q0	62964e3a38783558-40656-42759	10	0.100000	run1
62a5aee8a497bee6fc467df13bf23cfc<::>4	Q0	bd85292caef878db-2-2466	1	1.000000	run1
62a5aee8a497bee6fc467df13bf23cfc<::>4	Q0	a662213c00342b30-0-2631	2	0.500000	run1
62a5aee8a497bee6fc467df13bf23cfc<::>4	Q0	8d4222df41298790-2-2238	3	0.333333	run1
62a5aee8a497bee6fc467df13bf23cfc<::>4	Q0	160ac15a00f4edf1-2-2509	4	0.250000	run1
62a5aee8a497bee6fc467df13bf23cfc<::>4	Q0	8d4222df41298790-6031-8152	5	0.200000	run1
62a5aee8a497bee6fc467df13bf23cfc<::>4	Q0	6bb4f61bf7a1cece-0-2738	6	0.166667	run1
62a5aee8a497bee6fc467df13bf23cfc<::>4	Q0	1c5eb206264d4265-2-1936	7	0.142857	run1
62a5aee8a497bee6fc467df13bf23cfc<::>4	Q0	79e6164bd57f54a8-5719-6113	8	0.125000	run1
62a5aee8a497bee6fc467df13bf23cfc<::>4	Q0	70fe3b662e1ef127-1759-3862	9	0.111111	run1
62a5aee8a497bee6fc467df13bf23cfc<::>4	Q0	47379dea45751c7d-0-1153	10	0.100000	run1
62a5aee8a497bee6fc467df13bf23cfc<::>5	Q0	62964e3a38783558-42267-44322	1	1.000000	run1
62a5aee8a497bee6fc467df13bf23cfc<::>5	Q0	b4521304b77788b6-2983-5131	2	0.500000	run1
62a5aee8a497bee6fc467df13bf23cfc<::>5	Q0	b4521304b77788b6-4612-6743	3	0.333333	run1
62a5aee8a497bee6fc467df13bf23cfc<::>5	Q0	e1fb7e359e42d556-10016-12212	4	0.250000	run1
62a5aee8a497bee6fc467df13bf23cfc<::>5	Q0	b4521304b77788b6-2-2025	5	0.200000	run1
62a5aee8a497bee6fc467df13bf23cfc<::>5	Q0	7531adf0d4e6b643-3292-5581	6	0.166667	run1
62a5aee8a497bee6fc467df13bf23cfc<::>5	Q0	b265d1fbf3395c36-1371-3681	7	0.142857	run1
62a5aee8a497bee6fc467df13bf23cfc<::>5	Q0	b4521304b77788b6-1579-3491	8	0.125000	run1
62a5aee8a497bee6fc467df13bf23cfc<::>5	Q0	8271770a46023609-6629-8927	9	0.111111	run1
62a5aee8a497bee6fc467df13bf23cfc<::>5	Q0	e1fb7e359e42d556-11819-13825	10	0.100000	run1
62a5aee8a497bee6fc467df13bf23cfc<::>6	Q0	62964e3a38783558-42267-44322	1	1.000000	run1
62a5aee8a497bee6fc467df13bf23cfc<::>6	Q0	b4521304b77788b6-2983-5131	2	0.500000	run1
62a5aee8a497bee6fc467df13bf23cfc<::>6	Q0	b4521304b77788b6-4612-6743	3	0.333333	run1
62a5aee8a497bee6fc467df13bf23cfc<::>6	Q0	e1fb7e359e42d556-10016-12212	4	0.250000	run1
62a5aee8a497bee6fc467df13bf23cfc<::>6	Q0	b4521304b77788b6-2-2025	5	0.200000	run1
62a5aee8a497bee6fc467df13bf23cfc<::>6	Q0	7531adf0d4e6b643-3292-5581	6	0.166667	run1
62a5aee8a497bee6fc467df13bf23cfc<::>6	Q0	b265d1fbf3395c36-1371-3681	7	0.142857	run1
62a5aee8a497bee6fc467df13bf23cfc<::>6	Q0	b4521304b77788b6-1579-3491	8	0.125000	run1
62a5aee8a497bee6fc467df13bf23cfc<::>6	Q0	8271770a46023609-6629-8927	9	0.111111	run1
62a5aee8a497bee6fc467df13bf23cfc<::>6	Q0	e1fb7e359e42d556-11819-13825	10	0.100000	run1
62a5aee8a497bee6fc467df13bf23cfc<::>7	Q0	62964e3a38783558-42267-44322	1	1.000000	run1
62a5aee8a497bee6fc467df13bf23cfc<::>7	Q0	b4521304b77788b6-4612-6743	2	0.500000	run1
62a5aee8a497bee6fc467df13bf23cfc<::>7	Q0	b4521304b77788b6-2983-5131	3	0.333333	run1
62a5aee8a497bee6fc467df13bf23cfc<::>7	Q0	b4521304b77788b6-2-2025	4	0.250000	run1
62a5aee8a497bee6fc467df13bf23cfc<::>7	Q0	7531adf0d4e6b643-3292-5581	5	0.200000	run1
62a5aee8a497bee6fc467df13bf23cfc<::>7	Q0	e1fb7e359e42d556-10016-12212	6	0.166667	run1
62a5aee8a497bee6fc467df13bf23cfc<::>7	Q0	62964e3a38783558-43597-45661	7	0.142857	run1
62a5aee8a497bee6fc467df13bf23cfc<::>7	Q0	e1fb7e359e42d556-11819-13825	8	0.125000	run1
62a5aee8a497bee6fc467df13bf23cfc<::>7	Q0	62964e3a38783558-40656-42759	9	0.111111	run1
62a5aee8a497bee6fc467df13bf23cfc<::>7	Q0	2100356a53ac4239-4345-6795	10	0.100000	run1
2f484ad8f3baf91136f040855892c82e<::>1	Q0	993f9200b1642af5-2-2111	1	1.000000	run1
2f484ad8f3baf91136f040855892c82e<::>1	Q0	c3c65a23f89d1f39-2-2157	2	0.500000	run1
2f484ad8f3baf91136f040855892c82e<::>1	Q0	61a453a165405075-4701-6959	3	0.333333	run1
2f484ad8f3baf91136f040855892c82e<::>1	Q0	0c52473c6e0a6eff-6360-8234	4	0.250000	run1
2f484ad8f3baf91136f040855892c82e<::>1	Q0	681267796f0d8ada-8919-11287	5	0.200000	run1
2f484ad8f3baf91136f040855892c82e<::>1	Q0	155a8b7fe675d9bf-2-2209	6	0.166667	run1
2f484ad8f3baf91136f040855892c82e<::>1	Q0	112a00567c15fc3b-2-2057	7	0.142857	run1
2f484ad8f3baf91136f040855892c82e<::>1	Q0	4d10351b2923b2c0-11577-13535	8	0.125000	run1
2f484ad8f3baf91136f040855892c82e<::>1	Q0	6e52d5b809f037b2-2126-4106	9	0.111111	run1
2f484ad8f3baf91136f040855892c82e<::>1	Q0	993f9200b1642af5-3311-5519	10	0.100000	run1
2f484ad8f3baf91136f040855892c82e<::>2	Q0	0a437f6bacf55ac9-1492-3545	1	1.000000	run1
2f484ad8f3baf91136f040855892c82e<::>2	Q0	0a437f6bacf55ac9-2-1972	2	0.500000	run1
2f484ad8f3baf91136f040855892c82e<::>2	Q0	e18e295369d407a9-5983-7549	3	0.333333	run1
2f484ad8f3baf91136f040855892c82e<::>2	Q0	8869bc6599f5915a-14354-15497	4	0.250000	run1
2f484ad8f3baf91136f040855892c82e<::>2	Q0	f567b1bf95e5454a-6663-8724	5	0.200000	run1
2f484ad8f3baf91136f040855892c82e<::>2	Q0	8869bc6599f5915a-12495-14776	6	0.166667	run1
2f484ad8f3baf91136f040855892c82e<::>2	Q0	b2fd7f2d1c5eeed5-6175-8273	7	0.142857	run1
2f484ad8f3baf91136f040855892c82e<::>2	Q0	cc1618027abe0515-2405-4127	8	0.125000	run1
2f484ad8f3baf91136f040855892c82e<::>2	Q0	e78f12fc09c89667-4498-6632	9	0.111111	run1
2f484ad8f3baf91136f040855892c82e<::>2	Q0	cc1618027abe0515-1204-2916	10	0.100000	run1
2f484ad8f3baf91136f040855892c82e<::>3	Q0	978a62f25fb3880d-6203-8274	1	1.000000	run1
2f484ad8f3baf91136f040855892c82e<::>3	Q0	e8118fabb2392964-7447-9395	2	0.500000	run1
2f484ad8f3baf91136f040855892c82e<::>3	Q0	b65e4bd0a49802bc-6264-8467	3	0.333333	run1
2f484ad8f3baf91136f040855892c82e<::>3	Q0	e4f019094febf336-7894-10050	4	0.250000	run1
2f484ad8f3baf91136f040855892c82e<::>3	Q0	293b2d584473967f-2765-4937	5	0.200000	run1
2f484ad8f3baf91136f040855892c82e<::>3	Q0	3620d502673c0077-7963-10097	6	0.166667	run1
2f484ad8f3baf91136f040855892c82e<::>3	Q0	2020332b56d86ec4-4478-6516	7	0.142857	run1
2f484ad8f3baf91136f040855892c82e<::>3	Q0	4bba2e6d7028e3b6-7653-9744	8	0.125000	run1
2f484ad8f3baf91136f040855892c82e<::>3	Q0	b459ae857ee529c4-8938-11020	9	0.111111	run1
2f484ad8f3baf91136f040855892c82e<::>3	Q0	4365b4b555c80a03-9905-12114	10	0.100000	run1
2f484ad8f3baf91136f040855892c82e<::>4	Q0	155a8b7fe675d9bf-1618-3579	1	1.000000	run1
2f484ad8f3baf91136f040855892c82e<::>4	Q0	21a285aa67c11b24-5644-7816	2	0.500000	run1
2f484ad8f3baf91136f040855892c82e<::>4	Q0	0efbb325f8ad9df8-2-1965	3	0.333333	run1
2f484ad8f3baf91136f040855892c82e<::>4	Q0	148f06c22836a97a-5911-8083	4	0.250000	run1
2f484ad8f3baf91136f040855892c82e<::>4	Q0	d118a4bbe5519b4e-8204-9974	5	0.200000	run1
2f484ad8f3baf91136f040855892c82e<::>4	Q0	d118a4bbe5519b4e-10956-13146	6	0.166667	run1
2f484ad8f3baf91136f040855892c82e<::>4	Q0	155a8b7fe675d9bf-2-2209	7	0.142857	run1
2f484ad8f3baf91136f040855892c82e<::>4	Q0	ac42e129849231bf-5880-8010	8	0.125000	run1
2f484ad8f3baf91136f040855892c82e<::>4	Q0	0efbb325f8ad9df8-6272-8155	9	0.111111	run1
2f484ad8f3baf91136f040855892c82e<::>4	Q0	212dbbebcc01d5ce-7326-9466	10	0.100000	run1
2f484ad8f3baf91136f040855892c82e<::>5	Q0	3847688fbf55fe67-7208-9485	1	1.000000	run1
2f484ad8f3baf91136f040855892c82e<::>5	Q0	3847688fbf55fe67-10519-13021	2	0.500000	run1
2f484ad8f3baf91136f040855892c82e<::>5	Q0	3847688fbf55fe67-5793-7829	3	0.333333	run1
2f484ad8f3baf91136f040855892c82e<::>5	Q0	3847688fbf55fe67-12321-14666	4	0.250000	run1
2f484ad8f3baf91136f040855892c82e<::>5	Q0	654e86e0ca1707c4-7130-9131	5	0.200000	run1
2f484ad8f3baf91136f040855892c82e<::>5	Q0	3847688fbf55fe67-8963-11069	6	0.166667	run1
2f484ad8f3baf91136f040855892c82e<::>5	Q0	da1fdb3adf00e4e9-3-1893	7	0.142857	run1
2f484ad8f3baf91136f040855892c82e<::>5	Q0	654e86e0ca1707c4-3-2189	8	0.125000	run1
2f484ad8f3baf91136f040855892c82e<::>5	Q0	654e86e0ca1707c4-5353-7561	9	0.111111	run1
2f484ad8f3baf91136f040855892c82e<::>5	Q0	654e86e0ca1707c4-1608-4109	10	0.100000	run1
2f484ad8f3baf91136f040855892c82e<::>6	Q0	15a9b4e99e304cb1-7862-9593	1	1.000000	run1
2f484ad8f3baf91136f040855892c82e<::>6	Q0	0c52473c6e0a6eff-2-2037	2	0.500000	run1
2f484ad8f3baf91136f040855892c82e<::>6	Q0	2e1a27a4607df60c-9475-11684	3	0.333333	run1
2f484ad8f3baf91136f040855892c82e<::>6	Q0	b2fd7f2d1c5eeed5-2-2224	4	0.250000	run1
2f484ad8f3baf91136f040855892c82e<::>6	Q0	b2fd7f2d1c5eeed5-1394-3534	5	0.200000	run1
2f484ad8f3baf91136f040855892c82e<::>6	Q0	4df046b65378ddff-1594-3704	6	0.166667	run1
2f484ad8f3baf91136f040855892c82e<::>6	Q0	293b2d584473967f-4410-6565	7	0.142857	run1
2f484ad8f3baf91136f040855892c82e<::>6	Q0	c8a8e62ccda3be54-2990-5039	8	0.125000	run1
2f484ad8f3baf91136f040855892c82e<::>6	Q0	83cfa0c028a891d0-4894-7091	9	0.111111	run1
2f484ad8f3baf91136f040855892c82e<::>6	Q0	0c52473c6e0a6eff-4770-6809	10	0.100000	run1
2f484ad8f3baf91136f040855892c82e<::>7	Q0	61a453a165405075-4701-6959	1	1.000000	run1
2f484ad8f3baf91136f040855892c82e<::>7	Q0	a5aa9f249261b7f0-2-1986	2	0.500000	run1
2f484ad8f3baf91136f040855892c82e<::>7	Q0	4d10351b2923b2c0-10056-12095	3	0.333333	run1
2f484ad8f3baf91136f040855892c82e<::>7	Q0	154afa32a998b5ab-2-1977	4	0.250000	run1
2f484ad8f3baf91136f040855892c82e<::>7	Q0	993f9200b1642af5-2-2111	5	0.200000	run1
2f484ad8f3baf91136f040855892c82e<::>7	Q0	154afa32a998b5ab-1436-3574	6	0.166667	run1
2f484ad8f3baf91136f040855892c82e<::>7	Q0	50e9e9892e1431dc-2-1993	7	0.142857	run1
2f484ad8f3baf91136f040855892c82e<::>7	Q0	112a00567c15fc3b-2-2057	8	0.125000	run1
2f484ad8f3baf91136f040855892c82e<::>7	Q0	b480a148c80b6f7f-2-2047	9	0.111111	run1
2f484ad8f3baf91136f040855892c82e<::>7	Q0	154afa32a998b5ab-3117-5176	10	0.100000	run1
2f484ad8f3baf91136f040855892c82e<::>8	Q0	8d82b467b030cad7-1600-3723	1	1.000000	run1
2f484ad8f3baf91136f040855892c82e<::>8	Q0	61a453a165405075-4701-6959	2	0.500000	run1
2f484ad8f3baf91136f040855892c82e<::>8	Q0	32b06fe95a8815c6-11259-13326	3	0.333333	run1
2f484ad8f3baf91136f040855892c82e<::>8	Q0	65d43d6844814d6e-7289-9448	4	0.250000	run1
2f484ad8f3baf91136f040855892c82e<::>8	Q0	993f9200b1642af5-2-2111	5	0.200000	run1
2f484ad8f3baf91136f040855892c82e<::>8	Q0	87d1b04caa94e67c-7635-9846	6	0.166667	run1
2f484ad8f3baf91136f040855892c82e<::>8	Q0	2e1a27a4607df60c-9475-11684	7	0.142857	run1
2f484ad8f3baf91136f040855892c82e<::>8	Q0	8040e0a841a6eb85-7205-9485	8	0.125000	run1
2f484ad8f3baf91136f040855892c82e<::>8	Q0	d312cde85d7d1327-2-2116	9	0.111111	run1
2f484ad8f3baf91136f040855892c82e<::>8	Q0	18874b13aa552636-2-2051	10	0.100000	run1
f0d2873b877409f61da7dbdddd22d279<::>1	Q0	8bad07212a8c01da-1532-3646	1	1.000000	run1
f0d2873b877409f61da7dbdddd22d279<::>1	Q0	775449d1aa187ec5-13192-13995	2	0.500000	run1
f0d2873b877409f61da7dbdddd22d279<::>1	Q0	8bad07212a8c01da-3184-4004	3	0.333333	run1
f0d2873b877409f61da7dbdddd22d279<::>1	Q0	2fc9993662de7a84-6051-8202	4	0.250000	run1
f0d2873b877409f61da7dbdddd22d279<::>1	Q0	2fc9993662de7a84-4435-6550	5	0.200000	run1
f0d2873b877409f61da7dbdddd22d279<::>1	Q0	8bad07212a8c01da-2-2069	6	0.166667	run1
f0d2873b877409f61da7dbdddd22d279<::>1	Q0	c7030403177d9dfc-1560-3000	7	0.142857	run1
f0d2873b877409f61da7dbdddd22d279<::>1	Q0	775449d1aa187ec5-11505-13676	8	0.125000	run1
f0d2873b877409f61da7dbdddd22d279<::>1	Q0	c7030403177d9dfc-8703-10362	9	0.111111	run1
f0d2873b877409f61da7dbdddd22d279<::>1	Q0	775449d1aa187ec5-6521-8684	10	0.100000	run1
f0d2873b877409f61da7dbdddd22d279<::>2	Q0	fb227e01016a7dc9-3160-5132	1	1.000000	run1
f0d2873b877409f61da7dbdddd22d279<::>2	Q0	fb227e01016a7dc9-2-1988	2	0.500000	run1
f0d2873b877409f61da7dbdddd22d279<::>2	Q0	fb227e01016a7dc9-1557-3607	3	0.333333	run1
f0d2873b877409f61da7dbdddd22d279<::>2	Q0	fb227e01016a7dc9-4722-6716	4	0.250000	run1
f0d2873b877409f61da7dbdddd22d279<::>2	Q0	fb227e01016a7dc9-6288-7350	5	0.200000	run1
f0d2873b877409f61da7dbdddd22d279<::>2	Q0	edfe87ab50c04ec8-10887-12761	6	0.166667	run1
f0d2873b877409f61da7dbdddd22d279<::>2	Q0	83627fc96c7fb0e9-0-1667	7	0.142857	run1
f0d2873b877409f61da7dbdddd22d279<::>2	Q0	0b723b79ea05fd3f-11237-13454	8	0.125000	run1
f0d2873b877409f61da7dbdddd22d279<::>2	Q0	6dda7a282d67276f-12803-15020	9	0.111111	run1
f0d2873b877409f61da7dbdddd22d279<::>2	Q0	c600b460c46db783-1564-3742	10	0.100000	run1
f0d2873b877409f61da7dbdddd22d279<::>3	Q0	c593dff021c8bdc8-0-1779	1	1.000000	run1
f0d2873b877409f61da7dbdddd22d279<::>3	Q0	3630bbba71396272-5642-7689	2	0.500000	run1
f0d2873b877409f61da7dbdddd22d279<::>3	Q0	5eb31267c4b421d7-14850-17088	3	0.333333	run1
f0d2873b877409f61da7dbdddd22d279<::>3	Q0	1a99fa28ccf04a3d-3226-4769	4	0.250000	run1
f0d2873b877409f61da7dbdddd22d279<::>3	Q0	dd2004dbc606d75c-3354-5604	5	0.200000	run1
f0d2873b877409f61da7dbdddd22d279<::>3	Q0	ca64cb200eae5eda-1594-3183	6	0.166667	run1
f0d2873b877409f61da7dbdddd22d279<::>3	Q0	dea4260d051d6d41-1262-2986	7	0.142857	run1
f0d2873b877409f61da7dbdddd22d279<::>3	Q0	4e13333e5c1d6b20-0-946	8	0.125000	run1
f0d2873b877409f61da7dbdddd22d279<::>3	Q0	dd2004dbc606d75c-5104-7230	9	0.111111	run1
f0d2873b877409f61da7dbdddd22d279<::>3	Q0	33675f1d274aa7de-1524-3498	10	0.100000	run1
f0d2873b877409f61da7dbdddd22d279<::>4	Q0	fb227e01016a7dc9-3160-5132	1	1.000000	run1
f0d2873b877409f61da7dbdddd22d279<::>4	Q0	c225494fb67307fa-237289-239317	2	0.500000	run1
f0d2873b877409f61da7dbdddd22d279<::>4	Q0	9e6cbbf125b6db64-4355-6056	3	0.333333	run1
f0d2873b877409f61da7dbdddd22d279<::>4	Q0	c225494fb67307fa-242275-244623	4	0.250000	run1
f0d2873b877409f61da7dbdddd22d279<::>4	Q0	fb227e01016a7dc9-4722-6716	5	0.200000	run1
f0d2873b877409f61da7dbdddd22d279<::>4	Q0	dd0ea638035192c2-1555-3648	6	0.166667	run1
f0d2873b877409f61da7dbdddd22d279<::>4	Q0	089882437c965a3e-187390-189598	7	0.142857	run1
f0d2873b877409f61da7dbdddd22d279<::>4	Q0	246104fc4644074c-5052-7125	8	0.125000	run1
f0d2873b877409f61da7dbdddd22d279<::>4	Q0	089882437c965a3e-127429-129378	9	0.111111	run1
f0d2873b877409f61da7dbdddd22d279<::>4	Q0	c8db6e06ff46669e-111616-113820	10	0.100000	run1
f0d2873b877409f61da7dbdddd22d279<::>5	Q0	28d04e879cfe0f2d-1374-3546	1	1.000000	run1
f0d2873b877409f61da7dbdddd22d279<::>5	Q0	28d04e879cfe0f2d-3067-5280	2	0.500000	run1
f0d2873b877409f61da7dbdddd22d279<::>5	Q0	ca1cf50b7f89e7bf-6136-8096	3	0.333333	run1
f0d2873b877409f61da7dbdddd22d279<::>5	Q0	ca1cf50b7f89e7bf-3084-5039	4	0.250000	run1
f0d2873b877409f61da7dbdddd22d279<::>5	Q0	ee791a4cc6d3624e-2-2158	5	0.200000	run1
f0d2873b877409f61da7dbdddd22d279<::>5	Q0	83ed7a862b34c035-1493-3451	6	0.166667	run1
f0d2873b877409f61da7dbdddd22d279<::>5	Q0	4696aa28044ab87b-1456-3452	7	0.142857	run1
f0d2873b877409f61da7dbdddd22d279<::>5	Q0	77b3a61c8fe97db6-6234-8262	8	0.125000	run1
f0d2873b877409f61da7dbdddd22d279<::>5	Q0	3e990e6b0972601a-1404-3410	9	0.111111	run1
f0d2873b877409f61da7dbdddd22d279<::>5	Q0	fe9372b211a8f838-6424-8630	10	0.100000	run1
f0d2873b877409f61da7dbdddd22d279<::>6	Q0	ca1cf50b7f89e7bf-1477-3508	1	1.000000	run1
f0d2873b877409f61da7dbdddd22d279<::>6	Q0	dcf45cd1bd02778d-88254-90459	2	0.500000	run1
f0d2873b877409f61da7dbdddd22d279<::>6	Q0	dcf45cd1bd02778d-25795-27876	3	0.333333	run1
f0d2873b877409f61da7dbdddd22d279<::>6	Q0	fa9768dea06643b9-5333-7589	4	0.250000	run1
f0d2873b877409f61da7dbdddd22d279<::>6	Q0	fa9768dea06643b9-3579-5875	5	0.200000	run1
f0d2873b877409f61da7dbdddd22d279<::>6	Q0	127c4c52a01b30ec-27472-29691	6	0.166667	run1
f0d2873b877409f61da7dbdddd22d279<::>6	Q0	28d04e879cfe0f2d-4796-6912	7	0.142857	run1
f0d2873b877409f61da7dbdddd22d279<::>6	Q0	127c4c52a01b30ec-13598-15724	8	0.125000	run1
f0d2873b877409f61da7dbdddd22d279<::>6	Q0	28d04e879cfe0f2d-6482-8518	9	0.111111	run1
f0d2873b877409f61da7dbdddd22d279<::>6	Q0	edfe87ab50c04ec8-3082-5155	10	0.100000	run1
f0d2873b877409f61da7dbdddd22d279<::>7	Q0	ca1cf50b7f89e7bf-6136-8096	1	1.000000	run1
f0d2873b877409f61da7dbdddd22d279<::>7	Q0	ca1cf50b7f89e7bf-3084-5039	2	0.500000	run1
f0d2873b877409f61da7dbdddd22d279<::>7	Q0	ee791a4cc6d3624e-2-2158	3	0.333333	run1
f0d2873b877409f61da7dbdddd22d279<::>7	Q0	28d04e879cfe0f2d-5-1852	4	0.250000	run1
f0d2873b877409f61da7dbdddd22d279<::>7	Q0	28d04e879cfe0f2d-4796-6912	5	0.200000	run1
f0d2873b877409f61da7dbdddd22d279<::>7	Q0	ca1cf50b7f89e7bf-4573-6456	6	0.166667	run1
f0d2873b877409f61da7dbdddd22d279<::>7	Q0	fe9372b211a8f838-3029-5182	7	0.142857	run1
f0d2873b877409f61da7dbdddd22d279<::>7	Q0	960bb156170846a8-6250-8461	8	0.125000	run1
f0d2873b877409f61da7dbdddd22d279<::>7	Q0	bec98c4bf09c3e30-4488-6620	9	0.111111	run1
f0d2873b877409f61da7dbdddd22d279<::>7	Q0	83ed7a862b34c035-1493-3451	10	0.100000	run1
f0d2873b877409f61da7dbdddd22d279<::>8	Q0	afecac409199e52d-2967-4921	1	1.000000	run1
f0d2873b877409f61da7dbdddd22d279<::>8	Q0	14dea4d795ffe724-2953-5215	2	0.500000	run1
f0d2873b877409f61da7dbdddd22d279<::>8	Q0	afecac409199e52d-1416-3349	3	0.333333	run1
f0d2873b877409f61da7dbdddd22d279<::>8	Q0	7e4251fc01e38b5d-25683-27974	4	0.250000	run1
f0d2873b877409f61da7dbdddd22d279<::>8	Q0	13bdba56f6005140-1557-3637	5	0.200000	run1
f0d2873b877409f61da7dbdddd22d279<::>8	Q0	ff75549eab747626-1460-3394	6	0.166667	run1
f0d2873b877409f61da7dbdddd22d279<::>8	Q0	fe9372b211a8f838-3029-5182	7	0.142857	run1
f0d2873b877409f61da7dbdddd22d279<::>8	Q0	607a12bc42bbe14f-9926-12269	8	0.125000	run1
f0d2873b877409f61da7dbdddd22d279<::>8	Q0	7e4251fc01e38b5d-22390-24505	9	0.111111	run1
f0d2873b877409f61da7dbdddd22d279<::>8	Q0	2059009a407fe8bb-92028-93947	10	0.100000	run1
5503c6e98c54d4901332d0f1c6030bd9<::>1	Q0	eb89f1b8e630dca6-2-1656	1	1.000000	run1
5503c6e98c54d4901332d0f1c6030bd9<::>1	Q0	eb89f1b8e630dca6-9947-11907	2	0.500000	run1
5503c6e98c54d4901332d0f1c6030bd9<::>1	Q0	eb89f1b8e630dca6-4165-6026	3	0.333333	run1
5503c6e98c54d4901332d0f1c6030bd9<::>1	Q0	eb89f1b8e630dca6-8588-10516	4	0.250000	run1
5503c6e98c54d4901332d0f1c6030bd9<::>1	Q0	eb89f1b8e630dca6-2585-4611	5	0.200000	run1
5503c6e98c54d4901332d0f1c6030bd9<::>1	Q0	eb89f1b8e630dca6-11249-13070	6	0.166667	run1
5503c6e98c54d4901332d0f1c6030bd9<::>1	Q0	eb89f1b8e630dca6-5670-7525	7	0.142857	run1
5503c6e98c54d4901332d0f1c6030bd9<::>1	Q0	eb89f1b8e630dca6-1227-3016	8	0.125000	run1
5503c6e98c54d4901332d0f1c6030bd9<::>1	Q0	eb89f1b8e630dca6-7099-9072	9	0.111111	run1
5503c6e98c54d4901332d0f1c6030bd9<::>1	Q0	eb89f1b8e630dca6-12727-13377	10	0.100000	run1
5503c6e98c54d4901332d0f1c6030bd9<::>2	Q0	eb89f1b8e630dca6-7099-9072	1	1.000000	run1
5503c6e98c54d4901332d0f1c6030bd9<::>2	Q0	eb89f1b8e630dca6-2585-4611	2	0.500000	run1
5503c6e98c54d4901332d0f1c6030bd9<::>2	Q0	2e1a27a4607df60c-1379-3583	3	0.333333	run1
5503c6e98c54d4901332d0f1c6030bd9<::>2	Q0	eb89f1b8e630dca6-5670-7525	4	0.250000	run1
5503c6e98c54d4901332d0f1c6030bd9<::>2	Q0	eb89f1b8e630dca6-1227-3016	5	0.200000	run1
5503c6e98c54d4901332d0f1c6030bd9<::>2	Q0	ff4642d434215cfa-11595-13604	6	0.166667	run1
5503c6e98c54d4901332d0f1c6030bd9<::>2	Q0	3620d502673c0077-1732-3880	7	0.142857	run1
5503c6e98c54d4901332d0f1c6030bd9<::>2	Q0	eb89f1b8e630dca6-8588-10516	8	0.125000	run1
5503c6e98c54d4901332d0f1c6030bd9<::>2	Q0	eb89f1b8e630dca6-4165-6026	9	0.111111	run1
5503c6e98c54d4901332d0f1c6030bd9<::>2	Q0	eb89f1b8e630dca6-9947-11907	10	0.100000	run1
5503c6e98c54d4901332d0f1c6030bd9<::>3	Q0	eb89f1b8e630dca6-2585-4611	1	1.000000	run1
5503c6e98c54d4901332d0f1c6030bd9<::>3	Q0	eb89f1b8e630dca6-4165-6026	2	0.500000	run1
5503c6e98c54d4901332d0f1c6030bd9<::>3	Q0	eb89f1b8e630dca6-2-1656	3	0.333333	run1
5503c6e98c54d4901332d0f1c6030bd9<::>3	Q0	eb89f1b8e630dca6-9947-11907	4	0.250000	run1
5503c6e98c54d4901332d0f1c6030bd9<::>3	Q0	eb89f1b8e630dca6-5670-7525	5	0.200000	run1
5503c6e98c54d4901332d0f1c6030bd9<::>3	Q0	eb89f1b8e630dca6-11249-13070	6	0.166667	run1
5503c6e98c54d4901332d0f1c6030bd9<::>3	Q0	eb89f1b8e630dca6-8588-10516	7	0.142857	run1
5503c6e98c54d4901332d0f1c6030bd9<::>3	Q0	eb89f1b8e630dca6-1227-3016	8	0.125000	run1
5503c6e98c54d4901332d0f1c6030bd9<::>3	Q0	eb89f1b8e630dca6-7099-9072	9	0.111111	run1
5503c6e98c54d4901332d0f1c6030bd9<::>3	Q0	eb89f1b8e630dca6-12727-13377	10	0.100000	run1
5503c6e98c54d4901332d0f1c6030bd9<::>4	Q0	eb89f1b8e630dca6-4165-6026	1	1.000000	run1
5503c6e98c54d4901332d0f1c6030bd9<::>4	Q0	eb89f1b8e630dca6-5670-7525	2	0.500000	run1
5503c6e98c54d4901332d0f1c6030bd9<::>4	Q0	eb89f1b8e630dca6-7099-9072	3	0.333333	run1
5503c6e98c54d4901332d0f1c6030bd9<::>4	Q0	eb89f1b8e630dca6-2-1656	4	0.250000	run1
5503c6e98c54d4901332d0f1c6030bd9<::>4	Q0	eb89f1b8e630dca6-11249-13070	5	0.200000	run1
5503c6e98c54d4901332d0f1c6030bd9<::>4	Q0	eb89f1b8e630dca6-2585-4611	6	0.166667	run1
5503c6e98c54d4901332d0f1c6030bd9<::>4	Q0	eb89f1b8e630dca6-9947-11907	7	0.142857	run1
5503c6e98c54d4901332d0f1c6030bd9<::>4	Q0	eb89f1b8e630dca6-12727-13377	8	0.125000	run1
5503c6e98c54d4901332d0f1c6030bd9<::>4	Q0	eb89f1b8e630dca6-8588-10516	9	0.111111	run1
5503c6e98c54d4901332d0f1c6030bd9<::>4	Q0	eb89f1b8e630dca6-1227-3016	10	0.100000	run1
5503c6e98c54d4901332d0f1c6030bd9<::>5	Q0	eb89f1b8e630dca6-4165-6026	1	1.000000	run1
5503c6e98c54d4901332d0f1c6030bd9<::>5	Q0	2f69d0cf2d040773-1321-3044	2	0.500000	run1
5503c6e98c54d4901332d0f1c6030bd9<::>5	Q0	8191d780a21919a2-10613-12848	3	0.333333	run1
5503c6e98c54d4901332d0f1c6030bd9<::>5	Q0	eb89f1b8e630dca6-7099-9072	4	0.250000	run1
5503c6e98c54d4901332d0f1c6030bd9<::>5	Q0	e9ce592cd13f79de-3828-5906	5	0.200000	run1
5503c6e98c54d4901332d0f1c6030bd9<::>5	Q0	eb89f1b8e630dca6-5670-7525	6	0.166667	run1
5503c6e98c54d4901332d0f1c6030bd9<::>5	Q0	58e3a209b8d05b1d-19930-21690	7	0.142857	run1
5503c6e98c54d4901332d0f1c6030bd9<::>5	Q0	d4c8e4c3b6d6a0cf-1440-3338	8	0.125000	run1
5503c6e98c54d4901332d0f1c6030bd9<::>5	Q0	2f69d0cf2d040773-2-1691	9	0.111111	run1
5503c6e98c54d4901332d0f1c6030bd9<::>5	Q0	eb89f1b8e630dca6-2585-4611	10	0.100000	run1
5503c6e98c54d4901332d0f1c6030bd9<::>6	Q0	1cf56b68f5481f61-1362-3335	1	1.000000	run1
5503c6e98c54d4901332d0f1c6030bd9<::>6	Q0	425aa3ab1771432d-3253-5261	2	0.500000	run1
5503c6e98c54d4901332d0f1c6030bd9<::>6	Q0	da1fdb3adf00e4e9-4817-6971	3	0.333333	run1
5503c6e98c54d4901332d0f1c6030bd9<::>6	Q0	13738a9939c2de57-4151-5628	4	0.250000	run1
5503c6e98c54d4901332d0f1c6030bd9<::>6	Q0	0705ff17bdcfa47d-7550-10036	5	0.200000	run1
5503c6e98c54d4901332d0f1c6030bd9<::>6	Q0	ffedc2a4e1981b88-1427-3565	6	0.166667	run1
5503c6e98c54d4901332d0f1c6030bd9<::>6	Q0	5cc83523c44261bc-9027-11269	7	0.142857	run1
5503c6e98c54d4901332d0f1c6030bd9<::>6	Q0	31beacdc555ecb9d-2-1321	8	0.125000	run1
5503c6e98c54d4901332d0f1c6030bd9<::>6	Q0	11b15db71218c11f-0-2903	9	0.111111	run1
5503c6e98c54d4901332d0f1c6030bd9<::>6	Q0	8f46bef7b4c86694-2-1321	10	0.100000	run1
62888f39e748c217054ee3af08fb4bdd<::>2	Q0	21ab6c12926e35e3-2-1988	1	1.000000	run1
62888f39e748c217054ee3af08fb4bdd<::>2	Q0	21ab6c12926e35e3-1395-3346	2	0.500000	run1
62888f39e748c217054ee3af08fb4bdd<::>2	Q0	6cf5110384652d5f-1309-3588	3	0.333333	run1
62888f39e748c217054ee3af08fb4bdd<::>2	Q0	abebc7ae329f6e6a-48060-49374	4	0.250000	run1
62888f39e748c217054ee3af08fb4bdd<::>2	Q0	6669fe9a5db69e55-7997-9844	5	0.200000	run1
62888f39e748c217054ee3af08fb4bdd<::>2	Q0	cd6f208d9e0ae12d-4468-6499	6	0.166667	run1
62888f39e748c217054ee3af08fb4bdd<::>2	Q0	52a0eb5b1cb38d66-2-1935	7	0.142857	run1
62888f39e748c217054ee3af08fb4bdd<::>2	Q0	6cf5110384652d5f-2-1749	8	0.125000	run1
62888f39e748c217054ee3af08fb4bdd<::>2	Q0	bdec6e4e10fd93ee-2-1790	9	0.111111	run1
62888f39e748c217054ee3af08fb4bdd<::>2	Q0	dfcbbce648ec1599-2861-4056	10	0.100000	run1
62888f39e748c217054ee3af08fb4bdd<::>3	Q0	21ab6c12926e35e3-2-1988	1	1.000000	run1
62888f39e748c217054ee3af08fb4bdd<::>3	Q0	21ab6c12926e35e3-1395-3346	2	0.500000	run1
62888f39e748c217054ee3af08fb4bdd<::>3	Q0	6cf5110384652d5f-1309-3588	3	0.333333	run1
62888f39e748c217054ee3af08fb4bdd<::>3	Q0	abebc7ae329f6e6a-48060-49374	4	0.250000	run1
62888f39e748c217054ee3af08fb4bdd<::>3	Q0	6669fe9a5db69e55-7997-9844	5	0.200000	run1
62888f39e748c217054ee3af08fb4bdd<::>3	Q0	cd6f208d9e0ae12d-4468-6499	6	0.166667	run1
62888f39e748c217054ee3af08fb4bdd<::>3	Q0	52a0eb5b1cb38d66-2-1935	7	0.142857	run1
62888f39e748c217054ee3af08fb4bdd<::>3	Q0	6cf5110384652d5f-2-1749	8	0.125000	run1
62888f39e748c217054ee3af08fb4bdd<::>3	Q0	bdec6e4e10fd93ee-2-1790	9	0.111111	run1
62888f39e748c217054ee3af08fb4bdd<::>3	Q0	dfcbbce648ec1599-2861-4056	10	0.100000	run1
62888f39e748c217054ee3af08fb4bdd<::>4	Q0	208f8741e9a4a92e-2-2010	1	1.000000	run1
62888f39e748c217054ee3af08fb4bdd<::>4	Q0	8f42e6ca93c99a57-7982-8673	2	0.500000	run1
62888f39e748c217054ee3af08fb4bdd<::>4	Q0	321cdf3243a63c2f-2791-4865	3	0.333333	run1
62888f39e748c217054ee3af08fb4bdd<::>4	Q0	3821a21ad6827e16-1574-3900	4	0.250000	run1
62888f39e748c217054ee3af08fb4bdd<::>4	Q0	d1bc2c843fa3b77e-4714-6421	5	0.200000	run1
62888f39e748c217054ee3af08fb4bdd<::>4	Q0	1c84436ae59c8eab-3199-4180	6	0.166667	run1
62888f39e748c217054ee3af08fb4bdd<::>4	Q0	18b16656b29f1aff-0-1376	7	0.142857	run1
62888f39e748c217054ee3af08fb4bdd<::>4	Q0	cb5918db980dfa55-2938-4867	8	0.125000	run1
62888f39e748c217054ee3af08fb4bdd<::>4	Q0	d31c853fefe707fa-2-2005	9	0.111111	run1
62888f39e748c217054ee3af08fb4bdd<::>4	Q0	a1778ca723fb049d-1550-3266	10	0.100000	run1
62888f39e748c217054ee3af08fb4bdd<::>5	Q0	9b3df447d333ae7a-49139-50701	1	1.000000	run1
62888f39e748c217054ee3af08fb4bdd<::>5	Q0	90fc11d86877fe44-2-1947	2	0.500000	run1
62888f39e748c217054ee3af08fb4bdd<::>5	Q0	302f84439d8c0ea3-15830-17661	3	0.333333	run1
62888f39e748c217054ee3af08fb4bdd<::>5	Q0	16857d5a0f1b34c4-2990-4809	4	0.250000	run1
62888f39e748c217054ee3af08fb4bdd<::>5	Q0	4acbb81f4f18c9a2-162350-164643	5	0.200000	run1
62888f39e748c217054ee3af08fb4bdd<::>5	Q0	16857d5a0f1b34c4-5989-7187	6	0.166667	run1
62888f39e748c217054ee3af08fb4bdd<::>5	Q0	4acbb81f4f18c9a2-160728-163052	7	0.142857	run1
62888f39e748c217054ee3af08fb4bdd<::>5	Q0	16857d5a0f1b34c4-5-1804	8	0.125000	run1
62888f39e748c217054ee3af08fb4bdd<::>5	Q0	302f84439d8c0ea3-14135-16227	9	0.111111	run1
62888f39e748c217054ee3af08fb4bdd<::>5	Q0	16857d5a0f1b34c4-1447-3304	10	0.100000	run1
62888f39e748c217054ee3af08fb4bdd<::>6	Q0	0d2134dc1e3008d0-1497-3769	1	1.000000	run1
62888f39e748c217054ee3af08fb4bdd<::>6	Q0	0d2134dc1e3008d0-2-2024	2	0.500000	run1
62888f39e748c217054ee3af08fb4bdd<::>6	Q0	6669fe9a5db69e55-7997-9844	3	0.333333	run1
62888f39e748c217054ee3af08fb4bdd<::>6	Q0	3ee911e46e6f9a0c-6576-7939	4	0.250000	run1
62888f39e748c217054ee3af08fb4bdd<::>6	Q0	3c0f445fcb6709f5-31761-34074	5	0.200000	run1
62888f39e748c217054ee3af08fb4bdd<::>6	Q0	7ecc5d462bf2e8f7-8243-10511	6	0.166667	run1
62888f39e748c217054ee3af08fb4bdd<::>6	Q0	52a0eb5b1cb38d66-2-1935	7	0.142857	run1
62888f39e748c217054ee3af08fb4bdd<::>6	Q0	7ecc5d462bf2e8f7-9686-11934	8	0.125000	run1
62888f39e748c217054ee3af08fb4bdd<::>6	Q0	52a0eb5b1cb38d66-1531-3243	9	0.111111	run1
62888f39e748c217054ee3af08fb4bdd<::>6	Q0	0d2134dc1e3008d0-3249-4084	10	0.100000	run1
62888f39e748c217054ee3af08fb4bdd<::>7	Q0	60a85fcca54aeb11-8588-10797	1	1.000000	run1
62888f39e748c217054ee3af08fb4bdd<::>7	Q0	b8f0626d5ba46877-1566-3736	2	0.500000	run1
62888f39e748c217054ee3af08fb4bdd<::>7	Q0	90fc11d86877fe44-2-1947	3	0.333333	run1
62888f39e748c217054ee3af08fb4bdd<::>7	Q0	36deef3055924e27-4751-7260	4	0.250000	run1
62888f39e748c217054ee3af08fb4bdd<::>7	Q0	6ab0fed969b112d8-1472-3326	5	0.200000	run1
62888f39e748c217054ee3af08fb4bdd<::>7	Q0	188ddb2d5b3a07af-1591-3478	6	0.166667	run1
62888f39e748c217054ee3af08fb4bdd<::>7	Q0	90fc11d86877fe44-1466-3007	7	0.142857	run1
62888f39e748c217054ee3af08fb4bdd<::>7	Q0	83528acfbc75920b-9824-12350	8	0.125000	run1
62888f39e748c217054ee3af08fb4bdd<::>7	Q0	4f50fb842b09ba51-3180-5593	9	0.111111	run1
62888f39e748c217054ee3af08fb4bdd<::>7	Q0	6cf5110384652d5f-2-1749	10	0.100000	run1
62888f39e748c217054ee3af08fb4bdd<::>8	Q0	90fc11d86877fe44-2-1947	1	1.000000	run1
62888f39e748c217054ee3af08fb4bdd<::>8	Q0	6669fe9a5db69e55-7997-9844	2	0.500000	run1
62888f39e748c217054ee3af08fb4bdd<::>8	Q0	dfcbbce648ec1599-2-1878	3	0.333333	run1
62888f39e748c217054ee3af08fb4bdd<::>8	Q0	90fc11d86877fe44-1466-3007	4	0.250000	run1
62888f39e748c217054ee3af08fb4bdd<::>8	Q0	6669fe9a5db69e55-6207-8610	5	0.200000	run1
62888f39e748c217054ee3af08fb4bdd<::>8	Q0	dfcbbce648ec1599-1460-3406	6	0.166667	run1
62888f39e748c217054ee3af08fb4bdd<::>8	Q0	21ab6c12926e35e3-2-1988	7	0.142857	run1
62888f39e748c217054ee3af08fb4bdd<::>8	Q0	21ab6c12926e35e3-1395-3346	8	0.125000	run1
62888f39e748c217054ee3af08fb4bdd<::>8	Q0	89ebcca9811fa98b-1456-3670	9	0.111111	run1
62888f39e748c217054ee3af08fb4bdd<::>8	Q0	1306a683cb67a69e-7909-9938	10	0.100000	run1
35e6be0f2049527ae17cf77169cc4f70<::>2	Q0	5f4e588831bdb4f9-1298-3265	1	1.000000	run1
35e6be0f2049527ae17cf77169cc4f70<::>2	Q0	0f4cfa87b23c5713-6049-8061	2	0.500000	run1
35e6be0f2049527ae17cf77169cc4f70<::>2	Q0	3d812f3ae6652d2d-4718-6739	3	0.333333	run1
35e6be0f2049527ae17cf77169cc4f70<::>2	Q0	5f4e588831bdb4f9-7814-9986	4	0.250000	run1
35e6be0f2049527ae17cf77169cc4f70<::>2	Q0	b0132b68bd8be04c-1444-3464	5	0.200000	run1
35e6be0f2049527ae17cf77169cc4f70<::>2	Q0	3d812f3ae6652d2d-3024-5181	6	0.166667	run1
35e6be0f2049527ae17cf77169cc4f70<::>2	Q0	b0132b68bd8be04c-3023-4947	7	0.142857	run1
35e6be0f2049527ae17cf77169cc4f70<::>2	Q0	4ad40cb2694cb321-5166-7286	8	0.125000	run1
35e6be0f2049527ae17cf77169cc4f70<::>2	Q0	0f4cfa87b23c5713-1422-3370	9	0.111111	run1
35e6be0f2049527ae17cf77169cc4f70<::>2	Q0	5f4e588831bdb4f9-5-1661	10	0.100000	run1
35e6be0f2049527ae17cf77169cc4f70<::>3	Q0	5f4e588831bdb4f9-5-1661	1	1.000000	run1
35e6be0f2049527ae17cf77169cc4f70<::>3	Q0	b0132b68bd8be04c-3023-4947	2	0.500000	run1
35e6be0f2049527ae17cf77169cc4f70<::>3	Q0	0bd568ec1b6ba2b8-5052-6906	3	0.333333	run1
35e6be0f2049527ae17cf77169cc4f70<::>3	Q0	b0132b68bd8be04c-5-1904	4	0.250000	run1
35e6be0f2049527ae17cf77169cc4f70<::>3	Q0	c7955abc1844f575-3222-5090	5	0.200000	run1
35e6be0f2049527ae17cf77169cc4f70<::>3	Q0	d05e51912c37417b-2987-4808	6	0.166667	run1
35e6be0f2049527ae17cf77169cc4f70<::>3	Q0	b0132b68bd8be04c-1444-3464	7	0.142857	run1
35e6be0f2049527ae17cf77169cc4f70<::>3	Q0	c7955abc1844f575-4662-6731	8	0.125000	run1
35e6be0f2049527ae17cf77169cc4f70<::>3	Q0	b0132b68bd8be04c-4453-6533	9	0.111111	run1
35e6be0f2049527ae17cf77169cc4f70<::>3	Q0	c7955abc1844f575-6283-8086	10	0.100000	run1
35e6be0f2049527ae17cf77169cc4f70<::>4	Q0	3facd9e71d3aceda-2-1918	1	1.000000	run1
35e6be0f2049527ae17cf77169cc4f70<::>4	Q0	a46fd503cf179d08-2-2116	2	0.500000	run1
35e6be0f2049527ae17cf77169cc4f70<::>4	Q0	0e3e2131b4046d08-1535-3480	3	0.333333	run1
35e6be0f2049527ae17cf77169cc4f70<::>4	Q0	3facd9e71d3aceda-1454-3550	4	0.250000	run1
35e6be0f2049527ae17cf77169cc4f70<::>4	Q0	1dce06089e35f74a-1438-3552	5	0.200000	run1
35e6be0f2049527ae17cf77169cc4f70<::>4	Q0	3d812f3ae6652d2d-3024-5181	6	0.166667	run1
35e6be0f2049527ae17cf77169cc4f70<::>4	Q0	3d812f3ae6652d2d-1448-3519	7	0.142857	run1
35e6be0f2049527ae17cf77169cc4f70<::>4	Q0	1dce06089e35f74a-3079-5212	8	0.125000	run1
35e6be0f2049527ae17cf77169cc4f70<::>4	Q0	4a93d4d8f67af136-5-2014	9	0.111111	run1
35e6be0f2049527ae17cf77169cc4f70<::>4	Q0	98d74bbe322b1260-1404-3577	10	0.100000	run1
35e6be0f2049527ae17cf77169cc4f70<::>5	Q0	c7955abc1844f575-5-1970	1	1.000000	run1
35e6be0f2049527ae17cf77169cc4f70<::>5	Q0	c7955abc1844f575-6283-8086	2	0.500000	run1
35e6be0f2049527ae17cf77169cc4f70<::>5	Q0	c7955abc1844f575-1515-3617	3	0.333333	run1
35e6be0f2049527ae17cf77169cc4f70<::>5	Q0	c7955abc1844f575-3222-5090	4	0.250000	run1
35e6be0f2049527ae17cf77169cc4f70<::>5	Q0	c7955abc1844f575-4662-6731	5	0.200000	run1
35e6be0f2049527ae17cf77169cc4f70<::>5	Q0	4a93d4d8f67af136-5-2014	6	0.166667	run1
35e6be0f2049527ae17cf77169cc4f70<::>5	Q0	5f4e588831bdb4f9-5-1661	7	0.142857	run1
35e6be0f2049527ae17cf77169cc4f70<::>5	Q0	b0132b68bd8be04c-5-1904	8	0.125000	run1
35e6be0f2049527ae17cf77169cc4f70<::>5	Q0	1dce06089e35f74a-4703-6721	9	0.111111	run1
35e6be0f2049527ae17cf77169cc4f70<::>5	Q0	1dce06089e35f74a-2-1930	10	0.100000	run1
941445ba11ba7ba2c92c5184c9d798d6<::>1	Q0	7db93570207c64fa-12855-15028	1	1.000000	run1
941445ba11ba7ba2c92c5184c9d798d6<::>1	Q0	dcf45cd1bd02778d-114790-116922	2	0.500000	run1
941445ba11ba7ba2c92c5184c9d798d6<::>1	Q0	fc7539e8229642aa-2-1882	3	0.333333	run1
941445ba11ba7ba2c92c5184c9d798d6<::>1	Q0	be4df09924c9a299-2999-4653	4	0.250000	run1
941445ba11ba7ba2c92c5184c9d798d6<::>1	Q0	7e4251fc01e38b5d-62092-64266	5	0.200000	run1
941445ba11ba7ba2c92c5184c9d798d6<::>1	Q0	b19a6597b6916124-1529-3547	6	0.166667	run1
941445ba11ba7ba2c92c5184c9d798d6<::>1	Q0	902597c38243f958-1536-3462	7	0.142857	run1
941445ba11ba7ba2c92c5184c9d798d6<::>1	Q0	7e4251fc01e38b5d-58701-60766	8	0.125000	run1
941445ba11ba7ba2c92c5184c9d798d6<::>1	Q0	aa0205a0bb480b0c-0-1938	9	0.111111	run1
941445ba11ba7ba2c92c5184c9d798d6<::>1	Q0	f4a5e72297b6ccc7-1500-3462	10	0.100000	run1
941445ba11ba7ba2c92c5184c9d798d6<::>2	Q0	902597c38243f958-1536-3462	1	1.000000	run1
941445ba11ba7ba2c92c5184c9d798d6<::>2	Q0	8993b53fcdab5c13-4310-6136	2	0.500000	run1
941445ba11ba7ba2c92c5184c9d798d6<::>2	Q0	7e4251fc01e38b5d-49753-51642	3	0.333333	run1
941445ba11ba7ba2c92c5184c9d798d6<::>2	Q0	75c9a06b597ca6c4-1510-3462	4	0.250000	run1
941445ba11ba7ba2c92c5184c9d798d6<::>2	Q0	b19a6597b6916124-1529-3547	5	0.200000	run1
941445ba11ba7ba2c92c5184c9d798d6<::>2	Q0	2c0c116db45efe6d-1393-3135	6	0.166667	run1
941445ba11ba7ba2c92c5184c9d798d6<::>2	Q0	b19a6597b6916124-3096-5146	7	0.142857	run1
941445ba11ba7ba2c92c5184c9d798d6<::>2	Q0	7e4251fc01e38b5d-51303-53129	8	0.125000	run1
941445ba11ba7ba2c92c5184c9d798d6<::>2	Q0	7e4251fc01e38b5d-7388-9399	9	0.111111	run1
941445ba11ba7ba2c92c5184c9d798d6<::>2	Q0	fc7539e8229642aa-2865-4889	10	0.100000	run1
941445ba11ba7ba2c92c5184c9d798d6<::>3	Q0	902597c38243f958-2-1924	1	1.000000	run1
941445ba11ba7ba2c92c5184c9d798d6<::>3	Q0	7e4251fc01e38b5d-49753-51642	2	0.500000	run1
941445ba11ba7ba2c92c5184c9d798d6<::>3	Q0	b39f42c2437f75e6-2-1778	3	0.333333	run1
941445ba11ba7ba2c92c5184c9d798d6<::>3	Q0	dbcdb8fcf0df3dca-3167-5229	4	0.250000	run1
941445ba11ba7ba2c92c5184c9d798d6<::>3	Q0	6d8c260a4cf63440-4260-6441	5	0.200000	run1
941445ba11ba7ba2c92c5184c9d798d6<::>3	Q0	0ce98cc298a99188-5-1748	6	0.166667	run1
941445ba11ba7ba2c92c5184c9d798d6<::>3	Q0	cc1046708ff3b645-2-1954	7	0.142857	run1
941445ba11ba7ba2c92c5184c9d798d6<::>3	Q0	930c9f2909c1cfe3-9657-11578	8	0.125000	run1
941445ba11ba7ba2c92c5184c9d798d6<::>3	Q0	67b75c5b622bfcf2-2-1923	9	0.111111	run1
941445ba11ba7ba2c92c5184c9d798d6<::>3	Q0	dbcdb8fcf0df3dca-1537-3596	10	0.100000	run1
941445ba11ba7ba2c92c5184c9d798d6<::>4	Q0	be4df09924c9a299-2-1909	1	1.000000	run1
941445ba11ba7ba2c92c5184c9d798d6<::>4	Q0	a04c99742fce443c-2644-4348	2	0.500000	run1
941445ba11ba7ba2c92c5184c9d798d6<::>4	Q0	1c016713be1063f8-3164-5060	3	0.333333	run1
941445ba11ba7ba2c92c5184c9d798d6<::>4	Q0	7e4251fc01e38b5d-51303-53129	4	0.250000	run1
941445ba11ba7ba2c92c5184c9d798d6<::>4	Q0	7e4251fc01e38b5d-2871-4667	5	0.200000	run1
941445ba11ba7ba2c92c5184c9d798d6<::>4	Q0	5a88556527df9c01-0-2126	6	0.166667	run1
941445ba11ba7ba2c92c5184c9d798d6<::>4	Q0	be4df09924c9a299-1491-3458	7	0.142857	run1
941445ba11ba7ba2c92c5184c9d798d6<::>4	Q0	7e4251fc01e38b5d-7388-9399	8	0.125000	run1
941445ba11ba7ba2c92c5184c9d798d6<::>4	Q0	7e4251fc01e38b5d-49753-51642	9	0.111111	run1
941445ba11ba7ba2c92c5184c9d798d6<::>4	Q0	7e4251fc01e38b5d-58701-60766	10	0.100000	run1
941445ba11ba7ba2c92c5184c9d798d6<::>5	Q0	7e4251fc01e38b5d-62092-64266	1	1.000000	run1
941445ba11ba7ba2c92c5184c9d798d6<::>5	Q0	7e4251fc01e38b5d-60335-62593	2	0.500000	run1
941445ba11ba7ba2c92c5184c9d798d6<::>5	Q0	7db93570207c64fa-1397-3499	3	0.333333	run1
941445ba11ba7ba2c92c5184c9d798d6<::>5	Q0	7e4251fc01e38b5d-58701-60766	4	0.250000	run1
941445ba11ba7ba2c92c5184c9d798d6<::>5	Q0	cc1046708ff3b645-1546-3377	5	0.200000	run1
941445ba11ba7ba2c92c5184c9d798d6<::>5	Q0	6d8c260a4cf63440-7698-9836	6	0.166667	run1
941445ba11ba7ba2c92c5184c9d798d6<::>5	Q0	b19a6597b6916124-3096-5146	7	0.142857	run1
941445ba11ba7ba2c92c5184c9d798d6<::>5	Q0	75c9a06b597ca6c4-12665-14732	8	0.125000	run1
941445ba11ba7ba2c92c5184c9d798d6<::>5	Q0	fc7539e8229642aa-10575-12535	9	0.111111	run1
941445ba11ba7ba2c92c5184c9d798d6<::>5	Q0	f4a5e72297b6ccc7-1500-3462	10	0.100000	run1
941445ba11ba7ba2c92c5184c9d798d6<::>6	Q0	61bcdbdbd253c012-2-2006	1	1.000000	run1
941445ba11ba7ba2c92c5184c9d798d6<::>6	Q0	61bcdbdbd253c012-3322-5556	2	0.500000	run1
941445ba11ba7ba2c92c5184c9d798d6<::>6	Q0	08346fcd8f6e1c7f-3119-5387	3	0.333333	run1
941445ba11ba7ba2c92c5184c9d798d6<::>6	Q0	08346fcd8f6e1c7f-4897-7159	4	0.250000	run1
941445ba11ba7ba2c92c5184c9d798d6<::>6	Q0	75c9a06b597ca6c4-9440-11522	5	0.200000	run1
941445ba11ba7ba2c92c5184c9d798d6<::>6	Q0	a8250c7b481970bf-5086-7669	6	0.166667	run1
941445ba11ba7ba2c92c5184c9d798d6<::>6	Q0	7663ecef6c359b76-3113-3602	7	0.142857	run1
941445ba11ba7ba2c92c5184c9d798d6<::>6	Q0	62e4345e9a3e02e8-5-2168	8	0.125000	run1
941445ba11ba7ba2c92c5184c9d798d6<::>6	Q0	61bcdbdbd253c012-1482-3776	9	0.111111	run1
941445ba11ba7ba2c92c5184c9d798d6<::>6	Q0	227c3d26475c6b49-10697-13016	10	0.100000	run1
941445ba11ba7ba2c92c5184c9d798d6<::>7	Q0	902597c38243f958-4586-6748	1	1.000000	run1
941445ba11ba7ba2c92c5184c9d798d6<::>7	Q0	7db93570207c64fa-3073-4995	2	0.500000	run1
941445ba11ba7ba2c92c5184c9d798d6<::>7	Q0	902597c38243f958-1536-3462	3	0.333333	run1
941445ba11ba7ba2c92c5184c9d798d6<::>7	Q0	6d8c260a4cf63440-4260-6441	4	0.250000	run1
941445ba11ba7ba2c92c5184c9d798d6<::>7	Q0	75c9a06b597ca6c4-3041-4944	5	0.200000	run1
941445ba11ba7ba2c92c5184c9d798d6<::>7	Q0	7db93570207c64fa-4531-6584	6	0.166667	run1
941445ba11ba7ba2c92c5184c9d798d6<::>7	Q0	be4df09924c9a299-2-1909	7	0.142857	run1
941445ba11ba7ba2c92c5184c9d798d6<::>7	Q0	cc1046708ff3b645-1546-3377	8	0.125000	run1
941445ba11ba7ba2c92c5184c9d798d6<::>7	Q0	fc7539e8229642aa-7437-9437	9	0.111111	run1
941445ba11ba7ba2c92c5184c9d798d6<::>7	Q0	f4a5e72297b6ccc7-1500-3462	10	0.100000	run1
941445ba11ba7ba2c92c5184c9d798d6<::>8	Q0	902597c38243f958-1536-3462	1	1.000000	run1
941445ba11ba7ba2c92c5184c9d798d6<::>8	Q0	be4df09924c9a299-1491-3458	2	0.500000	run1
941445ba11ba7ba2c92c5184c9d798d6<::>8	Q0	b19a6597b6916124-1529-3547	3	0.333333	run1
941445ba11ba7ba2c92c5184c9d798d6<::>8	Q0	7db93570207c64fa-4531-6584	4	0.250000	run1
941445ba11ba7ba2c92c5184c9d798d6<::>8	Q0	7db93570207c64fa-12855-15028	5	0.200000	run1
941445ba11ba7ba2c92c5184c9d798d6<::>8	Q0	7db93570207c64fa-1397-3499	6	0.166667	run1
941445ba11ba7ba2c92c5184c9d798d6<::>8	Q0	902597c38243f958-2948-5021	7	0.142857	run1
941445ba11ba7ba2c92c5184c9d798d6<::>8	Q0	75c9a06b597ca6c4-4539-6654	8	0.125000	run1
941445ba11ba7ba2c92c5184c9d798d6<::>8	Q0	dcf45cd1bd02778d-114790-116922	9	0.111111	run1
941445ba11ba7ba2c92c5184c9d798d6<::>8	Q0	dcf45cd1bd02778d-67375-69346	10	0.100000	run1
d44c3196b3d832f85160b5b4fbee1332<::>1	Q0	7e761844fb14bcf7-0-2723	1	1.000000	run1
d44c3196b3d832f85160b5b4fbee1332<::>1	Q0	a9f13ff29ff6c51e-2-2066	2	0.500000	run1
d44c3196b3d832f85160b5b4fbee1332<::>1	Q0	8371af80129fffd4-2-1862	3	0.333333	run1
d44c3196b3d832f85160b5b4fbee1332<::>1	Q0	1f58eeaa9206fee4-0-1413	4	0.250000	run1
d44c3196b3d832f85160b5b4fbee1332<::>1	Q0	bcdd30bdc3959280-2-1567	5	0.200000	run1
d44c3196b3d832f85160b5b4fbee1332<::>1	Q0	f9ca18a1e18869c5-0-5515	6	0.166667	run1
d44c3196b3d832f85160b5b4fbee1332<::>1	Q0	c13c69deafc3523d-0-1025	7	0.142857	run1
d44c3196b3d832f85160b5b4fbee1332<::>1	Q0	2059e69d9e2061e2-0-1653	8	0.125000	run1
d44c3196b3d832f85160b5b4fbee1332<::>1	Q0	051b637bd7894fa9-2-2145	9	0.111111	run1
d44c3196b3d832f85160b5b4fbee1332<::>1	Q0	0cd7752c7195da47-3-2029	10	0.100000	run1
d44c3196b3d832f85160b5b4fbee1332<::>2	Q0	a618f0371eb48adf-5908-7903	1	1.000000	run1
d44c3196b3d832f85160b5b4fbee1332<::>2	Q0	1007f0c181b30bac-5942-7871	2	0.500000	run1
d44c3196b3d832f85160b5b4fbee1332<::>2	Q0	83c70676a34f41b9-5995-8062	3	0.333333	run1
d44c3196b3d832f85160b5b4fbee1332<::>2	Q0	d63ebad40e46f471-1457-3601	4	0.250000	run1
d44c3196b3d832f85160b5b4fbee1332<::>2	Q0	1007f0c181b30bac-4529-6282	5	0.200000	run1
d44c3196b3d832f85160b5b4fbee1332<::>2	Q0	a618f0371eb48adf-4549-6312	6	0.166667	run1
d44c3196b3d832f85160b5b4fbee1332<::>2	Q0	83c70676a34f41b9-7607-9073	7	0.142857	run1
d44c3196b3d832f85160b5b4fbee1332<::>2	Q0	a618f0371eb48adf-2962-4964	8	0.125000	run1
d44c3196b3d832f85160b5b4fbee1332<::>2	Q0	83c70676a34f41b9-4529-6367	9	0.111111	run1
d44c3196b3d832f85160b5b4fbee1332<::>2	Q0	d63ebad40e46f471-14130-16271	10	0.100000	run1
d44c3196b3d832f85160b5b4fbee1332<::>3	Q0	1007f0c181b30bac-5942-7871	1	1.000000	run1
d44c3196b3d832f85160b5b4fbee1332<::>3	Q0	d63ebad40e46f471-1457-3601	2	0.500000	run1
d44c3196b3d832f85160b5b4fbee1332<::>3	Q0	83c70676a34f41b9-5995-8062	3	0.333333	run1
d44c3196b3d832f85160b5b4fbee1332<::>3	Q0	a618f0371eb48adf-5908-7903	4	0.250000	run1
d44c3196b3d832f85160b5b4fbee1332<::>3	Q0	d63ebad40e46f471-2-2137	5	0.200000	run1
d44c3196b3d832f85160b5b4fbee1332<::>3	Q0	1007f0c181b30bac-4529-6282	6	0.166667	run1
d44c3196b3d832f85160b5b4fbee1332<::>3	Q0	d63ebad40e46f471-14130-16271	7	0.142857	run1
d44c3196b3d832f85160b5b4fbee1332<::>3	Q0	a618f0371eb48adf-4549-6312	8	0.125000	run1
d44c3196b3d832f85160b5b4fbee1332<::>3	Q0	d63ebad40e46f471-3040-5706	9	0.111111	run1
d44c3196b3d832f85160b5b4fbee1332<::>3	Q0	f81a8bb78e5bbc6f-5426-7600	10	0.100000	run1
d44c3196b3d832f85160b5b4fbee1332<::>5	Q0	906aca41d57de7da-1666-4067	1	1.000000	run1
d44c3196b3d832f85160b5b4fbee1332<::>5	Q0	4eadefd15b981784-1290-3848	2	0.500000	run1
d44c3196b3d832f85160b5b4fbee1332<::>5	Q0	18596f91d8062c42-1447-3870	3	0.333333	run1
d44c3196b3d832f85160b5b4fbee1332<::>5	Q0	22a8c50943dda969-4916-7497	4	0.250000	run1
d44c3196b3d832f85160b5b4fbee1332<::>5	Q0	8069de5bfa5ae4a8-1400-3954	5	0.200000	run1
d44c3196b3d832f85160b5b4fbee1332<::>5	Q0	7102224573bcb417-1556-4185	6	0.166667	run1
d44c3196b3d832f85160b5b4fbee1332<::>5	Q0	92e436be74beeff4-4684-7290	7	0.142857	run1
d44c3196b3d832f85160b5b4fbee1332<::>5	Q0	4aa0eb2e234da4e0-1161-3802	8	0.125000	run1
d44c3196b3d832f85160b5b4fbee1332<::>5	Q0	c4ac3e46d8dc8d34-1573-4005	9	0.111111	run1
d44c3196b3d832f85160b5b4fbee1332<::>5	Q0	92e436be74beeff4-3490-5306	10	0.100000	run1
0ef145e49938dfb9b6eefe781d21dca8<::>1	Q0	c13c69deafc3523d-0-1025	1	1.000000	run1
0ef145e49938dfb9b6eefe781d21dca8<::>1	Q0	f9ca18a1e18869c5-0-5515	2	0.500000	run1
0ef145e49938dfb9b6eefe781d21dca8<::>1	Q0	974d8dbd296da19f-0-615	3	0.333333	run1
0ef145e49938dfb9b6eefe781d21dca8<::>1	Q0	a6faf25dd5f445d4-3-1971	4	0.250000	run1
0ef145e49938dfb9b6eefe781d21dca8<::>1	Q0	8c4ed91b96e9f2be-0-826	5	0.200000	run1
0ef145e49938dfb9b6eefe781d21dca8<::>1	Q0	0cd7752c7195da47-3-2029	6	0.166667	run1
0ef145e49938dfb9b6eefe781d21dca8<::>1	Q0	fd960d2a9643da36-0-894	7	0.142857	run1
0ef145e49938dfb9b6eefe781d21dca8<::>1	Q0	1f58eeaa9206fee4-0-1413	8	0.125000	run1
0ef145e49938dfb9b6eefe781d21dca8<::>1	Q0	270cc2faa0c776d6-2-1887	9	0.111111	run1
0ef145e49938dfb9b6eefe781d21dca8<::>1	Q0	a9f13ff29ff6c51e-2-2066	10	0.100000	run1
0ef145e49938dfb9b6eefe781d21dca8<::>2	Q0	d63ebad40e46f471-6954-9447	1	1.000000	run1
0ef145e49938dfb9b6eefe781d21dca8<::>2	Q0	957ec4b6432818d6-1613-3831	2	0.500000	run1
0ef145e49938dfb9b6eefe781d21dca8<::>2	Q0	7a3b0cb9559f99e6-0-1721	3	0.333333	run1
0ef145e49938dfb9b6eefe781d21dca8<::>2	Q0	da8c29096248d1a3-0-2637	4	0.250000	run1
0ef145e49938dfb9b6eefe781d21dca8<::>2	Q0	d63ebad40e46f471-8900-11092	5	0.200000	run1
0ef145e49938dfb9b6eefe781d21dca8<::>2	Q0	ca1cf50b7f89e7bf-3084-5039	6	0.166667	run1
0ef145e49938dfb9b6eefe781d21dca8<::>2	Q0	a2fb394ccff09475-6973-9436	7	0.142857	run1
0ef145e49938dfb9b6eefe781d21dca8<::>2	Q0	6a850a10662dedb1-3298-5139	8	0.125000	run1
0ef145e49938dfb9b6eefe781d21dca8<::>2	Q0	b2c60616480320c9-12854-15195	9	0.111111	run1
0ef145e49938dfb9b6eefe781d21dca8<::>2	Q0	9b3df447d333ae7a-25908-27749	10	0.100000	run1
0ef145e49938dfb9b6eefe781d21dca8<::>3	Q0	519bf5e3d232bf9a-6956-9361	1	1.000000	run1
0ef145e49938dfb9b6eefe781d21dca8<::>3	Q0	e8ef50a6394a215e-3203-4875	2	0.500000	run1
0ef145e49938dfb9b6eefe781d21dca8<::>3	Q0	d63ebad40e46f471-8900-11092	3	0.333333	run1
0ef145e49938dfb9b6eefe781d21dca8<::>3	Q0	3464686257d18d56-1116-3057	4	0.250000	run1
0ef145e49938dfb9b6eefe781d21dca8<::>3	Q0	d63ebad40e46f471-6954-9447	5	0.200000	run1
0ef145e49938dfb9b6eefe781d21dca8<::>3	Q0	e6de9afb5ed6071d-0-1715	6	0.166667	run1
0ef145e49938dfb9b6eefe781d21dca8<::>3	Q0	affcc823c9c1c1f5-3440-5848	7	0.142857	run1
0ef145e49938dfb9b6eefe781d21dca8<::>3	Q0	e6de9afb5ed6071d-1251-3010	8	0.125000	run1
0ef145e49938dfb9b6eefe781d21dca8<::>3	Q0	082e911f70fee524-8763-11160	9	0.111111	run1
0ef145e49938dfb9b6eefe781d21dca8<::>3	Q0	e6de9afb5ed6071d-2708-4367	10	0.100000	run1
0ef145e49938dfb9b6eefe781d21dca8<::>4	Q0	906aca41d57de7da-3571-5840	1	1.000000	run1
0ef145e49938dfb9b6eefe781d21dca8<::>4	Q0	18596f91d8062c42-3409-5698	2	0.500000	run1
0ef145e49938dfb9b6eefe781d21dca8<::>4	Q0	7102224573bcb417-3555-5954	3	0.333333	run1
0ef145e49938dfb9b6eefe781d21dca8<::>4	Q0	4aa0eb2e234da4e0-3166-5573	4	0.250000	run1
0ef145e49938dfb9b6eefe781d21dca8<::>4	Q0	affcc823c9c1c1f5-3440-5848	5	0.200000	run1
0ef145e49938dfb9b6eefe781d21dca8<::>4	Q0	082e911f70fee524-8763-11160	6	0.166667	run1
0ef145e49938dfb9b6eefe781d21dca8<::>4	Q0	4eadefd15b981784-3217-5742	7	0.142857	run1
0ef145e49938dfb9b6eefe781d21dca8<::>4	Q0	92e436be74beeff4-6688-9161	8	0.125000	run1
0ef145e49938dfb9b6eefe781d21dca8<::>4	Q0	e2c6a768807d3e80-3651-6089	9	0.111111	run1
0ef145e49938dfb9b6eefe781d21dca8<::>4	Q0	22a8c50943dda969-6908-9429	10	0.100000	run1
0ef145e49938dfb9b6eefe781d21dca8<::>5	Q0	affcc823c9c1c1f5-3440-5848	1	1.000000	run1
0ef145e49938dfb9b6eefe781d21dca8<::>5	Q0	082e911f70fee524-8763-11160	2	0.500000	run1
0ef145e49938dfb9b6eefe781d21dca8<::>5	Q0	18596f91d8062c42-3409-5698	3	0.333333	run1
0ef145e49938dfb9b6eefe781d21dca8<::>5	Q0	4eadefd15b981784-3217-5742	4	0.250000	run1
0ef145e49938dfb9b6eefe781d21dca8<::>5	Q0	92e436be74beeff4-6688-9161	5	0.200000	run1
0ef145e49938dfb9b6eefe781d21dca8<::>5	Q0	b2c60616480320c9-12854-15195	6	0.166667	run1
0ef145e49938dfb9b6eefe781d21dca8<::>5	Q0	4aa0eb2e234da4e0-3166-5573	7	0.142857	run1
0ef145e49938dfb9b6eefe781d21dca8<::>5	Q0	906aca41d57de7da-3571-5840	8	0.125000	run1
0ef145e49938dfb9b6eefe781d21dca8<::>5	Q0	a2fb394ccff09475-6973-9436	9	0.111111	run1
0ef145e49938dfb9b6eefe781d21dca8<::>5	Q0	519bf5e3d232bf9a-6956-9361	10	0.100000	run1
0ef145e49938dfb9b6eefe781d21dca8<::>6	Q0	83c70676a34f41b9-5995-8062	1	1.000000	run1
0ef145e49938dfb9b6eefe781d21dca8<::>6	Q0	cd6cd47d4fff148c-11753-13225	2	0.500000	run1
0ef145e49938dfb9b6eefe781d21dca8<::>6	Q0	8cb1187e82768209-3856-5485	3	0.333333	run1
0ef145e49938dfb9b6eefe781d21dca8<::>6	Q0	cfbfaf22d20d7ea3-12644-14231	4	0.250000	run1
0ef145e49938dfb9b6eefe781d21dca8<::>6	Q0	f81a8bb78e5bbc6f-5426-7600	5	0.200000	run1
0ef145e49938dfb9b6eefe781d21dca8<::>6	Q0	cfbfaf22d20d7ea3-11784-13207	6	0.166667	run1
0ef145e49938dfb9b6eefe781d21dca8<::>6	Q0	dcf45cd1bd02778d-4444-6437	7	0.142857	run1
0ef145e49938dfb9b6eefe781d21dca8<::>6	Q0	cd6cd47d4fff148c-12636-14111	8	0.125000	run1
0ef145e49938dfb9b6eefe781d21dca8<::>6	Q0	a618f0371eb48adf-5908-7903	9	0.111111	run1
0ef145e49938dfb9b6eefe781d21dca8<::>6	Q0	3192336875db19fa-2-2288	10	0.100000	run1
0ef145e49938dfb9b6eefe781d21dca8<::>7	Q0	c13c69deafc3523d-0-1025	1	1.000000	run1
0ef145e49938dfb9b6eefe781d21dca8<::>7	Q0	f9ca18a1e18869c5-0-5515	2	0.500000	run1
0ef145e49938dfb9b6eefe781d21dca8<::>7	Q0	974d8dbd296da19f-0-615	3	0.333333	run1
0ef145e49938dfb9b6eefe781d21dca8<::>7	Q0	1f58eeaa9206fee4-0-1413	4	0.250000	run1
0ef145e49938dfb9b6eefe781d21dca8<::>7	Q0	8c4ed91b96e9f2be-0-826	5	0.200000	run1
0ef145e49938dfb9b6eefe781d21dca8<::>7	Q0	cd6cd47d4fff148c-12636-14111	6	0.166667	run1
0ef145e49938dfb9b6eefe781d21dca8<::>7	Q0	fd960d2a9643da36-0-894	7	0.142857	run1
0ef145e49938dfb9b6eefe781d21dca8<::>7	Q0	0cd7752c7195da47-3-2029	8	0.125000	run1
0ef145e49938dfb9b6eefe781d21dca8<::>7	Q0	b79057d770307cad-2-1743	9	0.111111	run1
0ef145e49938dfb9b6eefe781d21dca8<::>7	Q0	a9f13ff29ff6c51e-2-2066	10	0.100000	run1
0ef145e49938dfb9b6eefe781d21dca8<::>8	Q0	99b617731a68be32-4000-6371	1	1.000000	run1
0ef145e49938dfb9b6eefe781d21dca8<::>8	Q0	41bbe3d420fad22d-1532-3506	2	0.500000	run1
0ef145e49938dfb9b6eefe781d21dca8<::>8	Q0	817a660f3ace021e-3860-6070	3	0.333333	run1
0ef145e49938dfb9b6eefe781d21dca8<::>8	Q0	f81a8bb78e5bbc6f-5426-7600	4	0.250000	run1
0ef145e49938dfb9b6eefe781d21dca8<::>8	Q0	40ce723b445ac8eb-5372-7150	5	0.200000	run1
0ef145e49938dfb9b6eefe781d21dca8<::>8	Q0	40ce723b445ac8eb-6691-8678	6	0.166667	run1
0ef145e49938dfb9b6eefe781d21dca8<::>8	Q0	e0a27e5431380f0d-2-1905	7	0.142857	run1
0ef145e49938dfb9b6eefe781d21dca8<::>8	Q0	50d3da952ec48504-7772-9293	8	0.125000	run1
0ef145e49938dfb9b6eefe781d21dca8<::>8	Q0	d46c34e498967f2e-2-2078	9	0.111111	run1
0ef145e49938dfb9b6eefe781d21dca8<::>8	Q0	50d3da952ec48504-5967-8175	10	0.100000	run1
5600fe1c05a1fc415416d9dee6347000<::>1	Q0	351d62c973f5a12e-1481-3556	1	1.000000	run1
5600fe1c05a1fc415416d9dee6347000<::>1	Q0	bfd4514593f8c09e-21337-23369	2	0.500000	run1
5600fe1c05a1fc415416d9dee6347000<::>1	Q0	bfd4514593f8c09e-19699-21767	3	0.333333	run1
5600fe1c05a1fc415416d9dee6347000<::>1	Q0	351d62c973f5a12e-2967-4975	4	0.250000	run1
5600fe1c05a1fc415416d9dee6347000<::>1	Q0	351d62c973f5a12e-2-2050	5	0.200000	run1
5600fe1c05a1fc415416d9dee6347000<::>1	Q0	bfd4514593f8c09e-11732-13985	6	0.166667	run1
5600fe1c05a1fc415416d9dee6347000<::>1	Q0	bfd4514593f8c09e-5355-7534	7	0.142857	run1
5600fe1c05a1fc415416d9dee6347000<::>1	Q0	bfd4514593f8c09e-18208-20398	8	0.125000	run1
5600fe1c05a1fc415416d9dee6347000<::>1	Q0	bfd4514593f8c09e-4268-6172	9	0.111111	run1
5600fe1c05a1fc415416d9dee6347000<::>1	Q0	bfd4514593f8c09e-1123-3095	10	0.100000	run1
5600fe1c05a1fc415416d9dee6347000<::>2	Q0	bfd4514593f8c09e-21337-23369	1	1.000000	run1
5600fe1c05a1fc415416d9dee6347000<::>2	Q0	351d62c973f5a12e-1481-3556	2	0.500000	run1
5600fe1c05a1fc415416d9dee6347000<::>2	Q0	351d62c973f5a12e-2967-4975	3	0.333333	run1
5600fe1c05a1fc415416d9dee6347000<::>2	Q0	351d62c973f5a12e-2-2050	4	0.250000	run1
5600fe1c05a1fc415416d9dee6347000<::>2	Q0	c661ba57f5ac6e25-3249-5338	5	0.200000	run1
5600fe1c05a1fc415416d9dee6347000<::>2	Q0	657cadd4c399f163-3373-5478	6	0.166667	run1
5600fe1c05a1fc415416d9dee6347000<::>2	Q0	9295862e1fe29fc1-2-2052	7	0.142857	run1
5600fe1c05a1fc415416d9dee6347000<::>2	Q0	9da5c3bbcc7c1600-6115-7893	8	0.125000	run1
5600fe1c05a1fc415416d9dee6347000<::>2	Q0	bfd4514593f8c09e-6998-8959	9	0.111111	run1
5600fe1c05a1fc415416d9dee6347000<::>2	Q0	c7568d2b219b5702-9061-11004	10	0.100000	run1
5600fe1c05a1fc415416d9dee6347000<::>4	Q0	d5a9fb56e7a923c2-1356-3252	1	1.000000	run1
5600fe1c05a1fc415416d9dee6347000<::>4	Q0	351d62c973f5a12e-2-2050	2	0.500000	run1
5600fe1c05a1fc415416d9dee6347000<::>4	Q0	2ebe53abc6bb570a-3022-5123	3	0.333333	run1
5600fe1c05a1fc415416d9dee6347000<::>4	Q0	351d62c973f5a12e-13571-15539	4	0.250000	run1
5600fe1c05a1fc415416d9dee6347000<::>4	Q0	cd7e5eecaba634cf-14398-16553	5	0.200000	run1
5600fe1c05a1fc415416d9dee6347000<::>4	Q0	bfd4514593f8c09e-13515-15771	6	0.166667	run1
5600fe1c05a1fc415416d9dee6347000<::>4	Q0	c17b1101a45858c2-2-1995	7	0.142857	run1
5600fe1c05a1fc415416d9dee6347000<::>4	Q0	2059009a407fe8bb-4817-7166	8	0.125000	run1
5600fe1c05a1fc415416d9dee6347000<::>4	Q0	298625a1e8029167-2957-4475	9	0.111111	run1
5600fe1c05a1fc415416d9dee6347000<::>4	Q0	467998711ac3271d-2975-4855	10	0.100000	run1
5600fe1c05a1fc415416d9dee6347000<::>5	Q0	b3a13bd9a66a8f86-7032-9148	1	1.000000	run1
5600fe1c05a1fc415416d9dee6347000<::>5	Q0	0cdd721d6ac22a1d-3-1575	2	0.500000	run1
5600fe1c05a1fc415416d9dee6347000<::>5	Q0	1de7a60d826dabc1-3-1719	3	0.333333	run1
5600fe1c05a1fc415416d9dee6347000<::>5	Q0	1de7a60d826dabc1-4063-6261	4	0.250000	run1
5600fe1c05a1fc415416d9dee6347000<::>5	Q0	b3a13bd9a66a8f86-5724-7513	5	0.200000	run1
5600fe1c05a1fc415416d9dee6347000<::>5	Q0	1de7a60d826dabc1-1104-3273	6	0.166667	run1
5600fe1c05a1fc415416d9dee6347000<::>5	Q0	b3a13bd9a66a8f86-8607-10712	7	0.142857	run1
5600fe1c05a1fc415416d9dee6347000<::>5	Q0	b3a13bd9a66a8f86-996-3038	8	0.125000	run1
5600fe1c05a1fc415416d9dee6347000<::>5	Q0	a3dc92c7e5ea8e00-18523-20736	9	0.111111	run1
5600fe1c05a1fc415416d9dee6347000<::>5	Q0	1de7a60d826dabc1-10640-12842	10	0.100000	run1
5600fe1c05a1fc415416d9dee6347000<::>6	Q0	0cdd721d6ac22a1d-2685-4714	1	1.000000	run1
5600fe1c05a1fc415416d9dee6347000<::>6	Q0	0cdd721d6ac22a1d-3-1575	2	0.500000	run1
5600fe1c05a1fc415416d9dee6347000<::>6	Q0	0cdd721d6ac22a1d-1211-3163	3	0.333333	run1
5600fe1c05a1fc415416d9dee6347000<::>6	Q0	0cdd721d6ac22a1d-4200-5872	4	0.250000	run1
5600fe1c05a1fc415416d9dee6347000<::>6	Q0	bbe475fe31897252-2454-4384	5	0.200000	run1
5600fe1c05a1fc415416d9dee6347000<::>6	Q0	0cdd721d6ac22a1d-5569-5988	6	0.166667	run1
5600fe1c05a1fc415416d9dee6347000<::>6	Q0	a3dc92c7e5ea8e00-30065-31775	7	0.142857	run1
5600fe1c05a1fc415416d9dee6347000<::>6	Q0	bfd4514593f8c09e-4268-6172	8	0.125000	run1
5600fe1c05a1fc415416d9dee6347000<::>6	Q0	a3dc92c7e5ea8e00-87277-89242	9	0.111111	run1
5600fe1c05a1fc415416d9dee6347000<::>6	Q0	bd8ee9973ec50d18-1236-2957	10	0.100000	run1
5600fe1c05a1fc415416d9dee6347000<::>7	Q0	0cdd721d6ac22a1d-1211-3163	1	1.000000	run1
5600fe1c05a1fc415416d9dee6347000<::>7	Q0	0cdd721d6ac22a1d-3-1575	2	0.500000	run1
5600fe1c05a1fc415416d9dee6347000<::>7	Q0	bfd4514593f8c09e-4268-6172	3	0.333333	run1
5600fe1c05a1fc415416d9dee6347000<::>7	Q0	0cdd721d6ac22a1d-2685-4714	4	0.250000	run1
5600fe1c05a1fc415416d9dee6347000<::>7	Q0	573a69e582e4148f-4193-6360	5	0.200000	run1
5600fe1c05a1fc415416d9dee6347000<::>7	Q0	a3dc92c7e5ea8e00-30065-31775	6	0.166667	run1
5600fe1c05a1fc415416d9dee6347000<::>7	Q0	bbe475fe31897252-2454-4384	7	0.142857	run1
5600fe1c05a1fc415416d9dee6347000<::>7	Q0	a3dc92c7e5ea8e00-23379-25416	8	0.125000	run1
5600fe1c05a1fc415416d9dee6347000<::>7	Q0	a3dc92c7e5ea8e00-75042-77197	9	0.111111	run1
5600fe1c05a1fc415416d9dee6347000<::>7	Q0	a3dc92c7e5ea8e00-87277-89242	10	0.100000	run1
5600fe1c05a1fc415416d9dee6347000<::>8	Q0	e8afeffc5b53a893-1426-3383	1	1.000000	run1
5600fe1c05a1fc415416d9dee6347000<::>8	Q0	573a69e582e4148f-2630-4714	2	0.500000	run1
5600fe1c05a1fc415416d9dee6347000<::>8	Q0	573a69e582e4148f-4193-6360	3	0.333333	run1
5600fe1c05a1fc415416d9dee6347000<::>8	Q0	a3dc92c7e5ea8e00-23379-25416	4	0.250000	run1
5600fe1c05a1fc415416d9dee6347000<::>8	Q0	c7568d2b219b5702-7532-9551	5	0.200000	run1
5600fe1c05a1fc415416d9dee6347000<::>8	Q0	1de7a60d826dabc1-4063-6261	6	0.166667	run1
5600fe1c05a1fc415416d9dee6347000<::>8	Q0	e8afeffc5b53a893-2912-4647	7	0.142857	run1
5600fe1c05a1fc415416d9dee6347000<::>8	Q0	e8afeffc5b53a893-2-1801	8	0.125000	run1
5600fe1c05a1fc415416d9dee6347000<::>8	Q0	350cc9fe97af85dd-1405-3440	9	0.111111	run1
5600fe1c05a1fc415416d9dee6347000<::>8	Q0	573a69e582e4148f-1097-3085	10	0.100000	run1
5600fe1c05a1fc415416d9dee6347000<::>9	Q0	0cdd721d6ac22a1d-1211-3163	1	1.000000	run1
5600fe1c05a1fc415416d9dee6347000<::>9	Q0	0cdd721d6ac22a1d-3-1575	2	0.500000	run1
5600fe1c05a1fc415416d9dee6347000<::>9	Q0	bfd4514593f8c09e-4268-6172	3	0.333333	run1
5600fe1c05a1fc415416d9dee6347000<::>9	Q0	0cdd721d6ac22a1d-2685-4714	4	0.250000	run1
5600fe1c05a1fc415416d9dee6347000<::>9	Q0	573a69e582e4148f-4193-6360	5	0.200000	run1
5600fe1c05a1fc415416d9dee6347000<::>9	Q0	a3dc92c7e5ea8e00-30065-31775	6	0.166667	run1
5600fe1c05a1fc415416d9dee6347000<::>9	Q0	bbe475fe31897252-2454-4384	7	0.142857	run1
5600fe1c05a1fc415416d9dee6347000<::>9	Q0	a3dc92c7e5ea8e00-23379-25416	8	0.125000	run1
5600fe1c05a1fc415416d9dee6347000<::>9	Q0	a3dc92c7e5ea8e00-75042-77197	9	0.111111	run1
5600fe1c05a1fc415416d9dee6347000<::>9	Q0	a3dc92c7e5ea8e00-87277-89242	10	0.100000	run1
251e29286cef45d899d7889e94ae25d5<::>1	Q0	a227aff0a6fd8255-4712-6576	1	1.000000	run1
251e29286cef45d899d7889e94ae25d5<::>1	Q0	c63b038e88a17934-6918-9026	2	0.500000	run1
251e29286cef45d899d7889e94ae25d5<::>1	Q0	a227aff0a6fd8255-3292-5176	3	0.333333	run1
251e29286cef45d899d7889e94ae25d5<::>1	Q0	a227aff0a6fd8255-6163-8348	4	0.250000	run1
251e29286cef45d899d7889e94ae25d5<::>1	Q0	17a25b07af4a6429-2-1918	5	0.200000	run1
251e29286cef45d899d7889e94ae25d5<::>1	Q0	c63b038e88a17934-8587-10816	6	0.166667	run1
251e29286cef45d899d7889e94ae25d5<::>1	Q0	d47cae7f7105d66a-4707-6192	7	0.142857	run1
251e29286cef45d899d7889e94ae25d5<::>1	Q0	914c180e07b780f0-1919-3898	8	0.125000	run1
251e29286cef45d899d7889e94ae25d5<::>1	Q0	a227aff0a6fd8255-5-3776	9	0.111111	run1
251e29286cef45d899d7889e94ae25d5<::>1	Q0	bbd26c778acc84c1-2-1826	10	0.100000	run1
251e29286cef45d899d7889e94ae25d5<::>2	Q0	f6341a832b8dbe3f-1425-3432	1	1.000000	run1
251e29286cef45d899d7889e94ae25d5<::>2	Q0	712a92e8d5dc6ee6-2859-4850	2	0.500000	run1
251e29286cef45d899d7889e94ae25d5<::>2	Q0	a23fdf8ca1f9aea1-4365-6312	3	0.333333	run1
251e29286cef45d899d7889e94ae25d5<::>2	Q0	712a92e8d5dc6ee6-1389-3290	4	0.250000	run1
251e29286cef45d899d7889e94ae25d5<::>2	Q0	fe793848d1ffc486-1501-3374	5	0.200000	run1
251e29286cef45d899d7889e94ae25d5<::>2	Q0	8b41cffc6a0a1320-4578-6682	6	0.166667	run1
251e29286cef45d899d7889e94ae25d5<::>2	Q0	f6341a832b8dbe3f-2986-5047	7	0.142857	run1
251e29286cef45d899d7889e94ae25d5<::>2	Q0	a23fdf8ca1f9aea1-2907-4741	8	0.125000	run1
251e29286cef45d899d7889e94ae25d5<::>2	Q0	f6341a832b8dbe3f-4606-6623	9	0.111111	run1
251e29286cef45d899d7889e94ae25d5<::>2	Q0	fe793848d1ffc486-2-2012	10	0.100000	run1
251e29286cef45d899d7889e94ae25d5<::>3	Q0	f6341a832b8dbe3f-2986-5047	1	1.000000	run1
251e29286cef45d899d7889e94ae25d5<::>3	Q0	fe793848d1ffc486-2878-4822	2	0.500000	run1
251e29286cef45d899d7889e94ae25d5<::>3	Q0	f6341a832b8dbe3f-1425-3432	3	0.333333	run1
251e29286cef45d899d7889e94ae25d5<::>3	Q0	a23fdf8ca1f9aea1-4365-6312	4	0.250000	run1
251e29286cef45d899d7889e94ae25d5<::>3	Q0	a23fdf8ca1f9aea1-2907-4741	5	0.200000	run1
251e29286cef45d899d7889e94ae25d5<::>3	Q0	f6341a832b8dbe3f-4606-6623	6	0.166667	run1
251e29286cef45d899d7889e94ae25d5<::>3	Q0	712a92e8d5dc6ee6-2859-4850	7	0.142857	run1
251e29286cef45d899d7889e94ae25d5<::>3	Q0	a23fdf8ca1f9aea1-5714-7472	8	0.125000	run1
251e29286cef45d899d7889e94ae25d5<::>3	Q0	a23fdf8ca1f9aea1-7040-8941	9	0.111111	run1
251e29286cef45d899d7889e94ae25d5<::>3	Q0	f6341a832b8dbe3f-2-1840	10	0.100000	run1
251e29286cef45d899d7889e94ae25d5<::>4	Q0	712a92e8d5dc6ee6-7459-9503	1	1.000000	run1
251e29286cef45d899d7889e94ae25d5<::>4	Q0	f6341a832b8dbe3f-4606-6623	2	0.500000	run1
251e29286cef45d899d7889e94ae25d5<::>4	Q0	712a92e8d5dc6ee6-5952-7929	3	0.333333	run1
251e29286cef45d899d7889e94ae25d5<::>4	Q0	60b12aad704b8b31-4943-7012	4	0.250000	run1
251e29286cef45d899d7889e94ae25d5<::>4	Q0	fe793848d1ffc486-2878-4822	5	0.200000	run1
251e29286cef45d899d7889e94ae25d5<::>4	Q0	60b12aad704b8b31-1563-3635	6	0.166667	run1
251e29286cef45d899d7889e94ae25d5<::>4	Q0	808d567bf79dd929-1451-2933	7	0.142857	run1
251e29286cef45d899d7889e94ae25d5<::>4	Q0	712a92e8d5dc6ee6-2859-4850	8	0.125000	run1
251e29286cef45d899d7889e94ae25d5<::>4	Q0	2f56e1fa866931c5-26903-29046	9	0.111111	run1
251e29286cef45d899d7889e94ae25d5<::>4	Q0	712a92e8d5dc6ee6-4365-6420	10	0.100000	run1
251e29286cef45d899d7889e94ae25d5<::>5	Q0	808d567bf79dd929-2-1890	1	1.000000	run1
251e29286cef45d899d7889e94ae25d5<::>5	Q0	2251c4827c59360d-2-1974	2	0.500000	run1
251e29286cef45d899d7889e94ae25d5<::>5	Q0	2251c4827c59360d-11048-13176	3	0.333333	run1
251e29286cef45d899d7889e94ae25d5<::>5	Q0	f131c62f939157c5-1497-3352	4	0.250000	run1
251e29286cef45d899d7889e94ae25d5<::>5	Q0	97819f62800639ce-3299-5414	5	0.200000	run1
251e29286cef45d899d7889e94ae25d5<::>5	Q0	97819f62800639ce-6680-8757	6	0.166667	run1
251e29286cef45d899d7889e94ae25d5<::>5	Q0	fe793848d1ffc486-2878-4822	7	0.142857	run1
251e29286cef45d899d7889e94ae25d5<::>5	Q0	cb33f28a936b7d9e-3146-5173	8	0.125000	run1
251e29286cef45d899d7889e94ae25d5<::>5	Q0	f6341a832b8dbe3f-4606-6623	9	0.111111	run1
251e29286cef45d899d7889e94ae25d5<::>5	Q0	fe793848d1ffc486-1501-3374	10	0.100000	run1
251e29286cef45d899d7889e94ae25d5<::>6	Q0	cb33f28a936b7d9e-9435-11719	1	1.000000	run1
251e29286cef45d899d7889e94ae25d5<::>6	Q0	0669908d5d4870d2-1604-3759	2	0.500000	run1
251e29286cef45d899d7889e94ae25d5<::>6	Q0	0669908d5d4870d2-0-2104	3	0.333333	run1
251e29286cef45d899d7889e94ae25d5<::>6	Q0	2251c4827c59360d-11048-13176	4	0.250000	run1
251e29286cef45d899d7889e94ae25d5<::>6	Q0	00e9adb15f35b625-6160-8294	5	0.200000	run1
251e29286cef45d899d7889e94ae25d5<::>6	Q0	864c42667659fa74-2-1969	6	0.166667	run1
251e29286cef45d899d7889e94ae25d5<::>6	Q0	0669908d5d4870d2-3342-4177	7	0.142857	run1
251e29286cef45d899d7889e94ae25d5<::>6	Q0	cb33f28a936b7d9e-7649-9960	8	0.125000	run1
251e29286cef45d899d7889e94ae25d5<::>6	Q0	60b12aad704b8b31-1563-3635	9	0.111111	run1
251e29286cef45d899d7889e94ae25d5<::>6	Q0	a23fdf8ca1f9aea1-2907-4741	10	0.100000	run1
251e29286cef45d899d7889e94ae25d5<::>7	Q0	97819f62800639ce-2-2083	1	1.000000	run1
251e29286cef45d899d7889e94ae25d5<::>7	Q0	2251c4827c59360d-1567-3644	2	0.500000	run1
251e29286cef45d899d7889e94ae25d5<::>7	Q0	97819f62800639ce-3299-5414	3	0.333333	run1
251e29286cef45d899d7889e94ae25d5<::>7	Q0	22f43f2ddbd054fe-11642-13614	4	0.250000	run1
251e29286cef45d899d7889e94ae25d5<::>7	Q0	22f43f2ddbd054fe-10131-12096	5	0.200000	run1
251e29286cef45d899d7889e94ae25d5<::>7	Q0	2251c4827c59360d-3185-5318	6	0.166667	run1
251e29286cef45d899d7889e94ae25d5<::>7	Q0	97819f62800639ce-1636-3803	7	0.142857	run1
251e29286cef45d899d7889e94ae25d5<::>7	Q0	2251c4827c59360d-2-1974	8	0.125000	run1
251e29286cef45d899d7889e94ae25d5<::>7	Q0	d2262bf231ba9c90-1365-3432	9	0.111111	run1
251e29286cef45d899d7889e94ae25d5<::>7	Q0	2251c4827c59360d-6428-8501	10	0.100000	run1
251e29286cef45d899d7889e94ae25d5<::>8	Q0	2251c4827c59360d-3185-5318	1	1.000000	run1
251e29286cef45d899d7889e94ae25d5<::>8	Q0	97819f62800639ce-3299-5414	2	0.500000	run1
251e29286cef45d899d7889e94ae25d5<::>8	Q0	2251c4827c59360d-11048-13176	3	0.333333	run1
251e29286cef45d899d7889e94ae25d5<::>8	Q0	f5d91ea6134d8a6a-0-1902	4	0.250000	run1
251e29286cef45d899d7889e94ae25d5<::>8	Q0	2251c4827c59360d-9487-11504	5	0.200000	run1
251e29286cef45d899d7889e94ae25d5<::>8	Q0	5849c2f24b20799d-2-2019	6	0.166667	run1
251e29286cef45d899d7889e94ae25d5<::>8	Q0	7b741f4a449ff7a1-8820-10390	7	0.142857	run1
251e29286cef45d899d7889e94ae25d5<::>8	Q0	7b741f4a449ff7a1-9823-11394	8	0.125000	run1
251e29286cef45d899d7889e94ae25d5<::>8	Q0	2251c4827c59360d-14377-15067	9	0.111111	run1
251e29286cef45d899d7889e94ae25d5<::>8	Q0	7b741f4a449ff7a1-7068-8487	10	0.100000	run1
ccdfb6b6f98c55047ae81b705104dbd6<::>1	Q0	a38987d211c62a61-2-2173	1	1.000000	run1
ccdfb6b6f98c55047ae81b705104dbd6<::>1	Q0	a38987d211c62a61-5878-7995	2	0.500000	run1
ccdfb6b6f98c55047ae81b705104dbd6<::>1	Q0	a38987d211c62a61-10353-11620	3	0.333333	run1
ccdfb6b6f98c55047ae81b705104dbd6<::>1	Q0	a38987d211c62a61-12469-13272	4	0.250000	run1
ccdfb6b6f98c55047ae81b705104dbd6<::>1	Q0	a38987d211c62a61-11288-12969	5	0.200000	run1
ccdfb6b6f98c55047ae81b705104dbd6<::>1	Q0	ff4642d434215cfa-2-1758	6	0.166667	run1
ccdfb6b6f98c55047ae81b705104dbd6<::>1	Q0	e360a1566f0e0c55-1013-3020	7	0.142857	run1
ccdfb6b6f98c55047ae81b705104dbd6<::>1	Q0	0c4d7fef596217da-1755-3919	8	0.125000	run1
ccdfb6b6f98c55047ae81b705104dbd6<::>1	Q0	e360a1566f0e0c55-2-1017	9	0.111111	run1
ccdfb6b6f98c55047ae81b705104dbd6<::>1	Q0	7ec5ea00488b8e26-10737-12596	10	0.100000	run1
ccdfb6b6f98c55047ae81b705104dbd6<::>2	Q0	a38987d211c62a61-5878-7995	1	1.000000	run1
ccdfb6b6f98c55047ae81b705104dbd6<::>2	Q0	a38987d211c62a61-2-2173	2	0.500000	run1
ccdfb6b6f98c55047ae81b705104dbd6<::>2	Q0	a38987d211c62a61-10353-11620	3	0.333333	run1
ccdfb6b6f98c55047ae81b705104dbd6<::>2	Q0	a38987d211c62a61-12469-13272	4	0.250000	run1
ccdfb6b6f98c55047ae81b705104dbd6<::>2	Q0	b9cdace2a4e532a5-0-754	5	0.200000	run1
ccdfb6b6f98c55047ae81b705104dbd6<::>2	Q0	2f31384a4c251ab9-1505-2719	6	0.166667	run1
ccdfb6b6f98c55047ae81b705104dbd6<::>2	Q0	e7ddfe44b77f940b-16459-18674	7	0.142857	run1
ccdfb6b6f98c55047ae81b705104dbd6<::>2	Q0	0c4d7fef596217da-1-2169	8	0.125000	run1
ccdfb6b6f98c55047ae81b705104dbd6<::>2	Q0	a38987d211c62a61-2964-4900	9	0.111111	run1
ccdfb6b6f98c55047ae81b705104dbd6<::>2	Q0	a38987d211c62a61-11288-12969	10	0.100000	run1
ccdfb6b6f98c55047ae81b705104dbd6<::>3	Q0	a38987d211c62a61-2-2173	1	1.000000	run1
ccdfb6b6f98c55047ae81b705104dbd6<::>3	Q0	afd2ef475ac8f857-2-1988	2	0.500000	run1
ccdfb6b6f98c55047ae81b705104dbd6<::>3	Q0	a38987d211c62a61-4556-6466	3	0.333333	run1
ccdfb6b6f98c55047ae81b705104dbd6<::>3	Q0	a38987d211c62a61-5878-7995	4	0.250000	run1
ccdfb6b6f98c55047ae81b705104dbd6<::>3	Q0	a38987d211c62a61-12469-13272	5	0.200000	run1
ccdfb6b6f98c55047ae81b705104dbd6<::>3	Q0	a38987d211c62a61-10353-11620	6	0.166667	run1
ccdfb6b6f98c55047ae81b705104dbd6<::>3	Q0	afd2ef475ac8f857-5966-7950	7	0.142857	run1
ccdfb6b6f98c55047ae81b705104dbd6<::>3	Q0	a38987d211c62a61-11288-12969	8	0.125000	run1
ccdfb6b6f98c55047ae81b705104dbd6<::>3	Q0	0186bfb8b9c17f51-0-673	9	0.111111	run1
ccdfb6b6f98c55047ae81b705104dbd6<::>3	Q0	d11978c92580e86b-0-1000	10	0.100000	run1
ccdfb6b6f98c55047ae81b705104dbd6<::>4	Q0	a38987d211c62a61-11288-12969	1	1.000000	run1
ccdfb6b6f98c55047ae81b705104dbd6<::>4	Q0	a38987d211c62a61-2-2173	2	0.500000	run1
ccdfb6b6f98c55047ae81b705104dbd6<::>4	Q0	a38987d211c62a61-10353-11620	3	0.333333	run1
ccdfb6b6f98c55047ae81b705104dbd6<::>4	Q0	b9cdace2a4e532a5-0-754	4	0.250000	run1
ccdfb6b6f98c55047ae81b705104dbd6<::>4	Q0	73743fc9895c48ab-1716-3243	5	0.200000	run1
ccdfb6b6f98c55047ae81b705104dbd6<::>4	Q0	a38987d211c62a61-5878-7995	6	0.166667	run1
ccdfb6b6f98c55047ae81b705104dbd6<::>4	Q0	2f31384a4c251ab9-1505-2719	7	0.142857	run1
ccdfb6b6f98c55047ae81b705104dbd6<::>4	Q0	a38987d211c62a61-4556-6466	8	0.125000	run1
ccdfb6b6f98c55047ae81b705104dbd6<::>4	Q0	e7ddfe44b77f940b-16459-18674	9	0.111111	run1
ccdfb6b6f98c55047ae81b705104dbd6<::>4	Q0	55f96e4a8c18f814-2559-3970	10	0.100000	run1
ccdfb6b6f98c55047ae81b705104dbd6<::>5	Q0	9bc7745d8009b92c-2-1791	1	1.000000	run1
ccdfb6b6f98c55047ae81b705104dbd6<::>5	Q0	a38987d211c62a61-2-2173	2	0.500000	run1
ccdfb6b6f98c55047ae81b705104dbd6<::>5	Q0	e7ddfe44b77f940b-16459-18674	3	0.333333	run1
ccdfb6b6f98c55047ae81b705104dbd6<::>5	Q0	a38987d211c62a61-5878-7995	4	0.250000	run1
ccdfb6b6f98c55047ae81b705104dbd6<::>5	Q0	a38987d211c62a61-4556-6466	5	0.200000	run1
ccdfb6b6f98c55047ae81b705104dbd6<::>5	Q0	8f5d1e11bd91ed3e-1448-3384	6	0.166667	run1
ccdfb6b6f98c55047ae81b705104dbd6<::>5	Q0	a38987d211c62a61-10353-11620	7	0.142857	run1
ccdfb6b6f98c55047ae81b705104dbd6<::>5	Q0	9282bc891a49ca2c-2790-4808	8	0.125000	run1
ccdfb6b6f98c55047ae81b705104dbd6<::>5	Q0	a38987d211c62a61-11288-12969	9	0.111111	run1
ccdfb6b6f98c55047ae81b705104dbd6<::>5	Q0	a38987d211c62a61-12469-13272	10	0.100000	run1
ccdfb6b6f98c55047ae81b705104dbd6<::>6	Q0	b9cdace2a4e532a5-0-754	1	1.000000	run1
ccdfb6b6f98c55047ae81b705104dbd6<::>6	Q0	a38987d211c62a61-11288-12969	2	0.500000	run1
ccdfb6b6f98c55047ae81b705104dbd6<::>6	Q0	bcdad59b93b9c3da-8736-10521	3	0.333333	run1
ccdfb6b6f98c55047ae81b705104dbd6<::>6	Q0	40249956d981dd88-3200-3900	4	0.250000	run1
ccdfb6b6f98c55047ae81b705104dbd6<::>6	Q0	0c4d7fef596217da-1755-3919	5	0.200000	run1
ccdfb6b6f98c55047ae81b705104dbd6<::>6	Q0	56c82105cff4a8e8-9487-10509	6	0.166667	run1
ccdfb6b6f98c55047ae81b705104dbd6<::>6	Q0	a38987d211c62a61-12469-13272	7	0.142857	run1
ccdfb6b6f98c55047ae81b705104dbd6<::>6	Q0	56c82105cff4a8e8-2-960	8	0.125000	run1
ccdfb6b6f98c55047ae81b705104dbd6<::>6	Q0	a38987d211c62a61-10353-11620	9	0.111111	run1
ccdfb6b6f98c55047ae81b705104dbd6<::>6	Q0	56c82105cff4a8e8-956-2998	10	0.100000	run1
ccdfb6b6f98c55047ae81b705104dbd6<::>7	Q0	0c4d7fef596217da-1755-3919	1	1.000000	run1
ccdfb6b6f98c55047ae81b705104dbd6<::>7	Q0	0c4d7fef596217da-1-2169	2	0.500000	run1
ccdfb6b6f98c55047ae81b705104dbd6<::>7	Q0	a38987d211c62a61-2-2173	3	0.333333	run1
ccdfb6b6f98c55047ae81b705104dbd6<::>7	Q0	a38987d211c62a61-12469-13272	4	0.250000	run1
ccdfb6b6f98c55047ae81b705104dbd6<::>7	Q0	a38987d211c62a61-10353-11620	5	0.200000	run1
ccdfb6b6f98c55047ae81b705104dbd6<::>7	Q0	fde5193b5628e14c-8745-9923	6	0.166667	run1
ccdfb6b6f98c55047ae81b705104dbd6<::>7	Q0	a38987d211c62a61-11288-12969	7	0.142857	run1
ccdfb6b6f98c55047ae81b705104dbd6<::>7	Q0	5cc83523c44261bc-10778-12955	8	0.125000	run1
ccdfb6b6f98c55047ae81b705104dbd6<::>7	Q0	a699bdfdc1eb02c3-11145-12805	9	0.111111	run1
ccdfb6b6f98c55047ae81b705104dbd6<::>7	Q0	e360a1566f0e0c55-2-1017	10	0.100000	run1
ccdfb6b6f98c55047ae81b705104dbd6<::>8	Q0	73743fc9895c48ab-2-1716	1	1.000000	run1
ccdfb6b6f98c55047ae81b705104dbd6<::>8	Q0	73743fc9895c48ab-3244-4229	2	0.500000	run1
ccdfb6b6f98c55047ae81b705104dbd6<::>8	Q0	73743fc9895c48ab-5143-6045	3	0.333333	run1
ccdfb6b6f98c55047ae81b705104dbd6<::>8	Q0	73743fc9895c48ab-7521-8693	4	0.250000	run1
ccdfb6b6f98c55047ae81b705104dbd6<::>8	Q0	0186bfb8b9c17f51-0-673	5	0.200000	run1
ccdfb6b6f98c55047ae81b705104dbd6<::>8	Q0	73743fc9895c48ab-1716-3243	6	0.166667	run1
ccdfb6b6f98c55047ae81b705104dbd6<::>8	Q0	a38987d211c62a61-12469-13272	7	0.142857	run1
ccdfb6b6f98c55047ae81b705104dbd6<::>8	Q0	73743fc9895c48ab-4229-5256	8	0.125000	run1
ccdfb6b6f98c55047ae81b705104dbd6<::>8	Q0	503cf012ec129ebb-6287-8254	9	0.111111	run1
ccdfb6b6f98c55047ae81b705104dbd6<::>8	Q0	519bf5e3d232bf9a-8694-11083	10	0.100000	run1
ccdfb6b6f98c55047ae81b705104dbd6<::>9	Q0	0c4d7fef596217da-1-2169	1	1.000000	run1
ccdfb6b6f98c55047ae81b705104dbd6<::>9	Q0	0c4d7fef596217da-1755-3919	2	0.500000	run1
ccdfb6b6f98c55047ae81b705104dbd6<::>9	Q0	6c856e446ebd4edc-12441-14899	3	0.333333	run1
ccdfb6b6f98c55047ae81b705104dbd6<::>9	Q0	5cc83523c44261bc-10778-12955	4	0.250000	run1
ccdfb6b6f98c55047ae81b705104dbd6<::>9	Q0	0c4d7fef596217da-3414-4553	5	0.200000	run1
ccdfb6b6f98c55047ae81b705104dbd6<::>9	Q0	20671fda24673fd1-4295-6591	6	0.166667	run1
ccdfb6b6f98c55047ae81b705104dbd6<::>9	Q0	a914bb7986a9c885-2-964	7	0.142857	run1
ccdfb6b6f98c55047ae81b705104dbd6<::>9	Q0	b36697cbf8816bd3-9324-11538	8	0.125000	run1
ccdfb6b6f98c55047ae81b705104dbd6<::>9	Q0	a914bb7986a9c885-22904-23563	9	0.111111	run1
ccdfb6b6f98c55047ae81b705104dbd6<::>9	Q0	a7a80bf07762c408-3123-4995	10	0.100000	run1
8a19ee37ca7d97eaddbe2e19ca600556<::>1	Q0	d0cad7a60e0694bc-2-1676	1	1.000000	run1
8a19ee37ca7d97eaddbe2e19ca600556<::>1	Q0	d0cad7a60e0694bc-1046-3115	2	0.500000	run1
8a19ee37ca7d97eaddbe2e19ca600556<::>1	Q0	41168a49b304126a-4632-6781	3	0.333333	run1
8a19ee37ca7d97eaddbe2e19ca600556<::>1	Q0	41168a49b304126a-3039-5240	4	0.250000	run1
8a19ee37ca7d97eaddbe2e19ca600556<::>1	Q0	83199e2ed7312513-1348-3429	5	0.200000	run1
8a19ee37ca7d97eaddbe2e19ca600556<::>1	Q0	e9692600f6ea11bc-1358-3439	6	0.166667	run1
8a19ee37ca7d97eaddbe2e19ca600556<::>1	Q0	41168a49b304126a-1480-3602	7	0.142857	run1
8a19ee37ca7d97eaddbe2e19ca600556<::>1	Q0	41168a49b304126a-14897-16951	8	0.125000	run1
8a19ee37ca7d97eaddbe2e19ca600556<::>1	Q0	d0cad7a60e0694bc-2441-4075	9	0.111111	run1
8a19ee37ca7d97eaddbe2e19ca600556<::>1	Q0	2059009a407fe8bb-35430-37554	10	0.100000	run1
8a19ee37ca7d97eaddbe2e19ca600556<::>2	Q0	41168a49b304126a-6355-8487	1	1.000000	run1
8a19ee37ca7d97eaddbe2e19ca600556<::>2	Q0	41168a49b304126a-4632-6781	2	0.500000	run1
8a19ee37ca7d97eaddbe2e19ca600556<::>2	Q0	83199e2ed7312513-1348-3429	3	0.333333	run1
8a19ee37ca7d97eaddbe2e19ca600556<::>2	Q0	e9692600f6ea11bc-1358-3439	4	0.250000	run1
8a19ee37ca7d97eaddbe2e19ca600556<::>2	Q0	41168a49b304126a-16351-18293	5	0.200000	run1
8a19ee37ca7d97eaddbe2e19ca600556<::>2	Q0	d0cad7a60e0694bc-2-1676	6	0.166667	run1
8a19ee37ca7d97eaddbe2e19ca600556<::>2	Q0	41168a49b304126a-2-1880	7	0.142857	run1
8a19ee37ca7d97eaddbe2e19ca600556<::>2	Q0	41168a49b304126a-9796-12013	8	0.125000	run1
8a19ee37ca7d97eaddbe2e19ca600556<::>2	Q0	3a1806111e592e96-9465-11530	9	0.111111	run1
8a19ee37ca7d97eaddbe2e19ca600556<::>2	Q0	41168a49b304126a-13272-15299	10	0.100000	run1
8a19ee37ca7d97eaddbe2e19ca600556<::>3	Q0	41168a49b304126a-4632-6781	1	1.000000	run1
8a19ee37ca7d97eaddbe2e19ca600556<::>3	Q0	41168a49b304126a-3039-5240	2	0.500000	run1
8a19ee37ca7d97eaddbe2e19ca600556<::>3	Q0	41168a49b304126a-1480-3602	3	0.333333	run1
8a19ee37ca7d97eaddbe2e19ca600556<::>3	Q0	41168a49b304126a-14897-16951	4	0.250000	run1
8a19ee37ca7d97eaddbe2e19ca600556<::>3	Q0	d0cad7a60e0694bc-1046-3115	5	0.200000	run1
8a19ee37ca7d97eaddbe2e19ca600556<::>3	Q0	41168a49b304126a-11461-13699	6	0.166667	run1
8a19ee37ca7d97eaddbe2e19ca600556<::>3	Q0	41168a49b304126a-9796-12013	7	0.142857	run1
8a19ee37ca7d97eaddbe2e19ca600556<::>3	Q0	d0cad7a60e0694bc-2-1676	8	0.125000	run1
8a19ee37ca7d97eaddbe2e19ca600556<::>3	Q0	41168a49b304126a-6355-8487	9	0.111111	run1
8a19ee37ca7d97eaddbe2e19ca600556<::>3	Q0	1b59794de02e4d94-1393-3626	10	0.100000	run1
8a19ee37ca7d97eaddbe2e19ca600556<::>4	Q0	9060ac11354f286a-2-1937	1	1.000000	run1
8a19ee37ca7d97eaddbe2e19ca600556<::>4	Q0	3a1806111e592e96-10980-13087	2	0.500000	run1
8a19ee37ca7d97eaddbe2e19ca600556<::>4	Q0	98725809e2754974-2-481	3	0.333333	run1
8a19ee37ca7d97eaddbe2e19ca600556<::>4	Q0	4d3eba5aeb31c32c-4562-6725	4	0.250000	run1
8a19ee37ca7d97eaddbe2e19ca600556<::>4	Q0	fe8c82cdf4a51f27-13646-15675	5	0.200000	run1
8a19ee37ca7d97eaddbe2e19ca600556<::>4	Q0	5a3dc4064bebe6e7-1867-3950	6	0.166667	run1
8a19ee37ca7d97eaddbe2e19ca600556<::>4	Q0	98725809e2754974-77-2147	7	0.142857	run1
8a19ee37ca7d97eaddbe2e19ca600556<::>4	Q0	f6959a891f011510-3367-4668	8	0.125000	run1
8a19ee37ca7d97eaddbe2e19ca600556<::>4	Q0	5ed8d5fe6c497e3d-8087-10079	9	0.111111	run1
8a19ee37ca7d97eaddbe2e19ca600556<::>4	Q0	4d3eba5aeb31c32c-6093-7970	10	0.100000	run1
8a19ee37ca7d97eaddbe2e19ca600556<::>5	Q0	98725809e2754974-482-2554	1	1.000000	run1
8a19ee37ca7d97eaddbe2e19ca600556<::>5	Q0	98725809e2754974-77-2147	2	0.500000	run1
8a19ee37ca7d97eaddbe2e19ca600556<::>5	Q0	9060ac11354f286a-2-1937	3	0.333333	run1
8a19ee37ca7d97eaddbe2e19ca600556<::>5	Q0	9f6f101741b4f16b-6778-8992	4	0.250000	run1
8a19ee37ca7d97eaddbe2e19ca600556<::>5	Q0	62964e3a38783558-6793-9007	5	0.200000	run1
8a19ee37ca7d97eaddbe2e19ca600556<::>5	Q0	98725809e2754974-2-481	6	0.166667	run1
8a19ee37ca7d97eaddbe2e19ca600556<::>5	Q0	62964e3a38783558-6000-7852	7	0.142857	run1
8a19ee37ca7d97eaddbe2e19ca600556<::>5	Q0	fe8c82cdf4a51f27-9281-11137	8	0.125000	run1
8a19ee37ca7d97eaddbe2e19ca600556<::>5	Q0	b7db2ba287736762-2-2090	9	0.111111	run1
8a19ee37ca7d97eaddbe2e19ca600556<::>5	Q0	b7db2ba287736762-1518-3660	10	0.100000	run1
8a19ee37ca7d97eaddbe2e19ca600556<::>6	Q0	40f771df171f5692-1158-3486	1	1.000000	run1
8a19ee37ca7d97eaddbe2e19ca600556<::>6	Q0	97a1e0156fea0a8a-0-2188	2	0.500000	run1
8a19ee37ca7d97eaddbe2e19ca600556<::>6	Q0	62964e3a38783558-6000-7852	3	0.333333	run1
8a19ee37ca7d97eaddbe2e19ca600556<::>6	Q0	9f6f101741b4f16b-5473-7703	4	0.250000	run1
8a19ee37ca7d97eaddbe2e19ca600556<::>6	Q0	9f6f101741b4f16b-6778-8992	5	0.200000	run1
8a19ee37ca7d97eaddbe2e19ca600556<::>6	Q0	40f771df171f5692-2-1964	6	0.166667	run1
8a19ee37ca7d97eaddbe2e19ca600556<::>6	Q0	f03c9e63118dc6ba-0-2299	7	0.142857	run1
8a19ee37ca7d97eaddbe2e19ca600556<::>6	Q0	fe8c82cdf4a51f27-4768-6684	8	0.125000	run1
8a19ee37ca7d97eaddbe2e19ca600556<::>6	Q0	3a1806111e592e96-10980-13087	9	0.111111	run1
8a19ee37ca7d97eaddbe2e19ca600556<::>6	Q0	9bb4f6a6c44ee3a0-2918-4826	10	0.100000	run1
72ba19c38518da1fc894fc638a2802f7<::>1	Q0	1484aa59a6b10014-3259-5541	1	1.000000	run1
72ba19c38518da1fc894fc638a2802f7<::>1	Q0	6e97640495151e68-4584-6689	2	0.500000	run1
72ba19c38518da1fc894fc638a2802f7<::>1	Q0	c225494fb67307fa-172115-174278	3	0.333333	run1
72ba19c38518da1fc894fc638a2802f7<::>1	Q0	3a4836de992cc6e9-34069-36072	4	0.250000	run1
72ba19c38518da1fc894fc638a2802f7<::>1	Q0	c225494fb67307fa-324755-326675	5	0.200000	run1
72ba19c38518da1fc894fc638a2802f7<::>1	Q0	6e97640495151e68-6174-8304	6	0.166667	run1
72ba19c38518da1fc894fc638a2802f7<::>1	Q0	c225494fb67307fa-323904-325381	7	0.142857	run1
72ba19c38518da1fc894fc638a2802f7<::>1	Q0	5989ae677d790e60-1625-4302	8	0.125000	run1
72ba19c38518da1fc894fc638a2802f7<::>1	Q0	a66481068c3edb08-16774-18987	9	0.111111	run1
72ba19c38518da1fc894fc638a2802f7<::>1	Q0	c4917d0863ef0f86-15531-17243	10	0.100000	run1
72ba19c38518da1fc894fc638a2802f7<::>2	Q0	6e97640495151e68-4584-6689	1	1.000000	run1
72ba19c38518da1fc894fc638a2802f7<::>2	Q0	36b7136502b2dd4e-1511-3485	2	0.500000	run1
72ba19c38518da1fc894fc638a2802f7<::>2	Q0	6e97640495151e68-6174-8304	3	0.333333	run1
72ba19c38518da1fc894fc638a2802f7<::>2	Q0	1484aa59a6b10014-3259-5541	4	0.250000	run1
72ba19c38518da1fc894fc638a2802f7<::>2	Q0	9c5c4370a07f2806-27108-29075	5	0.200000	run1
72ba19c38518da1fc894fc638a2802f7<::>2	Q0	9c5c4370a07f2806-28630-30647	6	0.166667	run1
72ba19c38518da1fc894fc638a2802f7<::>2	Q0	379d0812978017d7-6050-8285	7	0.142857	run1
72ba19c38518da1fc894fc638a2802f7<::>2	Q0	c8db6e06ff46669e-51823-53868	8	0.125000	run1
72ba19c38518da1fc894fc638a2802f7<::>2	Q0	e918620a5d185bde-6574-8834	9	0.111111	run1
72ba19c38518da1fc894fc638a2802f7<::>2	Q0	23c0516cf3e8be44-9254-11501	10	0.100000	run1
72ba19c38518da1fc894fc638a2802f7<::>3	Q0	6e97640495151e68-3007-5072	1	1.000000	run1
72ba19c38518da1fc894fc638a2802f7<::>3	Q0	6e97640495151e68-3-1866	2	0.500000	run1
72ba19c38518da1fc894fc638a2802f7<::>3	Q0	6e97640495151e68-4584-6689	3	0.333333	run1
72ba19c38518da1fc894fc638a2802f7<::>3	Q0	00751ce378f21667-2244-4216	4	0.250000	run1
72ba19c38518da1fc894fc638a2802f7<::>3	Q0	0d769154d6dcdbc7-2257-4343	5	0.200000	run1
72ba19c38518da1fc894fc638a2802f7<::>3	Q0	6e97640495151e68-6174-8304	6	0.166667	run1
72ba19c38518da1fc894fc638a2802f7<::>3	Q0	0d769154d6dcdbc7-3810-5727	7	0.142857	run1
72ba19c38518da1fc894fc638a2802f7<::>3	Q0	6e97640495151e68-1401-3422	8	0.125000	run1
72ba19c38518da1fc894fc638a2802f7<::>3	Q0	d1bc2c843fa3b77e-33914-35974	9	0.111111	run1
72ba19c38518da1fc894fc638a2802f7<::>3	Q0	6e97640495151e68-7915-9570	10	0.100000	run1
72ba19c38518da1fc894fc638a2802f7<::>4	Q0	6e97640495151e68-1401-3422	1	1.000000	run1
72ba19c38518da1fc894fc638a2802f7<::>4	Q0	bd8ee9973ec50d18-1236-2957	2	0.500000	run1
72ba19c38518da1fc894fc638a2802f7<::>4	Q0	6e97640495151e68-3-1866	3	0.333333	run1
72ba19c38518da1fc894fc638a2802f7<::>4	Q0	d599a2c63e8f4ea5-1362-3193	4	0.250000	run1
72ba19c38518da1fc894fc638a2802f7<::>4	Q0	6e97640495151e68-3007-5072	5	0.200000	run1
72ba19c38518da1fc894fc638a2802f7<::>4	Q0	742590c1a248d1ab-3437-5759	6	0.166667	run1
72ba19c38518da1fc894fc638a2802f7<::>4	Q0	bd8ee9973ec50d18-2535-4335	7	0.142857	run1
72ba19c38518da1fc894fc638a2802f7<::>4	Q0	742590c1a248d1ab-1631-4051	8	0.125000	run1
72ba19c38518da1fc894fc638a2802f7<::>4	Q0	bd8ee9973ec50d18-5125-6859	9	0.111111	run1
72ba19c38518da1fc894fc638a2802f7<::>4	Q0	a9b1e652a55ab691-4000-5889	10	0.100000	run1
72ba19c38518da1fc894fc638a2802f7<::>5	Q0	6e97640495151e68-1401-3422	1	1.000000	run1
72ba19c38518da1fc894fc638a2802f7<::>5	Q0	6e97640495151e68-3-1866	2	0.500000	run1
72ba19c38518da1fc894fc638a2802f7<::>5	Q0	6e97640495151e68-3007-5072	3	0.333333	run1
72ba19c38518da1fc894fc638a2802f7<::>5	Q0	845e3e86c5599a99-2-1935	4	0.250000	run1
72ba19c38518da1fc894fc638a2802f7<::>5	Q0	bd8ee9973ec50d18-1236-2957	5	0.200000	run1
72ba19c38518da1fc894fc638a2802f7<::>5	Q0	d599a2c63e8f4ea5-1362-3193	6	0.166667	run1
72ba19c38518da1fc894fc638a2802f7<::>5	Q0	300c82ef907e2240-1582262-1583753	7	0.142857	run1
72ba19c38518da1fc894fc638a2802f7<::>5	Q0	6e97640495151e68-6174-8304	8	0.125000	run1
72ba19c38518da1fc894fc638a2802f7<::>5	Q0	4b1d5dadbf6e05bf-2-1625	9	0.111111	run1
72ba19c38518da1fc894fc638a2802f7<::>5	Q0	47bd197b7c25f723-0-2810	10	0.100000	run1
72ba19c38518da1fc894fc638a2802f7<::>6	Q0	6e97640495151e68-3007-5072	1	1.000000	run1
72ba19c38518da1fc894fc638a2802f7<::>6	Q0	6e97640495151e68-4584-6689	2	0.500000	run1
72ba19c38518da1fc894fc638a2802f7<::>6	Q0	6e97640495151e68-3-1866	3	0.333333	run1
72ba19c38518da1fc894fc638a2802f7<::>6	Q0	6e97640495151e68-6174-8304	4	0.250000	run1
72ba19c38518da1fc894fc638a2802f7<::>6	Q0	6e97640495151e68-7915-9570	5	0.200000	run1
72ba19c38518da1fc894fc638a2802f7<::>6	Q0	00751ce378f21667-2244-4216	6	0.166667	run1
72ba19c38518da1fc894fc638a2802f7<::>6	Q0	0d769154d6dcdbc7-2257-4343	7	0.142857	run1
72ba19c38518da1fc894fc638a2802f7<::>6	Q0	6e97640495151e68-1401-3422	8	0.125000	run1
72ba19c38518da1fc894fc638a2802f7<::>6	Q0	d1bc2c843fa3b77e-33914-35974	9	0.111111	run1
72ba19c38518da1fc894fc638a2802f7<::>6	Q0	0d769154d6dcdbc7-3810-5727	10	0.100000	run1
72ba19c38518da1fc894fc638a2802f7<::>8	Q0	744757e15d2dc0b1-1677-2858	1	1.000000	run1
72ba19c38518da1fc894fc638a2802f7<::>8	Q0	744757e15d2dc0b1-2-2134	2	0.500000	run1
72ba19c38518da1fc894fc638a2802f7<::>8	Q0	87fdc8101cee16b1-2946-3341	3	0.333333	run1
72ba19c38518da1fc894fc638a2802f7<::>8	Q0	ad6796539fc5a1f3-0-1347	4	0.250000	run1
72ba19c38518da1fc894fc638a2802f7<::>8	Q0	f4acc245cd385b0c-0-778	5	0.200000	run1
72ba19c38518da1fc894fc638a2802f7<::>8	Q0	87fdc8101cee16b1-1441-3295	6	0.166667	run1
72ba19c38518da1fc894fc638a2802f7<::>8	Q0	87fdc8101cee16b1-2-1877	7	0.142857	run1
72ba19c38518da1fc894fc638a2802f7<::>8	Q0	b7194055414d6e14-0-1713	8	0.125000	run1
72ba19c38518da1fc894fc638a2802f7<::>8	Q0	bbb8748b17a9566e-0-1663	9	0.111111	run1
72ba19c38518da1fc894fc638a2802f7<::>8	Q0	8061832263a1c3c8-4141-5959	10	0.100000	run1
72ba19c38518da1fc894fc638a2802f7<::>9	Q0	83df0cd8882ed4ad-2-548	1	1.000000	run1
72ba19c38518da1fc894fc638a2802f7<::>9	Q0	cef57ff244018d18-182178-183975	2	0.500000	run1
72ba19c38518da1fc894fc638a2802f7<::>9	Q0	b160839b09405d94-12151-14442	3	0.333333	run1
72ba19c38518da1fc894fc638a2802f7<::>9	Q0	cef57ff244018d18-180763-182606	4	0.250000	run1
72ba19c38518da1fc894fc638a2802f7<::>9	Q0	51139a9eeabf6b74-1630-3007	5	0.200000	run1
72ba19c38518da1fc894fc638a2802f7<::>9	Q0	3fb0d811c55b53aa-11035-12866	6	0.166667	run1
72ba19c38518da1fc894fc638a2802f7<::>9	Q0	5caed6a201b33dd4-10670-12112	7	0.142857	run1
72ba19c38518da1fc894fc638a2802f7<::>9	Q0	81478086b28ab210-4170-6340	8	0.125000	run1
72ba19c38518da1fc894fc638a2802f7<::>9	Q0	bdc4194342ecfbe9-15301-17216	9	0.111111	run1
72ba19c38518da1fc894fc638a2802f7<::>9	Q0	a12b1272759688bc-6378-7999	10	0.100000	run1
af57ff6995d958858fc451e606fdb54d<::>1	Q0	4019ae283514ca39-1145-3094	1	1.000000	run1
af57ff6995d958858fc451e606fdb54d<::>1	Q0	565fb21ac38feaa1-5273-7513	2	0.500000	run1
af57ff6995d958858fc451e606fdb54d<::>1	Q0	01889a19b966dc63-48043-50688	3	0.333333	run1
af57ff6995d958858fc451e606fdb54d<::>1	Q0	425aa3ab1771432d-3253-5261	4	0.250000	run1
af57ff6995d958858fc451e606fdb54d<::>1	Q0	2e0cae3656952b69-2-2354	5	0.200000	run1
af57ff6995d958858fc451e606fdb54d<::>1	Q0	4816d8500cf5fb60-9481-9977	6	0.166667	run1
af57ff6995d958858fc451e606fdb54d<::>1	Q0	030c54337bc2a6b6-14306-16457	7	0.142857	run1
af57ff6995d958858fc451e606fdb54d<::>1	Q0	5efdd27527437f61-10992-11366	8	0.125000	run1
af57ff6995d958858fc451e606fdb54d<::>1	Q0	ac5a1e8f83188f40-5717-7817	9	0.111111	run1
af57ff6995d958858fc451e606fdb54d<::>1	Q0	506b744a0dca6e30-0-1988	10	0.100000	run1
af57ff6995d958858fc451e606fdb54d<::>3	Q0	2cfec0466f870f42-1575-3691	1	1.000000	run1
af57ff6995d958858fc451e606fdb54d<::>3	Q0	b8318cbbe42802c4-7297-7798	2	0.500000	run1
af57ff6995d958858fc451e606fdb54d<::>3	Q0	033b25d5106cd8ef-2-2067	3	0.333333	run1
af57ff6995d958858fc451e606fdb54d<::>3	Q0	50a18d4423f7a219-750-2799	4	0.250000	run1
af57ff6995d958858fc451e606fdb54d<::>3	Q0	839469f53ed9898e-10581-12623	5	0.200000	run1
af57ff6995d958858fc451e606fdb54d<::>3	Q0	927e8c4b785ff2b4-733-3007	6	0.166667	run1
af57ff6995d958858fc451e606fdb54d<::>3	Q0	8dd756042f3aae37-1444-3255	7	0.142857	run1
af57ff6995d958858fc451e606fdb54d<::>3	Q0	2cfec0466f870f42-2-2134	8	0.125000	run1
af57ff6995d958858fc451e606fdb54d<::>3	Q0	eba7267aad093907-1669-3781	9	0.111111	run1
af57ff6995d958858fc451e606fdb54d<::>3	Q0	b0c20d941f261ad1-4496-6451	10	0.100000	run1
af57ff6995d958858fc451e606fdb54d<::>4	Q0	2cfec0466f870f42-1575-3691	1	1.000000	run1
af57ff6995d958858fc451e606fdb54d<::>4	Q0	b8318cbbe42802c4-7297-7798	2	0.500000	run1
af57ff6995d958858fc451e606fdb54d<::>4	Q0	033b25d5106cd8ef-2-2067	3	0.333333	run1
af57ff6995d958858fc451e606fdb54d<::>4	Q0	50a18d4423f7a219-750-2799	4	0.250000	run1
af57ff6995d958858fc451e606fdb54d<::>4	Q0	839469f53ed9898e-10581-12623	5	0.200000	run1
af57ff6995d958858fc451e606fdb54d<::>4	Q0	927e8c4b785ff2b4-733-3007	6	0.166667	run1
af57ff6995d958858fc451e606fdb54d<::>4	Q0	8dd756042f3aae37-1444-3255	7	0.142857	run1
af57ff6995d958858fc451e606fdb54d<::>4	Q0	b0c20d941f261ad1-4496-6451	8	0.125000	run1
af57ff6995d958858fc451e606fdb54d<::>4	Q0	eba7267aad093907-1669-3781	9	0.111111	run1
af57ff6995d958858fc451e606fdb54d<::>4	Q0	2cfec0466f870f42-2-2134	10	0.100000	run1
af57ff6995d958858fc451e606fdb54d<::>5	Q0	3dee615dd378428a-3847-6139	1	1.000000	run1
af57ff6995d958858fc451e606fdb54d<::>5	Q0	3dee615dd378428a-5515-7802	2	0.500000	run1
af57ff6995d958858fc451e606fdb54d<::>5	Q0	3dee615dd378428a-6985-9548	3	0.333333	run1
af57ff6995d958858fc451e606fdb54d<::>5	Q0	a4ee11222d510562-0-2214	4	0.250000	run1
af57ff6995d958858fc451e606fdb54d<::>5	Q0	2ac77ebdc937d7df-7543-9456	5	0.200000	run1
af57ff6995d958858fc451e606fdb54d<::>5	Q0	927e8c4b785ff2b4-733-3007	6	0.166667	run1
af57ff6995d958858fc451e606fdb54d<::>5	Q0	9e2d590332733a7f-737-3054	7	0.142857	run1
af57ff6995d958858fc451e606fdb54d<::>5	Q0	3b9228d5ddf7d49b-14377-16744	8	0.125000	run1
af57ff6995d958858fc451e606fdb54d<::>5	Q0	7463249c9e65c182-3168-5265	9	0.111111	run1
af57ff6995d958858fc451e606fdb54d<::>5	Q0	4e1c120aee9a75b6-10032-11902	10	0.100000	run1
af57ff6995d958858fc451e606fdb54d<::>6	Q0	a4ee11222d510562-0-2214	1	1.000000	run1
af57ff6995d958858fc451e606fdb54d<::>6	Q0	0934b31d940efc39-33761-35570	2	0.500000	run1
af57ff6995d958858fc451e606fdb54d<::>6	Q0	2cfec0466f870f42-2-2134	3	0.333333	run1
af57ff6995d958858fc451e606fdb54d<::>6	Q0	f049134faf2f34b3-1484-3668	4	0.250000	run1
af57ff6995d958858fc451e606fdb54d<::>6	Q0	9aadc3c3a3af0efd-9088-11417	5	0.200000	run1
af57ff6995d958858fc451e606fdb54d<::>6	Q0	47cf03fc35fc11b0-13006-15076	6	0.166667	run1
af57ff6995d958858fc451e606fdb54d<::>6	Q0	0934b31d940efc39-32225-34110	7	0.142857	run1
af57ff6995d958858fc451e606fdb54d<::>6	Q0	927e8c4b785ff2b4-733-3007	8	0.125000	run1
af57ff6995d958858fc451e606fdb54d<::>6	Q0	ce29a7a455bbbb5b-15914-17961	9	0.111111	run1
af57ff6995d958858fc451e606fdb54d<::>6	Q0	16d6b9f269dc7859-1494-3921	10	0.100000	run1
af57ff6995d958858fc451e606fdb54d<::>7	Q0	495e2f0e2b706733-3200-5365	1	1.000000	run1
af57ff6995d958858fc451e606fdb54d<::>7	Q0	bd67da1245522fab-5800-8077	2	0.500000	run1
af57ff6995d958858fc451e606fdb54d<::>7	Q0	495e2f0e2b706733-1574-3778	3	0.333333	run1
af57ff6995d958858fc451e606fdb54d<::>7	Q0	0e6b33357bc369d2-3400-5495	4	0.250000	run1
af57ff6995d958858fc451e606fdb54d<::>7	Q0	b861b3944988ef9a-2-1644	5	0.200000	run1
af57ff6995d958858fc451e606fdb54d<::>7	Q0	24e801687f0d589c-141527-142404	6	0.166667	run1
af57ff6995d958858fc451e606fdb54d<::>7	Q0	61417a4a2b0f1faa-9702-12025	7	0.142857	run1
af57ff6995d958858fc451e606fdb54d<::>7	Q0	f51f815f20d978df-0-2035	8	0.125000	run1
af57ff6995d958858fc451e606fdb54d<::>7	Q0	f185f36cc130161f-1759-3828	9	0.111111	run1
af57ff6995d958858fc451e606fdb54d<::>7	Q0	c0bfcafc92f3970f-11283-13389	10	0.100000	run1
af57ff6995d958858fc451e606fdb54d<::>8	Q0	927e8c4b785ff2b4-2535-4782	1	1.000000	run1
af57ff6995d958858fc451e606fdb54d<::>8	Q0	9e2d590332733a7f-2370-4642	2	0.500000	run1
af57ff6995d958858fc451e606fdb54d<::>8	Q0	9e2d590332733a7f-7393-8842	3	0.333333	run1
af57ff6995d958858fc451e606fdb54d<::>8	Q0	927e8c4b785ff2b4-4399-5439	4	0.250000	run1
af57ff6995d958858fc451e606fdb54d<::>8	Q0	1cd65c74ca7d36ad-2-2405	5	0.200000	run1
af57ff6995d958858fc451e606fdb54d<::>8	Q0	9e2d590332733a7f-737-3054	6	0.166667	run1
af57ff6995d958858fc451e606fdb54d<::>8	Q0	927e8c4b785ff2b4-733-3007	7	0.142857	run1
af57ff6995d958858fc451e606fdb54d<::>8	Q0	fbc472c2e4c7193d-30248-32502	8	0.125000	run1
af57ff6995d958858fc451e606fdb54d<::>8	Q0	927e8c4b785ff2b4-246-2560	9	0.111111	run1
af57ff6995d958858fc451e606fdb54d<::>8	Q0	1cd65c74ca7d36ad-1907-4143	10	0.100000	run1
af57ff6995d958858fc451e606fdb54d<::>9	Q0	42d552fc667db70b-2-2159	1	1.000000	run1
af57ff6995d958858fc451e606fdb54d<::>9	Q0	3841d38e35932252-0-2106	2	0.500000	run1
af57ff6995d958858fc451e606fdb54d<::>9	Q0	71d8acc0a63eb17c-1529-3451	3	0.333333	run1
af57ff6995d958858fc451e606fdb54d<::>9	Q0	bc20609885f7639d-0-2541	4	0.250000	run1
af57ff6995d958858fc451e606fdb54d<::>9	Q0	927e8c4b785ff2b4-2535-4782	5	0.200000	run1
af57ff6995d958858fc451e606fdb54d<::>9	Q0	91b7ed75cbe101bb-0-2265	6	0.166667	run1
af57ff6995d958858fc451e606fdb54d<::>9	Q0	c4674bece5972287-0-1958	7	0.142857	run1
af57ff6995d958858fc451e606fdb54d<::>9	Q0	3672b4655a1f2dd1-2-1856	8	0.125000	run1
af57ff6995d958858fc451e606fdb54d<::>9	Q0	5801b8de115699dd-2-2168	9	0.111111	run1
af57ff6995d958858fc451e606fdb54d<::>9	Q0	927e8c4b785ff2b4-733-3007	10	0.100000	run1
04f83f1199c7ce4d7bef50be70f2db73<::>1	Q0	2435e097253a8be4-3441-5216	1	1.000000	run1
04f83f1199c7ce4d7bef50be70f2db73<::>1	Q0	c41add8034d82d3f-1300-3248	2	0.500000	run1
04f83f1199c7ce4d7bef50be70f2db73<::>1	Q0	c41add8034d82d3f-2812-4704	3	0.333333	run1
04f83f1199c7ce4d7bef50be70f2db73<::>1	Q0	6e42ffe499ef721d-2-1965	4	0.250000	run1
04f83f1199c7ce4d7bef50be70f2db73<::>1	Q0	957ec4b6432818d6-2-2205	5	0.200000	run1
04f83f1199c7ce4d7bef50be70f2db73<::>1	Q0	8d42146d9fb40e5c-10838-13220	6	0.166667	run1
04f83f1199c7ce4d7bef50be70f2db73<::>1	Q0	5f4899361f3d3337-5-2050	7	0.142857	run1
04f83f1199c7ce4d7bef50be70f2db73<::>1	Q0	8d42146d9fb40e5c-1767-4126	8	0.125000	run1
04f83f1199c7ce4d7bef50be70f2db73<::>1	Q0	fc706f170d080e8c-6475-8573	9	0.111111	run1
04f83f1199c7ce4d7bef50be70f2db73<::>1	Q0	8d42146d9fb40e5c-3551-6084	10	0.100000	run1
04f83f1199c7ce4d7bef50be70f2db73<::>2	Q0	7460265a7e8d043c-1981-4497	1	1.000000	run1
04f83f1199c7ce4d7bef50be70f2db73<::>2	Q0	73b4dcd30526baee-2-1871	2	0.500000	run1
04f83f1199c7ce4d7bef50be70f2db73<::>2	Q0	2435e097253a8be4-3441-5216	3	0.333333	run1
04f83f1199c7ce4d7bef50be70f2db73<::>2	Q0	6029fa359d5a928d-14999-16982	4	0.250000	run1
04f83f1199c7ce4d7bef50be70f2db73<::>2	Q0	c41add8034d82d3f-2812-4704	5	0.200000	run1
04f83f1199c7ce4d7bef50be70f2db73<::>2	Q0	f562be75793e1a70-8280-10530	6	0.166667	run1
04f83f1199c7ce4d7bef50be70f2db73<::>2	Q0	73b4dcd30526baee-1431-3469	7	0.142857	run1
04f83f1199c7ce4d7bef50be70f2db73<::>2	Q0	7460265a7e8d043c-0-2512	8	0.125000	run1
04f83f1199c7ce4d7bef50be70f2db73<::>2	Q0	c41add8034d82d3f-1300-3248	9	0.111111	run1
04f83f1199c7ce4d7bef50be70f2db73<::>2	Q0	da8cec538c7d53c5-2403-4692	10	0.100000	run1
04f83f1199c7ce4d7bef50be70f2db73<::>3	Q0	c41add8034d82d3f-2812-4704	1	1.000000	run1
04f83f1199c7ce4d7bef50be70f2db73<::>3	Q0	2435e097253a8be4-3441-5216	2	0.500000	run1
04f83f1199c7ce4d7bef50be70f2db73<::>3	Q0	c41add8034d82d3f-1300-3248	3	0.333333	run1
04f83f1199c7ce4d7bef50be70f2db73<::>3	Q0	2435e097253a8be4-5-2156	4	0.250000	run1
04f83f1199c7ce4d7bef50be70f2db73<::>3	Q0	300e4213057a009d-2-2283	5	0.200000	run1
04f83f1199c7ce4d7bef50be70f2db73<::>3	Q0	c41add8034d82d3f-2-1759	6	0.166667	run1
04f83f1199c7ce4d7bef50be70f2db73<::>3	Q0	7460265a7e8d043c-0-2512	7	0.142857	run1
04f83f1199c7ce4d7bef50be70f2db73<::>3	Q0	c41add8034d82d3f-4298-6331	8	0.125000	run1
04f83f1199c7ce4d7bef50be70f2db73<::>3	Q0	7460265a7e8d043c-15562-17895	9	0.111111	run1
04f83f1199c7ce4d7bef50be70f2db73<::>3	Q0	73b4dcd30526baee-1431-3469	10	0.100000	run1
04f83f1199c7ce4d7bef50be70f2db73<::>4	Q0	f562be75793e1a70-8280-10530	1	1.000000	run1
04f83f1199c7ce4d7bef50be70f2db73<::>4	Q0	e80a8dc4aeb9ba64-1601-3597	2	0.500000	run1
04f83f1199c7ce4d7bef50be70f2db73<::>4	Q0	2435e097253a8be4-3441-5216	3	0.333333	run1
04f83f1199c7ce4d7bef50be70f2db73<::>4	Q0	5bd9c147f6e03cbb-0-1294	4	0.250000	run1
04f83f1199c7ce4d7bef50be70f2db73<::>4	Q0	f562be75793e1a70-6815-8839	5	0.200000	run1
04f83f1199c7ce4d7bef50be70f2db73<::>4	Q0	73b4dcd30526baee-2-1871	6	0.166667	run1
04f83f1199c7ce4d7bef50be70f2db73<::>4	Q0	eef1cf2550d82aa8-2943-4904	7	0.142857	run1
04f83f1199c7ce4d7bef50be70f2db73<::>4	Q0	73b4dcd30526baee-1431-3469	8	0.125000	run1
04f83f1199c7ce4d7bef50be70f2db73<::>4	Q0	8cbec533e63968a1-9188-11059	9	0.111111	run1
04f83f1199c7ce4d7bef50be70f2db73<::>4	Q0	957ec4b6432818d6-1613-3831	10	0.100000	run1
04f83f1199c7ce4d7bef50be70f2db73<::>5	Q0	fa8b4389b521e867-2962-5307	1	1.000000	run1
04f83f1199c7ce4d7bef50be70f2db73<::>5	Q0	c41add8034d82d3f-2812-4704	2	0.500000	run1
04f83f1199c7ce4d7bef50be70f2db73<::>5	Q0	2435e097253a8be4-3441-5216	3	0.333333	run1
04f83f1199c7ce4d7bef50be70f2db73<::>5	Q0	f562be75793e1a70-8280-10530	4	0.250000	run1
04f83f1199c7ce4d7bef50be70f2db73<::>5	Q0	fa8b4389b521e867-1499-3586	5	0.200000	run1
04f83f1199c7ce4d7bef50be70f2db73<::>5	Q0	adf5f359c39c9b39-5133-7439	6	0.166667	run1
04f83f1199c7ce4d7bef50be70f2db73<::>5	Q0	a80540da511bb7ee-1454-3634	7	0.142857	run1
04f83f1199c7ce4d7bef50be70f2db73<::>5	Q0	09a74650d3f1b07c-6257-8444	8	0.125000	run1
04f83f1199c7ce4d7bef50be70f2db73<::>5	Q0	845b222382bcf88c-3354-4190	9	0.111111	run1
04f83f1199c7ce4d7bef50be70f2db73<::>5	Q0	265ae5299d763adf-1553-3675	10	0.100000	run1
04f83f1199c7ce4d7bef50be70f2db73<::>6	Q0	5a0620324a34660c-1467-3525	1	1.000000	run1
04f83f1199c7ce4d7bef50be70f2db73<::>6	Q0	ad0544154450d496-4805-6686	2	0.500000	run1
04f83f1199c7ce4d7bef50be70f2db73<::>6	Q0	2435e097253a8be4-5-2156	3	0.333333	run1
04f83f1199c7ce4d7bef50be70f2db73<::>6	Q0	171875d4e41b8e6c-2-2460	4	0.250000	run1
04f83f1199c7ce4d7bef50be70f2db73<::>6	Q0	eee496520396dc37-1964-4330	5	0.200000	run1
04f83f1199c7ce4d7bef50be70f2db73<::>6	Q0	b8f221ea811c439e-3742-5878	6	0.166667	run1
04f83f1199c7ce4d7bef50be70f2db73<::>6	Q0	5a0620324a34660c-3131-4885	7	0.142857	run1
04f83f1199c7ce4d7bef50be70f2db73<::>6	Q0	24bb3e9e23e5ef60-3448-5571	8	0.125000	run1
04f83f1199c7ce4d7bef50be70f2db73<::>6	Q0	2435e097253a8be4-3441-5216	9	0.111111	run1
04f83f1199c7ce4d7bef50be70f2db73<::>6	Q0	171875d4e41b8e6c-3585-5689	10	0.100000	run1
5f9ccf0a4ff691fc482432af64cc3c9d<::>1	Q0	cdd462b8aca0176c-10048-11062	1	1.000000	run1
5f9ccf0a4ff691fc482432af64cc3c9d<::>1	Q0	a4f54b431110b916-7235-9064	2	0.500000	run1
5f9ccf0a4ff691fc482432af64cc3c9d<::>1	Q0	e6ea24fa9e962807-8879-10987	3	0.333333	run1
5f9ccf0a4ff691fc482432af64cc3c9d<::>1	Q0	e6ea24fa9e962807-10446-12124	4	0.250000	run1
5f9ccf0a4ff691fc482432af64cc3c9d<::>1	Q0	37b460a856376278-10176-12366	5	0.200000	run1
5f9ccf0a4ff691fc482432af64cc3c9d<::>1	Q0	cdd462b8aca0176c-8546-10516	6	0.166667	run1
5f9ccf0a4ff691fc482432af64cc3c9d<::>1	Q0	040af5da2ab87936-2-2306	7	0.142857	run1
5f9ccf0a4ff691fc482432af64cc3c9d<::>1	Q0	cdd462b8aca0176c-5837-7702	8	0.125000	run1
5f9ccf0a4ff691fc482432af64cc3c9d<::>1	Q0	37b460a856376278-7120-9267	9	0.111111	run1
5f9ccf0a4ff691fc482432af64cc3c9d<::>1	Q0	cdd462b8aca0176c-4545-6159	10	0.100000	run1
5f9ccf0a4ff691fc482432af64cc3c9d<::>2	Q0	5614642324237198-5938-7745	1	1.000000	run1
5f9ccf0a4ff691fc482432af64cc3c9d<::>2	Q0	5614642324237198-7278-9265	2	0.500000	run1
5f9ccf0a4ff691fc482432af64cc3c9d<::>2	Q0	5614642324237198-11749-13473	3	0.333333	run1
5f9ccf0a4ff691fc482432af64cc3c9d<::>2	Q0	5614642324237198-13011-14750	4	0.250000	run1
5f9ccf0a4ff691fc482432af64cc3c9d<::>2	Q0	5614642324237198-14325-16041	5	0.200000	run1
5f9ccf0a4ff691fc482432af64cc3c9d<::>2	Q0	5614642324237198-2966-4959	6	0.166667	run1
5f9ccf0a4ff691fc482432af64cc3c9d<::>2	Q0	5614642324237198-4553-6251	7	0.142857	run1
5f9ccf0a4ff691fc482432af64cc3c9d<::>2	Q0	5614642324237198-15727-17370	8	0.125000	run1
5f9ccf0a4ff691fc482432af64cc3c9d<::>2	Q0	5614642324237198-10512-12126	9	0.111111	run1
5f9ccf0a4ff691fc482432af64cc3c9d<::>2	Q0	5614642324237198-1451-3366	10	0.100000	run1
5f9ccf0a4ff691fc482432af64cc3c9d<::>3	Q0	040af5da2ab87936-1805-3968	1	1.000000	run1
5f9ccf0a4ff691fc482432af64cc3c9d<::>3	Q0	040af5da2ab87936-3419-5470	2	0.500000	run1
5f9ccf0a4ff691fc482432af64cc3c9d<::>3	Q0	cdd462b8aca0176c-4545-6159	3	0.333333	run1
5f9ccf0a4ff691fc482432af64cc3c9d<::>3	Q0	f81a8bb78e5bbc6f-2145-4411	4	0.250000	run1
5f9ccf0a4ff691fc482432af64cc3c9d<::>3	Q0	4c0150c5079fa69c-4530-6296	5	0.200000	run1
5f9ccf0a4ff691fc482432af64cc3c9d<::>3	Q0	a7b76650e1b68c81-4527-6376	6	0.166667	run1
5f9ccf0a4ff691fc482432af64cc3c9d<::>3	Q0	040af5da2ab87936-2-2306	7	0.142857	run1
5f9ccf0a4ff691fc482432af64cc3c9d<::>3	Q0	a618f0371eb48adf-5908-7903	8	0.125000	run1
5f9ccf0a4ff691fc482432af64cc3c9d<::>3	Q0	f81a8bb78e5bbc6f-2-2832	9	0.111111	run1
5f9ccf0a4ff691fc482432af64cc3c9d<::>3	Q0	cdd462b8aca0176c-10048-11062	10	0.100000	run1
5f9ccf0a4ff691fc482432af64cc3c9d<::>4	Q0	cdd462b8aca0176c-1443-3371	1	1.000000	run1
5f9ccf0a4ff691fc482432af64cc3c9d<::>4	Q0	a7b76650e1b68c81-1425-3353	2	0.500000	run1
5f9ccf0a4ff691fc482432af64cc3c9d<::>4	Q0	f81a8bb78e5bbc6f-2145-4411	3	0.333333	run1
5f9ccf0a4ff691fc482432af64cc3c9d<::>4	Q0	a618f0371eb48adf-1447-3375	4	0.250000	run1
5f9ccf0a4ff691fc482432af64cc3c9d<::>4	Q0	994cf15a893d61b1-1421-3349	5	0.200000	run1
5f9ccf0a4ff691fc482432af64cc3c9d<::>4	Q0	83c70676a34f41b9-1427-3355	6	0.166667	run1
5f9ccf0a4ff691fc482432af64cc3c9d<::>4	Q0	1007f0c181b30bac-1427-3355	7	0.142857	run1
5f9ccf0a4ff691fc482432af64cc3c9d<::>4	Q0	a4f54b431110b916-1427-3355	8	0.125000	run1
5f9ccf0a4ff691fc482432af64cc3c9d<::>4	Q0	4c0150c5079fa69c-1428-3356	9	0.111111	run1
5f9ccf0a4ff691fc482432af64cc3c9d<::>4	Q0	74cfb1b459e96523-5814-7896	10	0.100000	run1
5f9ccf0a4ff691fc482432af64cc3c9d<::>5	Q0	a4f54b431110b916-7235-9064	1	1.000000	run1
5f9ccf0a4ff691fc482432af64cc3c9d<::>5	Q0	cdd462b8aca0176c-2958-4960	2	0.500000	run1
5f9ccf0a4ff691fc482432af64cc3c9d<::>5	Q0	5614642324237198-2966-4959	3	0.333333	run1
5f9ccf0a4ff691fc482432af64cc3c9d<::>5	Q0	a7b76650e1b68c81-7628-9627	4	0.250000	run1
5f9ccf0a4ff691fc482432af64cc3c9d<::>5	Q0	cdd462b8aca0176c-4545-6159	5	0.200000	run1
5f9ccf0a4ff691fc482432af64cc3c9d<::>5	Q0	e150db739f30b125-3478-5430	6	0.166667	run1
5f9ccf0a4ff691fc482432af64cc3c9d<::>5	Q0	cdd462b8aca0176c-8546-10516	7	0.142857	run1
5f9ccf0a4ff691fc482432af64cc3c9d<::>5	Q0	a38987d211c62a61-2964-4900	8	0.125000	run1
5f9ccf0a4ff691fc482432af64cc3c9d<::>5	Q0	5614642324237198-4553-6251	9	0.111111	run1
5f9ccf0a4ff691fc482432af64cc3c9d<::>5	Q0	a618f0371eb48adf-7496-9328	10	0.100000	run1
5f9ccf0a4ff691fc482432af64cc3c9d<::>6	Q0	e6ea24fa9e962807-11727-13639	1	1.000000	run1
5f9ccf0a4ff691fc482432af64cc3c9d<::>6	Q0	e6ea24fa9e962807-10446-12124	2	0.500000	run1
5f9ccf0a4ff691fc482432af64cc3c9d<::>6	Q0	e6ea24fa9e962807-5649-7760	3	0.333333	run1
5f9ccf0a4ff691fc482432af64cc3c9d<::>6	Q0	c550156dbbfe212c-27464-29700	4	0.250000	run1
5f9ccf0a4ff691fc482432af64cc3c9d<::>6	Q0	c550156dbbfe212c-25923-28047	5	0.200000	run1
5f9ccf0a4ff691fc482432af64cc3c9d<::>6	Q0	142cbdf06f6e40d9-5655-7824	6	0.166667	run1
5f9ccf0a4ff691fc482432af64cc3c9d<::>6	Q0	e6ea24fa9e962807-4275-6126	7	0.142857	run1
5f9ccf0a4ff691fc482432af64cc3c9d<::>6	Q0	e6ea24fa9e962807-13190-15224	8	0.125000	run1
5f9ccf0a4ff691fc482432af64cc3c9d<::>6	Q0	e6ea24fa9e962807-17561-19955	9	0.111111	run1
5f9ccf0a4ff691fc482432af64cc3c9d<::>6	Q0	e6ea24fa9e962807-7283-9385	10	0.100000	run1
5f9ccf0a4ff691fc482432af64cc3c9d<::>7	Q0	a4f54b431110b916-7235-9064	1	1.000000	run1
5f9ccf0a4ff691fc482432af64cc3c9d<::>7	Q0	cdd462b8aca0176c-1443-3371	2	0.500000	run1
5f9ccf0a4ff691fc482432af64cc3c9d<::>7	Q0	a4f54b431110b916-1427-3355	3	0.333333	run1
5f9ccf0a4ff691fc482432af64cc3c9d<::>7	Q0	e150db739f30b125-3478-5430	4	0.250000	run1
5f9ccf0a4ff691fc482432af64cc3c9d<::>7	Q0	4c0150c5079fa69c-10317-12176	5	0.200000	run1
5f9ccf0a4ff691fc482432af64cc3c9d<::>7	Q0	4c0150c5079fa69c-5996-7847	6	0.166667	run1
5f9ccf0a4ff691fc482432af64cc3c9d<::>7	Q0	11c92ba19f0ecae6-2-2330	7	0.142857	run1
5f9ccf0a4ff691fc482432af64cc3c9d<::>7	Q0	cdd462b8aca0176c-4545-6159	8	0.125000	run1
5f9ccf0a4ff691fc482432af64cc3c9d<::>7	Q0	6bcfa85511494f23-1612-4119	9	0.111111	run1
5f9ccf0a4ff691fc482432af64cc3c9d<::>7	Q0	040af5da2ab87936-1805-3968	10	0.100000	run1
5f9ccf0a4ff691fc482432af64cc3c9d<::>8	Q0	a7b76650e1b68c81-9149-10162	1	1.000000	run1
5f9ccf0a4ff691fc482432af64cc3c9d<::>8	Q0	cdd462b8aca0176c-2958-4960	2	0.500000	run1
5f9ccf0a4ff691fc482432af64cc3c9d<::>8	Q0	a4f54b431110b916-4529-6266	3	0.333333	run1
5f9ccf0a4ff691fc482432af64cc3c9d<::>8	Q0	cdd462b8aca0176c-4545-6159	4	0.250000	run1
5f9ccf0a4ff691fc482432af64cc3c9d<::>8	Q0	a7b76650e1b68c81-2940-4942	5	0.200000	run1
5f9ccf0a4ff691fc482432af64cc3c9d<::>8	Q0	5614642324237198-2966-4959	6	0.166667	run1
5f9ccf0a4ff691fc482432af64cc3c9d<::>8	Q0	a4f54b431110b916-2942-4944	7	0.142857	run1
5f9ccf0a4ff691fc482432af64cc3c9d<::>8	Q0	994cf15a893d61b1-2936-4938	8	0.125000	run1
5f9ccf0a4ff691fc482432af64cc3c9d<::>8	Q0	cdd462b8aca0176c-1443-3371	9	0.111111	run1
5f9ccf0a4ff691fc482432af64cc3c9d<::>8	Q0	4c0150c5079fa69c-4530-6296	10	0.100000	run1
91715ec6ec7e9a11925e58e707b6626e<::>1	Q0	fcbb1026145f7922-3175-5322	1	1.000000	run1
91715ec6ec7e9a11925e58e707b6626e<::>1	Q0	fcbb1026145f7922-1541-3606	2	0.500000	run1
91715ec6ec7e9a11925e58e707b6626e<::>1	Q0	fcbb1026145f7922-8034-10114	3	0.333333	run1
91715ec6ec7e9a11925e58e707b6626e<::>1	Q0	fcbb1026145f7922-6543-8514	4	0.250000	run1
91715ec6ec7e9a11925e58e707b6626e<::>1	Q0	fcbb1026145f7922-4764-6943	5	0.200000	run1
91715ec6ec7e9a11925e58e707b6626e<::>1	Q0	fcbb1026145f7922-5-1991	6	0.166667	run1
91715ec6ec7e9a11925e58e707b6626e<::>1	Q0	fcbb1026145f7922-9649-11623	7	0.142857	run1
91715ec6ec7e9a11925e58e707b6626e<::>1	Q0	fcbb1026145f7922-11264-13168	8	0.125000	run1
91715ec6ec7e9a11925e58e707b6626e<::>1	Q0	37a833f0b34a3508-6800-8014	9	0.111111	run1
91715ec6ec7e9a11925e58e707b6626e<::>1	Q0	f90fb08977ad36e0-1487-3519	10	0.100000	run1
91715ec6ec7e9a11925e58e707b6626e<::>2	Q0	fcbb1026145f7922-8034-10114	1	1.000000	run1
91715ec6ec7e9a11925e58e707b6626e<::>2	Q0	fcbb1026145f7922-5-1991	2	0.500000	run1
91715ec6ec7e9a11925e58e707b6626e<::>2	Q0	fcbb1026145f7922-1541-3606	3	0.333333	run1
91715ec6ec7e9a11925e58e707b6626e<::>2	Q0	fcbb1026145f7922-3175-5322	4	0.250000	run1
91715ec6ec7e9a11925e58e707b6626e<::>2	Q0	fcbb1026145f7922-9649-11623	5	0.200000	run1
91715ec6ec7e9a11925e58e707b6626e<::>2	Q0	fcbb1026145f7922-4764-6943	6	0.166667	run1
91715ec6ec7e9a11925e58e707b6626e<::>2	Q0	fcbb1026145f7922-6543-8514	7	0.142857	run1
91715ec6ec7e9a11925e58e707b6626e<::>2	Q0	37a833f0b34a3508-6800-8014	8	0.125000	run1
91715ec6ec7e9a11925e58e707b6626e<::>2	Q0	fcbb1026145f7922-11264-13168	9	0.111111	run1
91715ec6ec7e9a11925e58e707b6626e<::>2	Q0	37a833f0b34a3508-5053-7382	10	0.100000	run1
91715ec6ec7e9a11925e58e707b6626e<::>3	Q0	37a833f0b34a3508-6800-8014	1	1.000000	run1
91715ec6ec7e9a11925e58e707b6626e<::>3	Q0	37a833f0b34a3508-5053-7382	2	0.500000	run1
91715ec6ec7e9a11925e58e707b6626e<::>3	Q0	cbb0aad05c36e22f-1730-3864	3	0.333333	run1
91715ec6ec7e9a11925e58e707b6626e<::>3	Q0	bc5e0e5a1ba4163f-6516-7221	4	0.250000	run1
91715ec6ec7e9a11925e58e707b6626e<::>3	Q0	cbb0aad05c36e22f-6841-8207	5	0.200000	run1
91715ec6ec7e9a11925e58e707b6626e<::>3	Q0	bf2cb1804ad154f4-3611-5254	6	0.166667	run1
91715ec6ec7e9a11925e58e707b6626e<::>3	Q0	1b9cac50a38886eb-4861-7027	7	0.142857	run1
91715ec6ec7e9a11925e58e707b6626e<::>3	Q0	fcbb1026145f7922-1541-3606	8	0.125000	run1
91715ec6ec7e9a11925e58e707b6626e<::>3	Q0	bf2cb1804ad154f4-4934-6683	9	0.111111	run1
91715ec6ec7e9a11925e58e707b6626e<::>3	Q0	cbb0aad05c36e22f-2-2197	10	0.100000	run1
91715ec6ec7e9a11925e58e707b6626e<::>4	Q0	fcbb1026145f7922-1541-3606	1	1.000000	run1
91715ec6ec7e9a11925e58e707b6626e<::>4	Q0	fcbb1026145f7922-8034-10114	2	0.500000	run1
91715ec6ec7e9a11925e58e707b6626e<::>4	Q0	fcbb1026145f7922-3175-5322	3	0.333333	run1
91715ec6ec7e9a11925e58e707b6626e<::>4	Q0	fcbb1026145f7922-4764-6943	4	0.250000	run1
91715ec6ec7e9a11925e58e707b6626e<::>4	Q0	fcbb1026145f7922-9649-11623	5	0.200000	run1
91715ec6ec7e9a11925e58e707b6626e<::>4	Q0	fcbb1026145f7922-6543-8514	6	0.166667	run1
91715ec6ec7e9a11925e58e707b6626e<::>4	Q0	fcbb1026145f7922-5-1991	7	0.142857	run1
91715ec6ec7e9a11925e58e707b6626e<::>4	Q0	37a833f0b34a3508-5053-7382	8	0.125000	run1
91715ec6ec7e9a11925e58e707b6626e<::>4	Q0	37a833f0b34a3508-6800-8014	9	0.111111	run1
91715ec6ec7e9a11925e58e707b6626e<::>4	Q0	fe7e1515f20643aa-3203-4975	10	0.100000	run1
91715ec6ec7e9a11925e58e707b6626e<::>5	Q0	fcbb1026145f7922-6543-8514	1	1.000000	run1
91715ec6ec7e9a11925e58e707b6626e<::>5	Q0	fcbb1026145f7922-4764-6943	2	0.500000	run1
91715ec6ec7e9a11925e58e707b6626e<::>5	Q0	fcbb1026145f7922-1541-3606	3	0.333333	run1
91715ec6ec7e9a11925e58e707b6626e<::>5	Q0	fcbb1026145f7922-3175-5322	4	0.250000	run1
91715ec6ec7e9a11925e58e707b6626e<::>5	Q0	f90fb08977ad36e0-1487-3519	5	0.200000	run1
91715ec6ec7e9a11925e58e707b6626e<::>5	Q0	fcbb1026145f7922-5-1991	6	0.166667	run1
91715ec6ec7e9a11925e58e707b6626e<::>5	Q0	fcbb1026145f7922-8034-10114	7	0.142857	run1
91715ec6ec7e9a11925e58e707b6626e<::>5	Q0	f90fb08977ad36e0-2942-4707	8	0.125000	run1
91715ec6ec7e9a11925e58e707b6626e<::>5	Q0	7e4251fc01e38b5d-19265-21260	9	0.111111	run1
91715ec6ec7e9a11925e58e707b6626e<::>5	Q0	c7b8ee178e0a7bd9-1481-3377	10	0.100000	run1
91715ec6ec7e9a11925e58e707b6626e<::>6	Q0	fcbb1026145f7922-8034-10114	1	1.000000	run1
91715ec6ec7e9a11925e58e707b6626e<::>6	Q0	fcbb1026145f7922-1541-3606	2	0.500000	run1
91715ec6ec7e9a11925e58e707b6626e<::>6	Q0	fcbb1026145f7922-3175-5322	3	0.333333	run1
91715ec6ec7e9a11925e58e707b6626e<::>6	Q0	fcbb1026145f7922-9649-11623	4	0.250000	run1
91715ec6ec7e9a11925e58e707b6626e<::>6	Q0	fcbb1026145f7922-5-1991	5	0.200000	run1
91715ec6ec7e9a11925e58e707b6626e<::>6	Q0	fcbb1026145f7922-4764-6943	6	0.166667	run1
91715ec6ec7e9a11925e58e707b6626e<::>6	Q0	fcbb1026145f7922-6543-8514	7	0.142857	run1
91715ec6ec7e9a11925e58e707b6626e<::>6	Q0	37a833f0b34a3508-6800-8014	8	0.125000	run1
91715ec6ec7e9a11925e58e707b6626e<::>6	Q0	fcbb1026145f7922-11264-13168	9	0.111111	run1
91715ec6ec7e9a11925e58e707b6626e<::>6	Q0	37a833f0b34a3508-5053-7382	10	0.100000	run1
91715ec6ec7e9a11925e58e707b6626e<::>7	Q0	fcbb1026145f7922-8034-10114	1	1.000000	run1
91715ec6ec7e9a11925e58e707b6626e<::>7	Q0	fcbb1026145f7922-6543-8514	2	0.500000	run1
91715ec6ec7e9a11925e58e707b6626e<::>7	Q0	775cdd9fdd5c593d-2-2019	3	0.333333	run1
91715ec6ec7e9a11925e58e707b6626e<::>7	Q0	fcbb1026145f7922-1541-3606	4	0.250000	run1
91715ec6ec7e9a11925e58e707b6626e<::>7	Q0	b6c4244a6c3f7ceb-2-2002	5	0.200000	run1
91715ec6ec7e9a11925e58e707b6626e<::>7	Q0	fcbb1026145f7922-9649-11623	6	0.166667	run1
91715ec6ec7e9a11925e58e707b6626e<::>7	Q0	775cdd9fdd5c593d-1543-3160	7	0.142857	run1
91715ec6ec7e9a11925e58e707b6626e<::>7	Q0	fcbb1026145f7922-5-1991	8	0.125000	run1
91715ec6ec7e9a11925e58e707b6626e<::>7	Q0	d9da283a9385f700-5160-7471	9	0.111111	run1
91715ec6ec7e9a11925e58e707b6626e<::>7	Q0	d9da283a9385f700-3481-5808	10	0.100000	run1
91715ec6ec7e9a11925e58e707b6626e<::>8	Q0	ffcd3714913224ab-1472-3357	1	1.000000	run1
91715ec6ec7e9a11925e58e707b6626e<::>8	Q0	a9da48a0401fa43e-5190-6775	2	0.500000	run1
91715ec6ec7e9a11925e58e707b6626e<::>8	Q0	6ebc7f01cb4798f5-10044-12361	3	0.333333	run1
91715ec6ec7e9a11925e58e707b6626e<::>8	Q0	6eb5f7421329b465-3032-4945	4	0.250000	run1
91715ec6ec7e9a11925e58e707b6626e<::>8	Q0	7ccc1872ea51634a-2-2154	5	0.200000	run1
91715ec6ec7e9a11925e58e707b6626e<::>8	Q0	a9da48a0401fa43e-2-2364	6	0.166667	run1
91715ec6ec7e9a11925e58e707b6626e<::>8	Q0	7d4d64e7f6aff125-12950-15136	7	0.142857	run1
91715ec6ec7e9a11925e58e707b6626e<::>8	Q0	a1452ceec70ea785-3381-5655	8	0.125000	run1
91715ec6ec7e9a11925e58e707b6626e<::>8	Q0	c8db6e06ff46669e-10959-13139	9	0.111111	run1
91715ec6ec7e9a11925e58e707b6626e<::>8	Q0	a9da48a0401fa43e-1840-3963	10	0.100000	run1
5e79e465134d923edf68580733a81c68<::>1	Q0	43d033998fb5541e-2-2003	1	1.000000	run1
5e79e465134d923edf68580733a81c68<::>1	Q0	2946b6131be9cbab-7816-9924	2	0.500000	run1
5e79e465134d923edf68580733a81c68<::>1	Q0	8da1a06fcc55b08a-2659-4846	3	0.333333	run1
5e79e465134d923edf68580733a81c68<::>1	Q0	2946b6131be9cbab-4797-6729	4	0.250000	run1
5e79e465134d923edf68580733a81c68<::>1	Q0	92208166872724ed-1374-2576	5	0.200000	run1
5e79e465134d923edf68580733a81c68<::>1	Q0	2946b6131be9cbab-10954-12937	6	0.166667	run1
5e79e465134d923edf68580733a81c68<::>1	Q0	cc3f250d2c90a2b5-2-2086	7	0.142857	run1
5e79e465134d923edf68580733a81c68<::>1	Q0	fbc472c2e4c7193d-35336-36489	8	0.125000	run1
5e79e465134d923edf68580733a81c68<::>1	Q0	dea4260d051d6d41-2-1877	9	0.111111	run1
5e79e465134d923edf68580733a81c68<::>1	Q0	2946b6131be9cbab-6292-8430	10	0.100000	run1
5e79e465134d923edf68580733a81c68<::>2	Q0	2946b6131be9cbab-7816-9924	1	1.000000	run1
5e79e465134d923edf68580733a81c68<::>2	Q0	aebe1a3178ce4b14-1154-3208	2	0.500000	run1
5e79e465134d923edf68580733a81c68<::>2	Q0	8cbec533e63968a1-3062-5068	3	0.333333	run1
5e79e465134d923edf68580733a81c68<::>2	Q0	6cf5110384652d5f-1309-3588	4	0.250000	run1
5e79e465134d923edf68580733a81c68<::>2	Q0	089882437c965a3e-169422-171339	5	0.200000	run1
5e79e465134d923edf68580733a81c68<::>2	Q0	6ebc7f01cb4798f5-3969-6032	6	0.166667	run1
5e79e465134d923edf68580733a81c68<::>2	Q0	c8db6e06ff46669e-27000-28878	7	0.142857	run1
5e79e465134d923edf68580733a81c68<::>2	Q0	fcbb1026145f7922-3175-5322	8	0.125000	run1
5e79e465134d923edf68580733a81c68<::>2	Q0	c8db6e06ff46669e-4884-6947	9	0.111111	run1
5e79e465134d923edf68580733a81c68<::>2	Q0	63589378be3b186a-10320-11962	10	0.100000	run1
5e79e465134d923edf68580733a81c68<::>3	Q0	2946b6131be9cbab-3204-5180	1	1.000000	run1
5e79e465134d923edf68580733a81c68<::>3	Q0	2946b6131be9cbab-9313-11343	2	0.500000	run1
5e79e465134d923edf68580733a81c68<::>3	Q0	2946b6131be9cbab-4797-6729	3	0.333333	run1
5e79e465134d923edf68580733a81c68<::>3	Q0	2946b6131be9cbab-1527-3693	4	0.250000	run1
5e79e465134d923edf68580733a81c68<::>3	Q0	2946b6131be9cbab-7816-9924	5	0.200000	run1
5e79e465134d923edf68580733a81c68<::>3	Q0	2946b6131be9cbab-2-1957	6	0.166667	run1
5e79e465134d923edf68580733a81c68<::>3	Q0	1310a4070d406278-1496-3875	7	0.142857	run1
5e79e465134d923edf68580733a81c68<::>3	Q0	d6d8ae1e53e57655-7255-9441	8	0.125000	run1
5e79e465134d923edf68580733a81c68<::>3	Q0	3a4a8af353cf5a38-1273-2931	9	0.111111	run1
5e79e465134d923edf68580733a81c68<::>3	Q0	34862b1fb036a8ee-1552-3920	10	0.100000	run1
5e79e465134d923edf68580733a81c68<::>4	Q0	2946b6131be9cbab-3204-5180	1	1.000000	run1
5e79e465134d923edf68580733a81c68<::>4	Q0	2946b6131be9cbab-9313-11343	2	0.500000	run1
5e79e465134d923edf68580733a81c68<::>4	Q0	2946b6131be9cbab-4797-6729	3	0.333333	run1
5e79e465134d923edf68580733a81c68<::>4	Q0	2946b6131be9cbab-7816-9924	4	0.250000	run1
5e79e465134d923edf68580733a81c68<::>4	Q0	2946b6131be9cbab-1527-3693	5	0.200000	run1
5e79e465134d923edf68580733a81c68<::>4	Q0	2946b6131be9cbab-2-1957	6	0.166667	run1
5e79e465134d923edf68580733a81c68<::>4	Q0	d6d8ae1e53e57655-7255-9441	7	0.142857	run1
5e79e465134d923edf68580733a81c68<::>4	Q0	1310a4070d406278-1496-3875	8	0.125000	run1
5e79e465134d923edf68580733a81c68<::>4	Q0	3a4a8af353cf5a38-1273-2931	9	0.111111	run1
5e79e465134d923edf68580733a81c68<::>4	Q0	9b3df447d333ae7a-35775-37961	10	0.100000	run1
766728e82e315ca65d97b6b162faea0c<::>1	Q0	351d62c973f5a12e-1481-3556	1	1.000000	run1
766728e82e315ca65d97b6b162faea0c<::>1	Q0	bfd4514593f8c09e-21337-23369	2	0.500000	run1
766728e82e315ca65d97b6b162faea0c<::>1	Q0	bfd4514593f8c09e-19699-21767	3	0.333333	run1
766728e82e315ca65d97b6b162faea0c<::>1	Q0	351d62c973f5a12e-2967-4975	4	0.250000	run1
766728e82e315ca65d97b6b162faea0c<::>1	Q0	351d62c973f5a12e-2-2050	5	0.200000	run1
766728e82e315ca65d97b6b162faea0c<::>1	Q0	bfd4514593f8c09e-11732-13985	6	0.166667	run1
766728e82e315ca65d97b6b162faea0c<::>1	Q0	bfd4514593f8c09e-5355-7534	7	0.142857	run1
766728e82e315ca65d97b6b162faea0c<::>1	Q0	bfd4514593f8c09e-18208-20398	8	0.125000	run1
766728e82e315ca65d97b6b162faea0c<::>1	Q0	bfd4514593f8c09e-4268-6172	9	0.111111	run1
766728e82e315ca65d97b6b162faea0c<::>1	Q0	bfd4514593f8c09e-1123-3095	10	0.100000	run1
766728e82e315ca65d97b6b162faea0c<::>2	Q0	351d62c973f5a12e-1481-3556	1	1.000000	run1
766728e82e315ca65d97b6b162faea0c<::>2	Q0	443ea4ef8f011661-6913-8790	2	0.500000	run1
766728e82e315ca65d97b6b162faea0c<::>2	Q0	443ea4ef8f011661-8247-10214	3	0.333333	run1
766728e82e315ca65d97b6b162faea0c<::>2	Q0	bfd4514593f8c09e-21337-23369	4	0.250000	run1
766728e82e315ca65d97b6b162faea0c<::>2	Q0	34925d9489925019-1119-2900	5	0.200000	run1
766728e82e315ca65d97b6b162faea0c<::>2	Q0	c92ca0be7076f2e1-2-1880	6	0.166667	run1
766728e82e315ca65d97b6b162faea0c<::>2	Q0	4bb1c0e5c2eaad52-2-1938	7	0.142857	run1
766728e82e315ca65d97b6b162faea0c<::>2	Q0	114dffc61b6a0709-4561-5116	8	0.125000	run1
766728e82e315ca65d97b6b162faea0c<::>2	Q0	d599a2c63e8f4ea5-2774-4241	9	0.111111	run1
766728e82e315ca65d97b6b162faea0c<::>2	Q0	ce11644e43b842a9-2910-4708	10	0.100000	run1
766728e82e315ca65d97b6b162faea0c<::>3	Q0	c92ca0be7076f2e1-2-1880	1	1.000000	run1
766728e82e315ca65d97b6b162faea0c<::>3	Q0	d599a2c63e8f4ea5-2774-4241	2	0.500000	run1
766728e82e315ca65d97b6b162faea0c<::>3	Q0	50629ffcafb3a28b-1425-3021	3	0.333333	run1
766728e82e315ca65d97b6b162faea0c<::>3	Q0	50629ffcafb3a28b-2-1891	4	0.250000	run1
766728e82e315ca65d97b6b162faea0c<::>3	Q0	c92ca0be7076f2e1-1470-2790	5	0.200000	run1
766728e82e315ca65d97b6b162faea0c<::>3	Q0	bfd4514593f8c09e-21337-23369	6	0.166667	run1
766728e82e315ca65d97b6b162faea0c<::>3	Q0	351d62c973f5a12e-1481-3556	7	0.142857	run1
766728e82e315ca65d97b6b162faea0c<::>3	Q0	114dffc61b6a0709-1405-3534	8	0.125000	run1
766728e82e315ca65d97b6b162faea0c<::>3	Q0	d599a2c63e8f4ea5-2-1783	9	0.111111	run1
766728e82e315ca65d97b6b162faea0c<::>3	Q0	663ef7dd0ef38181-2147-3944	10	0.100000	run1
2cc753bcef23767c18aedad06c4405c4<::>1	Q0	fe8c82cdf4a51f27-13646-15675	1	1.000000	run1
2cc753bcef23767c18aedad06c4405c4<::>1	Q0	fe8c82cdf4a51f27-12212-14051	2	0.500000	run1
2cc753bcef23767c18aedad06c4405c4<::>1	Q0	fe8c82cdf4a51f27-6287-8334	3	0.333333	run1
2cc753bcef23767c18aedad06c4405c4<::>1	Q0	3d169ce80ed6ba28-1508-3344	4	0.250000	run1
2cc753bcef23767c18aedad06c4405c4<::>1	Q0	fe8c82cdf4a51f27-1513-3509	5	0.200000	run1
2cc753bcef23767c18aedad06c4405c4<::>1	Q0	fe8c82cdf4a51f27-3063-5393	6	0.166667	run1
2cc753bcef23767c18aedad06c4405c4<::>1	Q0	fe8c82cdf4a51f27-4768-6684	7	0.142857	run1
2cc753bcef23767c18aedad06c4405c4<::>1	Q0	f03c9e63118dc6ba-0-2299	8	0.125000	run1
2cc753bcef23767c18aedad06c4405c4<::>1	Q0	e9692600f6ea11bc-30357-32591	9	0.111111	run1
2cc753bcef23767c18aedad06c4405c4<::>1	Q0	83199e2ed7312513-2992-4981	10	0.100000	run1
2cc753bcef23767c18aedad06c4405c4<::>2	Q0	fe8c82cdf4a51f27-1513-3509	1	1.000000	run1
2cc753bcef23767c18aedad06c4405c4<::>2	Q0	fe8c82cdf4a51f27-13646-15675	2	0.500000	run1
2cc753bcef23767c18aedad06c4405c4<::>2	Q0	fe8c82cdf4a51f27-3063-5393	3	0.333333	run1
2cc753bcef23767c18aedad06c4405c4<::>2	Q0	fe8c82cdf4a51f27-12212-14051	4	0.250000	run1
2cc753bcef23767c18aedad06c4405c4<::>2	Q0	fe8c82cdf4a51f27-4768-6684	5	0.200000	run1
2cc753bcef23767c18aedad06c4405c4<::>2	Q0	565fb21ac38feaa1-12490-14710	6	0.166667	run1
2cc753bcef23767c18aedad06c4405c4<::>2	Q0	fe8c82cdf4a51f27-6287-8334	7	0.142857	run1
2cc753bcef23767c18aedad06c4405c4<::>2	Q0	3d169ce80ed6ba28-1508-3344	8	0.125000	run1
2cc753bcef23767c18aedad06c4405c4<::>2	Q0	48bba2114bb2383e-1553-3675	9	0.111111	run1
2cc753bcef23767c18aedad06c4405c4<::>2	Q0	48bba2114bb2383e-8282-10276	10	0.100000	run1
2cc753bcef23767c18aedad06c4405c4<::>3	Q0	fe8c82cdf4a51f27-3063-5393	1	1.000000	run1
2cc753bcef23767c18aedad06c4405c4<::>3	Q0	fe8c82cdf4a51f27-1513-3509	2	0.500000	run1
2cc753bcef23767c18aedad06c4405c4<::>3	Q0	fe8c82cdf4a51f27-4768-6684	3	0.333333	run1
2cc753bcef23767c18aedad06c4405c4<::>3	Q0	fe8c82cdf4a51f27-13646-15675	4	0.250000	run1
2cc753bcef23767c18aedad06c4405c4<::>3	Q0	3d169ce80ed6ba28-1508-3344	5	0.200000	run1
2cc753bcef23767c18aedad06c4405c4<::>3	Q0	fe8c82cdf4a51f27-12212-14051	6	0.166667	run1
2cc753bcef23767c18aedad06c4405c4<::>3	Q0	3d169ce80ed6ba28-4-2066	7	0.142857	run1
2cc753bcef23767c18aedad06c4405c4<::>3	Q0	fe8c82cdf4a51f27-10667-12565	8	0.125000	run1
2cc753bcef23767c18aedad06c4405c4<::>3	Q0	48bba2114bb2383e-1553-3675	9	0.111111	run1
2cc753bcef23767c18aedad06c4405c4<::>3	Q0	fe8c82cdf4a51f27-15171-16344	10	0.100000	run1
2cc753bcef23767c18aedad06c4405c4<::>4	Q0	fe8c82cdf4a51f27-6287-8334	1	1.000000	run1
2cc753bcef23767c18aedad06c4405c4<::>4	Q0	fe8c82cdf4a51f27-7880-9767	2	0.500000	run1
2cc753bcef23767c18aedad06c4405c4<::>4	Q0	fe8c82cdf4a51f27-13646-15675	3	0.333333	run1
2cc753bcef23767c18aedad06c4405c4<::>4	Q0	83199e2ed7312513-2-1900	4	0.250000	run1
2cc753bcef23767c18aedad06c4405c4<::>4	Q0	fe8c82cdf4a51f27-12212-14051	5	0.200000	run1
2cc753bcef23767c18aedad06c4405c4<::>4	Q0	83199e2ed7312513-2992-4981	6	0.166667	run1
2cc753bcef23767c18aedad06c4405c4<::>4	Q0	83199e2ed7312513-1348-3429	7	0.142857	run1
2cc753bcef23767c18aedad06c4405c4<::>4	Q0	3c0f445fcb6709f5-99574-101442	8	0.125000	run1
2cc753bcef23767c18aedad06c4405c4<::>4	Q0	c5614e1a8e960d9c-11438-13642	9	0.111111	run1
2cc753bcef23767c18aedad06c4405c4<::>4	Q0	e9692600f6ea11bc-1358-3439	10	0.100000	run1
2cc753bcef23767c18aedad06c4405c4<::>5	Q0	fe8c82cdf4a51f27-13646-15675	1	1.000000	run1
2cc753bcef23767c18aedad06c4405c4<::>5	Q0	fe8c82cdf4a51f27-12212-14051	2	0.500000	run1
2cc753bcef23767c18aedad06c4405c4<::>5	Q0	fe8c82cdf4a51f27-3063-5393	3	0.333333	run1
2cc753bcef23767c18aedad06c4405c4<::>5	Q0	62964e3a38783558-6000-7852	4	0.250000	run1
2cc753bcef23767c18aedad06c4405c4<::>5	Q0	ddcecce4dfff0dd0-2-2229	5	0.200000	run1
2cc753bcef23767c18aedad06c4405c4<::>5	Q0	9f6f101741b4f16b-5473-7703	6	0.166667	run1
2cc753bcef23767c18aedad06c4405c4<::>5	Q0	fe8c82cdf4a51f27-1513-3509	7	0.142857	run1
2cc753bcef23767c18aedad06c4405c4<::>5	Q0	d5a9fb56e7a923c2-3878-4912	8	0.125000	run1
2cc753bcef23767c18aedad06c4405c4<::>5	Q0	4acbb81f4f18c9a2-111501-113272	9	0.111111	run1
2cc753bcef23767c18aedad06c4405c4<::>5	Q0	9f6f101741b4f16b-6778-8992	10	0.100000	run1
2cc753bcef23767c18aedad06c4405c4<::>6	Q0	3c384dd910c862d6-2-1932	1	1.000000	run1
2cc753bcef23767c18aedad06c4405c4<::>6	Q0	05e50be28c1a4beb-6531-8314	2	0.500000	run1
2cc753bcef23767c18aedad06c4405c4<::>6	Q0	a10ab199847f4136-1055-3106	3	0.333333	run1
2cc753bcef23767c18aedad06c4405c4<::>6	Q0	3c384dd910c862d6-1933-3011	4	0.250000	run1
2cc753bcef23767c18aedad06c4405c4<::>6	Q0	04474f62825c5fe0-1656-3109	5	0.200000	run1
2cc753bcef23767c18aedad06c4405c4<::>6	Q0	fe8c82cdf4a51f27-10667-12565	6	0.166667	run1
2cc753bcef23767c18aedad06c4405c4<::>6	Q0	3cafca3fe6730892-2-1918	7	0.142857	run1
2cc753bcef23767c18aedad06c4405c4<::>6	Q0	fbc472c2e4c7193d-4868-6797	8	0.125000	run1
2cc753bcef23767c18aedad06c4405c4<::>6	Q0	04474f62825c5fe0-2-2097	9	0.111111	run1
2cc753bcef23767c18aedad06c4405c4<::>6	Q0	05e50be28c1a4beb-2-2132	10	0.100000	run1
2cc753bcef23767c18aedad06c4405c4<::>7	Q0	05e50be28c1a4beb-6531-8314	1	1.000000	run1
2cc753bcef23767c18aedad06c4405c4<::>7	Q0	05e50be28c1a4beb-5098-7095	2	0.500000	run1
2cc753bcef23767c18aedad06c4405c4<::>7	Q0	f6959a891f011510-1802-3814	3	0.333333	run1
2cc753bcef23767c18aedad06c4405c4<::>7	Q0	fe8c82cdf4a51f27-10667-12565	4	0.250000	run1
2cc753bcef23767c18aedad06c4405c4<::>7	Q0	3a1806111e592e96-12580-14010	5	0.200000	run1
2cc753bcef23767c18aedad06c4405c4<::>7	Q0	4acbb81f4f18c9a2-149785-151871	6	0.166667	run1
2cc753bcef23767c18aedad06c4405c4<::>7	Q0	f5d60f0b4d734caa-1275-3254	7	0.142857	run1
2cc753bcef23767c18aedad06c4405c4<::>7	Q0	fe8c82cdf4a51f27-12212-14051	8	0.125000	run1
2cc753bcef23767c18aedad06c4405c4<::>7	Q0	44d4565d01fc577c-3314-5374	9	0.111111	run1
2cc753bcef23767c18aedad06c4405c4<::>7	Q0	5ed8d5fe6c497e3d-9783-11678	10	0.100000	run1
2cc753bcef23767c18aedad06c4405c4<::>8	Q0	2855541e728ba8c8-8033-10105	1	1.000000	run1
2cc753bcef23767c18aedad06c4405c4<::>8	Q0	2855541e728ba8c8-1521-3656	2	0.500000	run1
2cc753bcef23767c18aedad06c4405c4<::>8	Q0	05e50be28c1a4beb-6531-8314	3	0.333333	run1
2cc753bcef23767c18aedad06c4405c4<::>8	Q0	2855541e728ba8c8-6455-8477	4	0.250000	run1
2cc753bcef23767c18aedad06c4405c4<::>8	Q0	2855541e728ba8c8-2-2028	5	0.200000	run1
2cc753bcef23767c18aedad06c4405c4<::>8	Q0	05e50be28c1a4beb-5098-7095	6	0.166667	run1
2cc753bcef23767c18aedad06c4405c4<::>8	Q0	2855541e728ba8c8-4704-6924	7	0.142857	run1
2cc753bcef23767c18aedad06c4405c4<::>8	Q0	f5d60f0b4d734caa-1275-3254	8	0.125000	run1
2cc753bcef23767c18aedad06c4405c4<::>8	Q0	fe8c82cdf4a51f27-12212-14051	9	0.111111	run1
2cc753bcef23767c18aedad06c4405c4<::>8	Q0	2855541e728ba8c8-3202-5256	10	0.100000	run1
2cc753bcef23767c18aedad06c4405c4<::>9	Q0	48bba2114bb2383e-6680-8913	1	1.000000	run1
2cc753bcef23767c18aedad06c4405c4<::>9	Q0	73b4dcd30526baee-1431-3469	2	0.500000	run1
2cc753bcef23767c18aedad06c4405c4<::>9	Q0	0ef70cba13354394-0-2185	3	0.333333	run1
2cc753bcef23767c18aedad06c4405c4<::>9	Q0	2059009a407fe8bb-88377-90775	4	0.250000	run1
2cc753bcef23767c18aedad06c4405c4<::>9	Q0	9060ac11354f286a-2-1937	5	0.200000	run1
2cc753bcef23767c18aedad06c4405c4<::>9	Q0	2059009a407fe8bb-90175-92386	6	0.166667	run1
2cc753bcef23767c18aedad06c4405c4<::>9	Q0	9b3df447d333ae7a-59200-61107	7	0.142857	run1
2cc753bcef23767c18aedad06c4405c4<::>9	Q0	4acbb81f4f18c9a2-98410-100839	8	0.125000	run1
2cc753bcef23767c18aedad06c4405c4<::>9	Q0	5f4e588831bdb4f9-7814-9986	9	0.111111	run1
2cc753bcef23767c18aedad06c4405c4<::>9	Q0	069cdaf7d3e7c930-6843-8550	10	0.100000	run1
2cc753bcef23767c18aedad06c4405c4<::>10	Q0	48bba2114bb2383e-1553-3675	1	1.000000	run1
2cc753bcef23767c18aedad06c4405c4<::>10	Q0	48bba2114bb2383e-3131-5447	2	0.500000	run1
2cc753bcef23767c18aedad06c4405c4<::>10	Q0	48bba2114bb2383e-8282-10276	3	0.333333	run1
2cc753bcef23767c18aedad06c4405c4<::>10	Q0	48bba2114bb2383e-4897-7329	4	0.250000	run1
2cc753bcef23767c18aedad06c4405c4<::>10	Q0	fe8c82cdf4a51f27-15171-16344	5	0.200000	run1
2cc753bcef23767c18aedad06c4405c4<::>10	Q0	fe8c82cdf4a51f27-10667-12565	6	0.166667	run1
2cc753bcef23767c18aedad06c4405c4<::>10	Q0	48bba2114bb2383e-6680-8913	7	0.142857	run1
2cc753bcef23767c18aedad06c4405c4<::>10	Q0	fe8c82cdf4a51f27-12212-14051	8	0.125000	run1
2cc753bcef23767c18aedad06c4405c4<::>10	Q0	48bba2114bb2383e-4-2088	9	0.111111	run1
2cc753bcef23767c18aedad06c4405c4<::>10	Q0	3d169ce80ed6ba28-1508-3344	10	0.100000	run1
124e27c3861eff7dadd17993719a0beb<::>1	Q0	24de6442808976ec-2-1898	1	1.000000	run1
124e27c3861eff7dadd17993719a0beb<::>1	Q0	2c7a648f80709bee-2-1879	2	0.500000	run1
124e27c3861eff7dadd17993719a0beb<::>1	Q0	2c7a648f80709bee-1542-3518	3	0.333333	run1
124e27c3861eff7dadd17993719a0beb<::>1	Q0	b0c20d941f261ad1-10849-13250	4	0.250000	run1
124e27c3861eff7dadd17993719a0beb<::>1	Q0	6c1006a3ad7136cd-1552-3502	5	0.200000	run1
124e27c3861eff7dadd17993719a0beb<::>1	Q0	5a83bdec3fd3714b-3631-5898	6	0.166667	run1
124e27c3861eff7dadd17993719a0beb<::>1	Q0	2c7a648f80709bee-3150-3686	7	0.142857	run1
124e27c3861eff7dadd17993719a0beb<::>1	Q0	a91f429a205dc59f-1557-3725	8	0.125000	run1
124e27c3861eff7dadd17993719a0beb<::>1	Q0	24de6442808976ec-3268-4396	9	0.111111	run1
124e27c3861eff7dadd17993719a0beb<::>1	Q0	6c1006a3ad7136cd-2-1889	10	0.100000	run1
124e27c3861eff7dadd17993719a0beb<::>2	Q0	ee4a41775f936c18-1559-3545	1	1.000000	run1
124e27c3861eff7dadd17993719a0beb<::>2	Q0	24de6442808976ec-3268-4396	2	0.500000	run1
124e27c3861eff7dadd17993719a0beb<::>2	Q0	2c7a648f80709bee-1542-3518	3	0.333333	run1
124e27c3861eff7dadd17993719a0beb<::>2	Q0	b0c20d941f261ad1-10849-13250	4	0.250000	run1
124e27c3861eff7dadd17993719a0beb<::>2	Q0	aa8fa432198a751f-1547-3213	5	0.200000	run1
124e27c3861eff7dadd17993719a0beb<::>2	Q0	24de6442808976ec-2-1898	6	0.166667	run1
124e27c3861eff7dadd17993719a0beb<::>2	Q0	6c1006a3ad7136cd-1552-3502	7	0.142857	run1
124e27c3861eff7dadd17993719a0beb<::>2	Q0	2c7a648f80709bee-3150-3686	8	0.125000	run1
124e27c3861eff7dadd17993719a0beb<::>2	Q0	352b36dc29266a01-1547-3737	9	0.111111	run1
124e27c3861eff7dadd17993719a0beb<::>2	Q0	83528acfbc75920b-11820-14203	10	0.100000	run1
124e27c3861eff7dadd17993719a0beb<::>3	Q0	b546e2659fe3b389-4780-6586	1	1.000000	run1
124e27c3861eff7dadd17993719a0beb<::>3	Q0	017af71282742034-5093-5700	2	0.500000	run1
124e27c3861eff7dadd17993719a0beb<::>3	Q0	45c9c35c8216e9ed-5-3724	3	0.333333	run1
124e27c3861eff7dadd17993719a0beb<::>3	Q0	9bbbae4d3eab24a4-4990-5873	4	0.250000	run1
124e27c3861eff7dadd17993719a0beb<::>3	Q0	cf3607d95227839a-2-1955	5	0.200000	run1
124e27c3861eff7dadd17993719a0beb<::>3	Q0	b8f0626d5ba46877-3368-3961	6	0.166667	run1
124e27c3861eff7dadd17993719a0beb<::>3	Q0	9b031b68b9000e37-2-2012	7	0.142857	run1
124e27c3861eff7dadd17993719a0beb<::>3	Q0	2638110d5f18eb2f-3369-4125	8	0.125000	run1
124e27c3861eff7dadd17993719a0beb<::>3	Q0	8600cfaa82285da6-2-2013	9	0.111111	run1
124e27c3861eff7dadd17993719a0beb<::>3	Q0	a8e05834bd57e100-3358-3894	10	0.100000	run1
124e27c3861eff7dadd17993719a0beb<::>5	Q0	39c95be13937c2db-3174-5508	1	1.000000	run1
124e27c3861eff7dadd17993719a0beb<::>5	Q0	39c95be13937c2db-1563-3728	2	0.500000	run1
124e27c3861eff7dadd17993719a0beb<::>5	Q0	b157d4efc4fcd23b-1567-3672	3	0.333333	run1
124e27c3861eff7dadd17993719a0beb<::>5	Q0	39c95be13937c2db-2-1900	4	0.250000	run1
124e27c3861eff7dadd17993719a0beb<::>5	Q0	aa8fa432198a751f-2-1884	5	0.200000	run1
124e27c3861eff7dadd17993719a0beb<::>5	Q0	aa8fa432198a751f-1547-3213	6	0.166667	run1
124e27c3861eff7dadd17993719a0beb<::>5	Q0	9d116effd7cbdbb2-2-1836	7	0.142857	run1
124e27c3861eff7dadd17993719a0beb<::>5	Q0	d690c65ebd7f17a8-69786-71880	8	0.125000	run1
124e27c3861eff7dadd17993719a0beb<::>5	Q0	39c95be13937c2db-5149-5835	9	0.111111	run1
124e27c3861eff7dadd17993719a0beb<::>5	Q0	d690c65ebd7f17a8-12255-14258	10	0.100000	run1
124e27c3861eff7dadd17993719a0beb<::>6	Q0	4dfcf2045605ebd5-2-1890	1	1.000000	run1
124e27c3861eff7dadd17993719a0beb<::>6	Q0	4dfcf2045605ebd5-1546-3446	2	0.500000	run1
124e27c3861eff7dadd17993719a0beb<::>6	Q0	0d944fba929b4502-17458-19777	3	0.333333	run1
124e27c3861eff7dadd17993719a0beb<::>6	Q0	a72d0a6a32e5426a-1561-4013	4	0.250000	run1
124e27c3861eff7dadd17993719a0beb<::>6	Q0	24de6442808976ec-3268-4396	5	0.200000	run1
124e27c3861eff7dadd17993719a0beb<::>6	Q0	a72d0a6a32e5426a-2-1898	6	0.166667	run1
124e27c3861eff7dadd17993719a0beb<::>6	Q0	cd5c5b08e3b86842-4627-5781	7	0.142857	run1
124e27c3861eff7dadd17993719a0beb<::>6	Q0	39c95be13937c2db-1563-3728	8	0.125000	run1
124e27c3861eff7dadd17993719a0beb<::>6	Q0	a72d0a6a32e5426a-4903-7270	9	0.111111	run1
124e27c3861eff7dadd17993719a0beb<::>6	Q0	a53d241c81f6f47a-0-3071	10	0.100000	run1
124e27c3861eff7dadd17993719a0beb<::>8	Q0	fe33a79129d8ed0d-1565-3653	1	1.000000	run1
124e27c3861eff7dadd17993719a0beb<::>8	Q0	816c64aa52d0c8ec-2-1889	2	0.500000	run1
124e27c3861eff7dadd17993719a0beb<::>8	Q0	fe33a79129d8ed0d-2-1902	3	0.333333	run1
124e27c3861eff7dadd17993719a0beb<::>8	Q0	7e9108a3b6e74860-8453-10117	4	0.250000	run1
124e27c3861eff7dadd17993719a0beb<::>8	Q0	b157d4efc4fcd23b-1567-3672	5	0.200000	run1
124e27c3861eff7dadd17993719a0beb<::>8	Q0	4dfcf2045605ebd5-1546-3446	6	0.166667	run1
124e27c3861eff7dadd17993719a0beb<::>8	Q0	816c64aa52d0c8ec-8241-9392	7	0.142857	run1
124e27c3861eff7dadd17993719a0beb<::>8	Q0	017af71282742034-1567-3810	8	0.125000	run1
124e27c3861eff7dadd17993719a0beb<::>8	Q0	a8e05834bd57e100-1569-3726	9	0.111111	run1
124e27c3861eff7dadd17993719a0beb<::>8	Q0	6515f0e3e9394cb2-1559-3621	10	0.100000	run1
d2432696b32af73cf3dabd7090997afb<::>1	Q0	ee767651db2d94f9-2-1972	1	1.000000	run1
d2432696b32af73cf3dabd7090997afb<::>1	Q0	ee767651db2d94f9-1456-3254	2	0.500000	run1
d2432696b32af73cf3dabd7090997afb<::>1	Q0	4a9dd1207fbb9a07-44845-46937	3	0.333333	run1
d2432696b32af73cf3dabd7090997afb<::>1	Q0	a3dc92c7e5ea8e00-80130-82491	4	0.250000	run1
d2432696b32af73cf3dabd7090997afb<::>1	Q0	6aebca8c4436378a-3019-4837	5	0.200000	run1
d2432696b32af73cf3dabd7090997afb<::>1	Q0	6aebca8c4436378a-1397-3488	6	0.166667	run1
d2432696b32af73cf3dabd7090997afb<::>1	Q0	dcb30320a9fd18e5-3-2079	7	0.142857	run1
d2432696b32af73cf3dabd7090997afb<::>1	Q0	e4f019094febf336-11191-13283	8	0.125000	run1
d2432696b32af73cf3dabd7090997afb<::>1	Q0	34925d9489925019-2-1118	9	0.111111	run1
d2432696b32af73cf3dabd7090997afb<::>1	Q0	c8a8e62ccda3be54-4433-6559	10	0.100000	run1
d2432696b32af73cf3dabd7090997afb<::>2	Q0	4a9dd1207fbb9a07-46392-48609	1	1.000000	run1
d2432696b32af73cf3dabd7090997afb<::>2	Q0	4a9dd1207fbb9a07-2376-4636	2	0.500000	run1
d2432696b32af73cf3dabd7090997afb<::>2	Q0	4a9dd1207fbb9a07-3771-5833	3	0.333333	run1
d2432696b32af73cf3dabd7090997afb<::>2	Q0	6aebca8c4436378a-2-1941	4	0.250000	run1
d2432696b32af73cf3dabd7090997afb<::>2	Q0	4a9dd1207fbb9a07-48149-49963	5	0.200000	run1
d2432696b32af73cf3dabd7090997afb<::>2	Q0	4a9dd1207fbb9a07-49419-51575	6	0.166667	run1
d2432696b32af73cf3dabd7090997afb<::>2	Q0	4a9dd1207fbb9a07-1112-3001	7	0.142857	run1
d2432696b32af73cf3dabd7090997afb<::>2	Q0	6aebca8c4436378a-1397-3488	8	0.125000	run1
d2432696b32af73cf3dabd7090997afb<::>2	Q0	ee767651db2d94f9-1456-3254	9	0.111111	run1
d2432696b32af73cf3dabd7090997afb<::>2	Q0	4a9dd1207fbb9a07-44845-46937	10	0.100000	run1
d2432696b32af73cf3dabd7090997afb<::>3	Q0	e7ddfe44b77f940b-24872-27138	1	1.000000	run1
d2432696b32af73cf3dabd7090997afb<::>3	Q0	e7ddfe44b77f940b-26620-28877	2	0.500000	run1
d2432696b32af73cf3dabd7090997afb<::>3	Q0	4a9dd1207fbb9a07-49419-51575	3	0.333333	run1
d2432696b32af73cf3dabd7090997afb<::>3	Q0	4a9dd1207fbb9a07-39739-41950	4	0.250000	run1
d2432696b32af73cf3dabd7090997afb<::>3	Q0	4a9dd1207fbb9a07-44845-46937	5	0.200000	run1
d2432696b32af73cf3dabd7090997afb<::>3	Q0	bb888b0a92c5ed58-2-2100	6	0.166667	run1
d2432696b32af73cf3dabd7090997afb<::>3	Q0	4a9dd1207fbb9a07-5317-7609	7	0.142857	run1
d2432696b32af73cf3dabd7090997afb<::>3	Q0	4a9dd1207fbb9a07-38038-40372	8	0.125000	run1
d2432696b32af73cf3dabd7090997afb<::>3	Q0	e9e2ce2e9a37614e-2-2115	9	0.111111	run1
d2432696b32af73cf3dabd7090997afb<::>3	Q0	6aebca8c4436378a-1397-3488	10	0.100000	run1
d2432696b32af73cf3dabd7090997afb<::>4	Q0	4a9dd1207fbb9a07-34744-36792	1	1.000000	run1
d2432696b32af73cf3dabd7090997afb<::>4	Q0	4a9dd1207fbb9a07-29825-32144	2	0.500000	run1
d2432696b32af73cf3dabd7090997afb<::>4	Q0	4a9dd1207fbb9a07-5317-7609	3	0.333333	run1
d2432696b32af73cf3dabd7090997afb<::>4	Q0	4a9dd1207fbb9a07-33118-35273	4	0.250000	run1
d2432696b32af73cf3dabd7090997afb<::>4	Q0	4a9dd1207fbb9a07-44845-46937	5	0.200000	run1
d2432696b32af73cf3dabd7090997afb<::>4	Q0	4a9dd1207fbb9a07-3771-5833	6	0.166667	run1
d2432696b32af73cf3dabd7090997afb<::>4	Q0	ee767651db2d94f9-1456-3254	7	0.142857	run1
d2432696b32af73cf3dabd7090997afb<::>4	Q0	4a9dd1207fbb9a07-16118-18182	8	0.125000	run1
d2432696b32af73cf3dabd7090997afb<::>4	Q0	4a9dd1207fbb9a07-7012-8933	9	0.111111	run1
d2432696b32af73cf3dabd7090997afb<::>4	Q0	ee767651db2d94f9-2-1972	10	0.100000	run1
d2432696b32af73cf3dabd7090997afb<::>5	Q0	de2c70091c5cd310-2-1945	1	1.000000	run1
d2432696b32af73cf3dabd7090997afb<::>5	Q0	6a70f14e435ff51f-1430-2710	2	0.500000	run1
d2432696b32af73cf3dabd7090997afb<::>5	Q0	de2c70091c5cd310-1466-3137	3	0.333333	run1
d2432696b32af73cf3dabd7090997afb<::>5	Q0	6a70f14e435ff51f-2-1929	4	0.250000	run1
d2432696b32af73cf3dabd7090997afb<::>5	Q0	eed4131d6cc1212b-1530-3625	5	0.200000	run1
d2432696b32af73cf3dabd7090997afb<::>5	Q0	4a9dd1207fbb9a07-5317-7609	6	0.166667	run1
d2432696b32af73cf3dabd7090997afb<::>5	Q0	60b76508211a6511-1309-2680	7	0.142857	run1
d2432696b32af73cf3dabd7090997afb<::>5	Q0	fafaf941c041d198-9263-11443	8	0.125000	run1
d2432696b32af73cf3dabd7090997afb<::>5	Q0	4a9dd1207fbb9a07-34744-36792	9	0.111111	run1
d2432696b32af73cf3dabd7090997afb<::>5	Q0	eed4131d6cc1212b-2-1994	10	0.100000	run1
d2432696b32af73cf3dabd7090997afb<::>6	Q0	4a9dd1207fbb9a07-34744-36792	1	1.000000	run1
d2432696b32af73cf3dabd7090997afb<::>6	Q0	9b5636a0a8f53fe1-2-2116	2	0.500000	run1
d2432696b32af73cf3dabd7090997afb<::>6	Q0	4bfa729a1a215910-2-2018	3	0.333333	run1
d2432696b32af73cf3dabd7090997afb<::>6	Q0	4a9dd1207fbb9a07-38038-40372	4	0.250000	run1
d2432696b32af73cf3dabd7090997afb<::>6	Q0	db806861fc571ba4-2-2209	5	0.200000	run1
d2432696b32af73cf3dabd7090997afb<::>6	Q0	de2c70091c5cd310-2-1945	6	0.166667	run1
d2432696b32af73cf3dabd7090997afb<::>6	Q0	34925d9489925019-1119-2900	7	0.142857	run1
d2432696b32af73cf3dabd7090997afb<::>6	Q0	4a9dd1207fbb9a07-16118-18182	8	0.125000	run1
d2432696b32af73cf3dabd7090997afb<::>6	Q0	4a9dd1207fbb9a07-33118-35273	9	0.111111	run1
d2432696b32af73cf3dabd7090997afb<::>6	Q0	4a9dd1207fbb9a07-29825-32144	10	0.100000	run1
d2432696b32af73cf3dabd7090997afb<::>7	Q0	1cf56b68f5481f61-1362-3335	1	1.000000	run1
d2432696b32af73cf3dabd7090997afb<::>7	Q0	fd264cc3410a654d-4465-6737	2	0.500000	run1
d2432696b32af73cf3dabd7090997afb<::>7	Q0	a3dc92c7e5ea8e00-80130-82491	3	0.333333	run1
d2432696b32af73cf3dabd7090997afb<::>7	Q0	b65e4bd0a49802bc-1525-3770	4	0.250000	run1
d2432696b32af73cf3dabd7090997afb<::>7	Q0	4a9dd1207fbb9a07-48149-49963	5	0.200000	run1
d2432696b32af73cf3dabd7090997afb<::>7	Q0	6aebca8c4436378a-1397-3488	6	0.166667	run1
d2432696b32af73cf3dabd7090997afb<::>7	Q0	4c47942cb46e143e-10906-13001	7	0.142857	run1
d2432696b32af73cf3dabd7090997afb<::>7	Q0	6e8afc0cca688433-2296-4100	8	0.125000	run1
d2432696b32af73cf3dabd7090997afb<::>7	Q0	2e9fd787284ba618-3010-4686	9	0.111111	run1
d2432696b32af73cf3dabd7090997afb<::>7	Q0	42f6d54d465dee28-2-1320	10	0.100000	run1
d2432696b32af73cf3dabd7090997afb<::>8	Q0	fd264cc3410a654d-4465-6737	1	1.000000	run1
d2432696b32af73cf3dabd7090997afb<::>8	Q0	0a887102997e035a-5856-7436	2	0.500000	run1
d2432696b32af73cf3dabd7090997afb<::>8	Q0	0c4d7fef596217da-1-2169	3	0.333333	run1
d2432696b32af73cf3dabd7090997afb<::>8	Q0	56052d9c558de508-3913-5464	4	0.250000	run1
d2432696b32af73cf3dabd7090997afb<::>8	Q0	e8118fabb2392964-10092-12203	5	0.200000	run1
d2432696b32af73cf3dabd7090997afb<::>8	Q0	fe18783f54030c9f-1619-3618	6	0.166667	run1
d2432696b32af73cf3dabd7090997afb<::>8	Q0	6a8fdd48bc116fcf-2-1906	7	0.142857	run1
d2432696b32af73cf3dabd7090997afb<::>8	Q0	a229809015858f9a-1023-3053	8	0.125000	run1
d2432696b32af73cf3dabd7090997afb<::>8	Q0	e6946ae0c4370fcb-2-1870	9	0.111111	run1
d2432696b32af73cf3dabd7090997afb<::>8	Q0	a229809015858f9a-2916-4762	10	0.100000	run1
d2432696b32af73cf3dabd7090997afb<::>9	Q0	465bbf33fc5fa2fa-8953-10957	1	1.000000	run1
d2432696b32af73cf3dabd7090997afb<::>9	Q0	a699bdfdc1eb02c3-9303-11781	2	0.500000	run1
d2432696b32af73cf3dabd7090997afb<::>9	Q0	e360a1566f0e0c55-7189-8751	3	0.333333	run1
d2432696b32af73cf3dabd7090997afb<::>9	Q0	fd1266eccb35eec2-5782-7873	4	0.250000	run1
d2432696b32af73cf3dabd7090997afb<::>9	Q0	f126f7ac12d416db-7512-9807	5	0.200000	run1
d2432696b32af73cf3dabd7090997afb<::>9	Q0	fd1266eccb35eec2-7329-9844	6	0.166667	run1
d2432696b32af73cf3dabd7090997afb<::>9	Q0	24d0bdd6b0e9b638-9157-10314	7	0.142857	run1
d2432696b32af73cf3dabd7090997afb<::>9	Q0	523f563fcff8bb9a-5782-7903	8	0.125000	run1
d2432696b32af73cf3dabd7090997afb<::>9	Q0	718d47a52e035a78-10758-12250	9	0.111111	run1
d2432696b32af73cf3dabd7090997afb<::>9	Q0	a699bdfdc1eb02c3-7435-9816	10	0.100000	run1
fc3e765d7ffc28ffc7ee7ea38fd3c73a<::>1	Q0	1aacb62724d27d6f-1676-3870	1	1.000000	run1
fc3e765d7ffc28ffc7ee7ea38fd3c73a<::>1	Q0	1aacb62724d27d6f-3399-5731	2	0.500000	run1
fc3e765d7ffc28ffc7ee7ea38fd3c73a<::>1	Q0	477235cbe4dbe195-24295-26741	3	0.333333	run1
fc3e765d7ffc28ffc7ee7ea38fd3c73a<::>1	Q0	f7f89570ca9bb459-0-2356	4	0.250000	run1
fc3e765d7ffc28ffc7ee7ea38fd3c73a<::>1	Q0	477235cbe4dbe195-16642-19055	5	0.200000	run1
fc3e765d7ffc28ffc7ee7ea38fd3c73a<::>1	Q0	1aacb62724d27d6f-7074-9083	6	0.166667	run1
fc3e765d7ffc28ffc7ee7ea38fd3c73a<::>1	Q0	477235cbe4dbe195-14853-17151	7	0.142857	run1
fc3e765d7ffc28ffc7ee7ea38fd3c73a<::>1	Q0	089882437c965a3e-20104-22237	8	0.125000	run1
fc3e765d7ffc28ffc7ee7ea38fd3c73a<::>1	Q0	c0c0ad176692bfc1-96683-98821	9	0.111111	run1
fc3e765d7ffc28ffc7ee7ea38fd3c73a<::>1	Q0	1aacb62724d27d6f-5211-7561	10	0.100000	run1
fc3e765d7ffc28ffc7ee7ea38fd3c73a<::>2	Q0	3120ebe0fe3a911e-3565-5999	1	1.000000	run1
fc3e765d7ffc28ffc7ee7ea38fd3c73a<::>2	Q0	3120ebe0fe3a911e-2-2228	2	0.500000	run1
fc3e765d7ffc28ffc7ee7ea38fd3c73a<::>2	Q0	72be29b9f7f9e1e0-3355-5507	3	0.333333	run1
fc3e765d7ffc28ffc7ee7ea38fd3c73a<::>2	Q0	876e461b9e926bb4-0-1870	4	0.250000	run1
fc3e765d7ffc28ffc7ee7ea38fd3c73a<::>2	Q0	2192f47b53eb5b75-1503-3617	5	0.200000	run1
fc3e765d7ffc28ffc7ee7ea38fd3c73a<::>2	Q0	63c2e813d6aa4efc-19845-22062	6	0.166667	run1
fc3e765d7ffc28ffc7ee7ea38fd3c73a<::>2	Q0	4acbb81f4f18c9a2-34145-36475	7	0.142857	run1
fc3e765d7ffc28ffc7ee7ea38fd3c73a<::>2	Q0	61ccbdc152a9f0a2-2-2142	8	0.125000	run1
fc3e765d7ffc28ffc7ee7ea38fd3c73a<::>2	Q0	f7f89570ca9bb459-0-2356	9	0.111111	run1
fc3e765d7ffc28ffc7ee7ea38fd3c73a<::>2	Q0	3120ebe0fe3a911e-53193-55642	10	0.100000	run1
fc3e765d7ffc28ffc7ee7ea38fd3c73a<::>3	Q0	6dda7a282d67276f-11234-13298	1	1.000000	run1
fc3e765d7ffc28ffc7ee7ea38fd3c73a<::>3	Q0	1aacb62724d27d6f-1676-3870	2	0.500000	run1
fc3e765d7ffc28ffc7ee7ea38fd3c73a<::>3	Q0	861f0a808fdac97a-2-2033	3	0.333333	run1
fc3e765d7ffc28ffc7ee7ea38fd3c73a<::>3	Q0	1aacb62724d27d6f-2-2133	4	0.250000	run1
fc3e765d7ffc28ffc7ee7ea38fd3c73a<::>3	Q0	92617ae831820001-1377-3011	5	0.200000	run1
fc3e765d7ffc28ffc7ee7ea38fd3c73a<::>3	Q0	2192f47b53eb5b75-1503-3617	6	0.166667	run1
fc3e765d7ffc28ffc7ee7ea38fd3c73a<::>3	Q0	cccb25ce7d867354-1324-3693	7	0.142857	run1
fc3e765d7ffc28ffc7ee7ea38fd3c73a<::>3	Q0	6dda7a282d67276f-5-1871	8	0.125000	run1
fc3e765d7ffc28ffc7ee7ea38fd3c73a<::>3	Q0	1aacb62724d27d6f-7074-9083	9	0.111111	run1
fc3e765d7ffc28ffc7ee7ea38fd3c73a<::>3	Q0	4acbb81f4f18c9a2-105069-107392	10	0.100000	run1
fc3e765d7ffc28ffc7ee7ea38fd3c73a<::>4	Q0	62b1d5e9d3f55e94-78167-80355	1	1.000000	run1
fc3e765d7ffc28ffc7ee7ea38fd3c73a<::>4	Q0	bd67da1245522fab-4455-6520	2	0.500000	run1
fc3e765d7ffc28ffc7ee7ea38fd3c73a<::>4	Q0	bd5445dea1a88ea6-2-2062	3	0.333333	run1
fc3e765d7ffc28ffc7ee7ea38fd3c73a<::>4	Q0	2df2a250ba930a0f-16195-18282	4	0.250000	run1
fc3e765d7ffc28ffc7ee7ea38fd3c73a<::>4	Q0	8c3800a0c66b8788-6142-8293	5	0.200000	run1
fc3e765d7ffc28ffc7ee7ea38fd3c73a<::>4	Q0	bd5445dea1a88ea6-1358-3468	6	0.166667	run1
fc3e765d7ffc28ffc7ee7ea38fd3c73a<::>4	Q0	8d57d2563109b2dd-24351-26314	7	0.142857	run1
fc3e765d7ffc28ffc7ee7ea38fd3c73a<::>4	Q0	b02bc0a046d65fcf-3154-4567	8	0.125000	run1
fc3e765d7ffc28ffc7ee7ea38fd3c73a<::>4	Q0	bd67da1245522fab-2786-4990	9	0.111111	run1
fc3e765d7ffc28ffc7ee7ea38fd3c73a<::>4	Q0	8c3800a0c66b8788-3057-5065	10	0.100000	run1
fc3e765d7ffc28ffc7ee7ea38fd3c73a<::>5	Q0	0c89eb6ce158b539-6261-8547	1	1.000000	run1
fc3e765d7ffc28ffc7ee7ea38fd3c73a<::>5	Q0	d35c478aa00b6b87-16828-18967	2	0.500000	run1
fc3e765d7ffc28ffc7ee7ea38fd3c73a<::>5	Q0	0c89eb6ce158b539-4856-7047	3	0.333333	run1
fc3e765d7ffc28ffc7ee7ea38fd3c73a<::>5	Q0	808b11da3d77018d-5257-7274	4	0.250000	run1
fc3e765d7ffc28ffc7ee7ea38fd3c73a<::>5	Q0	9504df2c10799fbd-20364-22592	5	0.200000	run1
fc3e765d7ffc28ffc7ee7ea38fd3c73a<::>5	Q0	c0c0ad176692bfc1-56613-59026	6	0.166667	run1
fc3e765d7ffc28ffc7ee7ea38fd3c73a<::>5	Q0	9504df2c10799fbd-3206-5444	7	0.142857	run1
fc3e765d7ffc28ffc7ee7ea38fd3c73a<::>5	Q0	fc19b16721100f97-1710-3675	8	0.125000	run1
fc3e765d7ffc28ffc7ee7ea38fd3c73a<::>5	Q0	8587387a2738e543-7568-9907	9	0.111111	run1
fc3e765d7ffc28ffc7ee7ea38fd3c73a<::>5	Q0	bcdd30bdc3959280-8313-10071	10	0.100000	run1
fc3e765d7ffc28ffc7ee7ea38fd3c73a<::>6	Q0	2059009a407fe8bb-99869-102092	1	1.000000	run1
fc3e765d7ffc28ffc7ee7ea38fd3c73a<::>6	Q0	90e1f5e8e1c7cf52-0-1781	2	0.500000	run1
fc3e765d7ffc28ffc7ee7ea38fd3c73a<::>6	Q0	2059009a407fe8bb-42730-44708	3	0.333333	run1
fc3e765d7ffc28ffc7ee7ea38fd3c73a<::>6	Q0	2059009a407fe8bb-43926-46141	4	0.250000	run1
fc3e765d7ffc28ffc7ee7ea38fd3c73a<::>6	Q0	2059009a407fe8bb-75403-77583	5	0.200000	run1
fc3e765d7ffc28ffc7ee7ea38fd3c73a<::>6	Q0	2059009a407fe8bb-98037-100484	6	0.166667	run1
fc3e765d7ffc28ffc7ee7ea38fd3c73a<::>6	Q0	2059009a407fe8bb-73588-75880	7	0.142857	run1
fc3e765d7ffc28ffc7ee7ea38fd3c73a<::>6	Q0	18a39f822c890978-7945-9953	8	0.125000	run1
fc3e765d7ffc28ffc7ee7ea38fd3c73a<::>6	Q0	188245e96591c176-1757-3877	9	0.111111	run1
fc3e765d7ffc28ffc7ee7ea38fd3c73a<::>6	Q0	487954401c8e1a27-6733-9087	10	0.100000	run1
fc3e765d7ffc28ffc7ee7ea38fd3c73a<::>7	Q0	ffe67df745fed74d-1646-3736	1	1.000000	run1
fc3e765d7ffc28ffc7ee7ea38fd3c73a<::>7	Q0	edd3c306b523880c-4680-6906	2	0.500000	run1
fc3e765d7ffc28ffc7ee7ea38fd3c73a<::>7	Q0	ffe67df745fed74d-2-2218	3	0.333333	run1
fc3e765d7ffc28ffc7ee7ea38fd3c73a<::>7	Q0	4dee75a0aa353b11-3521-5831	4	0.250000	run1
fc3e765d7ffc28ffc7ee7ea38fd3c73a<::>7	Q0	41a63260a134589a-5402-7565	5	0.200000	run1
fc3e765d7ffc28ffc7ee7ea38fd3c73a<::>7	Q0	e323a2ac64517f0f-8268-9554	6	0.166667	run1
fc3e765d7ffc28ffc7ee7ea38fd3c73a<::>7	Q0	e323a2ac64517f0f-2965-4491	7	0.142857	run1
fc3e765d7ffc28ffc7ee7ea38fd3c73a<::>7	Q0	edd3c306b523880c-6316-8759	8	0.125000	run1
fc3e765d7ffc28ffc7ee7ea38fd3c73a<::>7	Q0	916fe8ae63dabd3c-5-2205	9	0.111111	run1
fc3e765d7ffc28ffc7ee7ea38fd3c73a<::>7	Q0	19ee0f0c51e7740a-0-2642	10	0.100000	run1
fc3e765d7ffc28ffc7ee7ea38fd3c73a<::>8	Q0	b5bb76378d0a4069-6887-9384	1	1.000000	run1
fc3e765d7ffc28ffc7ee7ea38fd3c73a<::>8	Q0	885fb6e5a9083fb7-0-1177	2	0.500000	run1
fc3e765d7ffc28ffc7ee7ea38fd3c73a<::>8	Q0	58d1752eeb4ddd8d-5261-6790	3	0.333333	run1
fc3e765d7ffc28ffc7ee7ea38fd3c73a<::>8	Q0	2192f47b53eb5b75-1503-3617	4	0.250000	run1
fc3e765d7ffc28ffc7ee7ea38fd3c73a<::>8	Q0	62b1d5e9d3f55e94-78167-80355	5	0.200000	run1
fc3e765d7ffc28ffc7ee7ea38fd3c73a<::>8	Q0	874e975f071fce7d-0-1419	6	0.166667	run1
fc3e765d7ffc28ffc7ee7ea38fd3c73a<::>8	Q0	b5bb76378d0a4069-5129-7504	7	0.142857	run1
fc3e765d7ffc28ffc7ee7ea38fd3c73a<::>8	Q0	3120ebe0fe3a911e-3565-5999	8	0.125000	run1
fc3e765d7ffc28ffc7ee7ea38fd3c73a<::>8	Q0	3120ebe0fe3a911e-5535-7804	9	0.111111	run1
fc3e765d7ffc28ffc7ee7ea38fd3c73a<::>8	Q0	8a3703e99e573666-2851-4970	10	0.100000	run1
fc3e765d7ffc28ffc7ee7ea38fd3c73a<::>9	Q0	3120ebe0fe3a911e-2-2228	1	1.000000	run1
fc3e765d7ffc28ffc7ee7ea38fd3c73a<::>9	Q0	3120ebe0fe3a911e-3565-5999	2	0.500000	run1
fc3e765d7ffc28ffc7ee7ea38fd3c73a<::>9	Q0	3120ebe0fe3a911e-53193-55642	3	0.333333	run1
fc3e765d7ffc28ffc7ee7ea38fd3c73a<::>9	Q0	3120ebe0fe3a911e-17504-19794	4	0.250000	run1
fc3e765d7ffc28ffc7ee7ea38fd3c73a<::>9	Q0	3120ebe0fe3a911e-23963-26097	5	0.200000	run1
fc3e765d7ffc28ffc7ee7ea38fd3c73a<::>9	Q0	58d1752eeb4ddd8d-5261-6790	6	0.166667	run1
fc3e765d7ffc28ffc7ee7ea38fd3c73a<::>9	Q0	3120ebe0fe3a911e-55087-56227	7	0.142857	run1
fc3e765d7ffc28ffc7ee7ea38fd3c73a<::>9	Q0	3120ebe0fe3a911e-15614-18121	8	0.125000	run1
fc3e765d7ffc28ffc7ee7ea38fd3c73a<::>9	Q0	3737431b9113e06a-14454-16112	9	0.111111	run1
fc3e765d7ffc28ffc7ee7ea38fd3c73a<::>9	Q0	3120ebe0fe3a911e-13656-16273	10	0.100000	run1
d7b4f863baa92fd08c1db2b1a95170dd<::>2	Q0	d430fcc6509467a4-4693-6881	1	1.000000	run1
d7b4f863baa92fd08c1db2b1a95170dd<::>2	Q0	d430fcc6509467a4-12540-14624	2	0.500000	run1
d7b4f863baa92fd08c1db2b1a95170dd<::>2	Q0	a219ceb7178fd438-9260-11521	3	0.333333	run1
d7b4f863baa92fd08c1db2b1a95170dd<::>2	Q0	d430fcc6509467a4-3167-5155	4	0.250000	run1
d7b4f863baa92fd08c1db2b1a95170dd<::>2	Q0	d430fcc6509467a4-1459-3649	5	0.200000	run1
d7b4f863baa92fd08c1db2b1a95170dd<::>2	Q0	a219ceb7178fd438-7609-9715	6	0.166667	run1
d7b4f863baa92fd08c1db2b1a95170dd<::>2	Q0	a219ceb7178fd438-6127-8141	7	0.142857	run1
d7b4f863baa92fd08c1db2b1a95170dd<::>2	Q0	d430fcc6509467a4-10981-13051	8	0.125000	run1
d7b4f863baa92fd08c1db2b1a95170dd<::>2	Q0	a219ceb7178fd438-5-1879	9	0.111111	run1
d7b4f863baa92fd08c1db2b1a95170dd<::>2	Q0	a219ceb7178fd438-1300-3462	10	0.100000	run1
d7b4f863baa92fd08c1db2b1a95170dd<::>3	Q0	a219ceb7178fd438-6127-8141	1	1.000000	run1
d7b4f863baa92fd08c1db2b1a95170dd<::>3	Q0	d430fcc6509467a4-10981-13051	2	0.500000	run1
d7b4f863baa92fd08c1db2b1a95170dd<::>3	Q0	d430fcc6509467a4-9471-11452	3	0.333333	run1
d7b4f863baa92fd08c1db2b1a95170dd<::>3	Q0	a219ceb7178fd438-7609-9715	4	0.250000	run1
d7b4f863baa92fd08c1db2b1a95170dd<::>3	Q0	d430fcc6509467a4-1459-3649	5	0.200000	run1
d7b4f863baa92fd08c1db2b1a95170dd<::>3	Q0	d430fcc6509467a4-12540-14624	6	0.166667	run1
d7b4f863baa92fd08c1db2b1a95170dd<::>3	Q0	d430fcc6509467a4-5-1965	7	0.142857	run1
d7b4f863baa92fd08c1db2b1a95170dd<::>3	Q0	d430fcc6509467a4-15813-17968	8	0.125000	run1
d7b4f863baa92fd08c1db2b1a95170dd<::>3	Q0	d430fcc6509467a4-17562-19662	9	0.111111	run1
d7b4f863baa92fd08c1db2b1a95170dd<::>3	Q0	d430fcc6509467a4-3167-5155	10	0.100000	run1
d7b4f863baa92fd08c1db2b1a95170dd<::>4	Q0	49c8faf73db6e5ad-1379-3149	1	1.000000	run1
d7b4f863baa92fd08c1db2b1a95170dd<::>4	Q0	b017b30284fcf46b-3447-5587	2	0.500000	run1
d7b4f863baa92fd08c1db2b1a95170dd<::>4	Q0	bbde1f11bd992d2c-2-1864	3	0.333333	run1
d7b4f863baa92fd08c1db2b1a95170dd<::>4	Q0	49c8faf73db6e5ad-2-1770	4	0.250000	run1
d7b4f863baa92fd08c1db2b1a95170dd<::>4	Q0	20ef326d6a4fcac5-1532-3656	5	0.200000	run1
d7b4f863baa92fd08c1db2b1a95170dd<::>4	Q0	8c8c73cfe63fa935-1437-3352	6	0.166667	run1
d7b4f863baa92fd08c1db2b1a95170dd<::>4	Q0	278ce8cf93b39363-1467-3371	7	0.142857	run1
d7b4f863baa92fd08c1db2b1a95170dd<::>4	Q0	20ef326d6a4fcac5-3221-5300	8	0.125000	run1
d7b4f863baa92fd08c1db2b1a95170dd<::>4	Q0	a613427a7e6e45da-2-1752	9	0.111111	run1
d7b4f863baa92fd08c1db2b1a95170dd<::>4	Q0	d8727438198e1709-2-1801	10	0.100000	run1
d7b4f863baa92fd08c1db2b1a95170dd<::>5	Q0	276c2a372d769358-1317-2597	1	1.000000	run1
d7b4f863baa92fd08c1db2b1a95170dd<::>5	Q0	276c2a372d769358-2-1740	2	0.500000	run1
d7b4f863baa92fd08c1db2b1a95170dd<::>5	Q0	bbde1f11bd992d2c-1484-3326	3	0.333333	run1
d7b4f863baa92fd08c1db2b1a95170dd<::>5	Q0	1de7a60d826dabc1-1104-3273	4	0.250000	run1
d7b4f863baa92fd08c1db2b1a95170dd<::>5	Q0	0ecd75b1d6d64a9d-2-1843	5	0.200000	run1
d7b4f863baa92fd08c1db2b1a95170dd<::>5	Q0	46ae24d26b65f871-2-1966	6	0.166667	run1
d7b4f863baa92fd08c1db2b1a95170dd<::>5	Q0	550486490ae28c75-1460-3583	7	0.142857	run1
d7b4f863baa92fd08c1db2b1a95170dd<::>5	Q0	ae04a5242a51b1c3-0-1970	8	0.125000	run1
d7b4f863baa92fd08c1db2b1a95170dd<::>5	Q0	2a46e9ae439df531-1240-3039	9	0.111111	run1
d7b4f863baa92fd08c1db2b1a95170dd<::>5	Q0	8c8c73cfe63fa935-1437-3352	10	0.100000	run1
d7b4f863baa92fd08c1db2b1a95170dd<::>6	Q0	fc88521b8cc0fbdb-2-1861	1	1.000000	run1
d7b4f863baa92fd08c1db2b1a95170dd<::>6	Q0	3f2a8b084e26c5d3-1395-3083	2	0.500000	run1
d7b4f863baa92fd08c1db2b1a95170dd<::>6	Q0	3f2a8b084e26c5d3-2-1870	3	0.333333	run1
d7b4f863baa92fd08c1db2b1a95170dd<::>6	Q0	413f669a8b34a8a4-0-2557	4	0.250000	run1
d7b4f863baa92fd08c1db2b1a95170dd<::>6	Q0	fc88521b8cc0fbdb-2845-4630	5	0.200000	run1
d7b4f863baa92fd08c1db2b1a95170dd<::>6	Q0	73f8f289d9ffba8d-1286-3045	6	0.166667	run1
d7b4f863baa92fd08c1db2b1a95170dd<::>6	Q0	fc88521b8cc0fbdb-1472-3192	7	0.142857	run1
d7b4f863baa92fd08c1db2b1a95170dd<::>6	Q0	bf654447bd0493ae-4245-6196	8	0.125000	run1
d7b4f863baa92fd08c1db2b1a95170dd<::>6	Q0	bf654447bd0493ae-5731-7654	9	0.111111	run1
d7b4f863baa92fd08c1db2b1a95170dd<::>6	Q0	8a22a9d97faf69dd-1399-2476	10	0.100000	run1
d7b4f863baa92fd08c1db2b1a95170dd<::>7	Q0	7810e6acad961ee3-2563-4257	1	1.000000	run1
d7b4f863baa92fd08c1db2b1a95170dd<::>7	Q0	7fa336e18f856eed-1066-3077	2	0.500000	run1
d7b4f863baa92fd08c1db2b1a95170dd<::>7	Q0	e89a60755b009f39-1026-2948	3	0.333333	run1
d7b4f863baa92fd08c1db2b1a95170dd<::>7	Q0	7fa336e18f856eed-2478-4046	4	0.250000	run1
d7b4f863baa92fd08c1db2b1a95170dd<::>7	Q0	e89a60755b009f39-2427-4370	5	0.200000	run1
d7b4f863baa92fd08c1db2b1a95170dd<::>7	Q0	176be721814e4e12-10585-12718	6	0.166667	run1
d7b4f863baa92fd08c1db2b1a95170dd<::>7	Q0	21adb9e4cb3783fb-16902-18927	7	0.142857	run1
d7b4f863baa92fd08c1db2b1a95170dd<::>7	Q0	3f2a8b084e26c5d3-2-1870	8	0.125000	run1
d7b4f863baa92fd08c1db2b1a95170dd<::>7	Q0	a74c19711dc17109-5566-8061	9	0.111111	run1
d7b4f863baa92fd08c1db2b1a95170dd<::>7	Q0	7810e6acad961ee3-1062-3017	10	0.100000	run1
d7b4f863baa92fd08c1db2b1a95170dd<::>8	Q0	d43b3612675ee2a1-2592-5035	1	1.000000	run1
d7b4f863baa92fd08c1db2b1a95170dd<::>8	Q0	d43b3612675ee2a1-1064-3121	2	0.500000	run1
d7b4f863baa92fd08c1db2b1a95170dd<::>8	Q0	f79e0a3c08ea5afb-1203-2689	3	0.333333	run1
d7b4f863baa92fd08c1db2b1a95170dd<::>8	Q0	c943b4eab75843c3-2-1909	4	0.250000	run1
d7b4f863baa92fd08c1db2b1a95170dd<::>8	Q0	f79e0a3c08ea5afb-2431-3997	5	0.200000	run1
d7b4f863baa92fd08c1db2b1a95170dd<::>8	Q0	9e8c3d7955de76e6-8920-11136	6	0.166667	run1
d7b4f863baa92fd08c1db2b1a95170dd<::>8	Q0	9e8c3d7955de76e6-7310-9443	7	0.142857	run1
d7b4f863baa92fd08c1db2b1a95170dd<::>8	Q0	3f2a8b084e26c5d3-2-1870	8	0.125000	run1
d7b4f863baa92fd08c1db2b1a95170dd<::>8	Q0	9e8c3d7955de76e6-1386-3223	9	0.111111	run1
d7b4f863baa92fd08c1db2b1a95170dd<::>8	Q0	0ecd75b1d6d64a9d-2-1843	10	0.100000	run1
d7b4f863baa92fd08c1db2b1a95170dd<::>9	Q0	fc88521b8cc0fbdb-1472-3192	1	1.000000	run1
d7b4f863baa92fd08c1db2b1a95170dd<::>9	Q0	c943b4eab75843c3-2-1909	2	0.500000	run1
d7b4f863baa92fd08c1db2b1a95170dd<::>9	Q0	afecbcea0356dae0-2681-3581	3	0.333333	run1
d7b4f863baa92fd08c1db2b1a95170dd<::>9	Q0	9e8c3d7955de76e6-5687-7792	4	0.250000	run1
d7b4f863baa92fd08c1db2b1a95170dd<::>9	Q0	a101d2d8c15acb8d-2084-2837	5	0.200000	run1
d7b4f863baa92fd08c1db2b1a95170dd<::>9	Q0	9e8c3d7955de76e6-12627-14865	6	0.166667	run1
d7b4f863baa92fd08c1db2b1a95170dd<::>9	Q0	9e8c3d7955de76e6-10688-13183	7	0.142857	run1
d7b4f863baa92fd08c1db2b1a95170dd<::>9	Q0	afecbcea0356dae0-1262-3083	8	0.125000	run1
d7b4f863baa92fd08c1db2b1a95170dd<::>9	Q0	9e8c3d7955de76e6-7310-9443	9	0.111111	run1
d7b4f863baa92fd08c1db2b1a95170dd<::>9	Q0	fd1266eccb35eec2-5782-7873	10	0.100000	run1
6495c82abb6bef2d8efd06020cde3adf<::>1	Q0	cddac1f4d1f59f15-8589-10445	1	1.000000	run1
6495c82abb6bef2d8efd06020cde3adf<::>1	Q0	6eeb0327b99b9a53-5-1845	2	0.500000	run1
6495c82abb6bef2d8efd06020cde3adf<::>1	Q0	e8afeffc5b53a893-2-1801	3	0.333333	run1
6495c82abb6bef2d8efd06020cde3adf<::>1	Q0	630497ea1a626f44-4672-7002	4	0.250000	run1
6495c82abb6bef2d8efd06020cde3adf<::>1	Q0	3737431b9113e06a-12997-14820	5	0.200000	run1
6495c82abb6bef2d8efd06020cde3adf<::>1	Q0	7ee11af8e6763c95-7878-9994	6	0.166667	run1
6495c82abb6bef2d8efd06020cde3adf<::>1	Q0	a52bbf6c92ec97eb-2-1901	7	0.142857	run1
6495c82abb6bef2d8efd06020cde3adf<::>1	Q0	6eeb0327b99b9a53-6019-7911	8	0.125000	run1
6495c82abb6bef2d8efd06020cde3adf<::>1	Q0	3269f028a2fc854b-47512-49731	9	0.111111	run1
6495c82abb6bef2d8efd06020cde3adf<::>1	Q0	5d3af8c209b97e12-1518-3580	10	0.100000	run1
6495c82abb6bef2d8efd06020cde3adf<::>2	Q0	ef1093efd7217b36-9553-10732	1	1.000000	run1
6495c82abb6bef2d8efd06020cde3adf<::>2	Q0	ef1093efd7217b36-5-1802	2	0.500000	run1
6495c82abb6bef2d8efd06020cde3adf<::>2	Q0	f65a4a1af46d6e0b-1902-3481	3	0.333333	run1
6495c82abb6bef2d8efd06020cde3adf<::>2	Q0	0334dd855a963174-1313-3262	4	0.250000	run1
6495c82abb6bef2d8efd06020cde3adf<::>2	Q0	5306392549c81595-29846-31923	5	0.200000	run1
6495c82abb6bef2d8efd06020cde3adf<::>2	Q0	50a36830681aaca5-1623-3814	6	0.166667	run1
6495c82abb6bef2d8efd06020cde3adf<::>2	Q0	50a36830681aaca5-5-2080	7	0.142857	run1
6495c82abb6bef2d8efd06020cde3adf<::>2	Q0	ef1093efd7217b36-1299-3357	8	0.125000	run1
6495c82abb6bef2d8efd06020cde3adf<::>2	Q0	50a36830681aaca5-4780-6661	9	0.111111	run1
6495c82abb6bef2d8efd06020cde3adf<::>2	Q0	ef1093efd7217b36-6162-8529	10	0.100000	run1
6495c82abb6bef2d8efd06020cde3adf<::>3	Q0	5306392549c81595-29846-31923	1	1.000000	run1
6495c82abb6bef2d8efd06020cde3adf<::>3	Q0	ef1093efd7217b36-5-1802	2	0.500000	run1
6495c82abb6bef2d8efd06020cde3adf<::>3	Q0	f65a4a1af46d6e0b-1902-3481	3	0.333333	run1
6495c82abb6bef2d8efd06020cde3adf<::>3	Q0	ef1093efd7217b36-9553-10732	4	0.250000	run1
6495c82abb6bef2d8efd06020cde3adf<::>3	Q0	ef1093efd7217b36-8061-9994	5	0.200000	run1
6495c82abb6bef2d8efd06020cde3adf<::>3	Q0	ef1093efd7217b36-6162-8529	6	0.166667	run1
6495c82abb6bef2d8efd06020cde3adf<::>3	Q0	0334dd855a963174-1313-3262	7	0.142857	run1
6495c82abb6bef2d8efd06020cde3adf<::>3	Q0	ef1093efd7217b36-1299-3357	8	0.125000	run1
6495c82abb6bef2d8efd06020cde3adf<::>3	Q0	0334dd855a963174-5917-7866	9	0.111111	run1
6495c82abb6bef2d8efd06020cde3adf<::>3	Q0	50a36830681aaca5-1623-3814	10	0.100000	run1
6495c82abb6bef2d8efd06020cde3adf<::>4	Q0	28f6abec5bb810ba-17073-19663	1	1.000000	run1
6495c82abb6bef2d8efd06020cde3adf<::>4	Q0	28f6abec5bb810ba-15906-18554	2	0.500000	run1
6495c82abb6bef2d8efd06020cde3adf<::>4	Q0	28f6abec5bb810ba-3483-5697	3	0.333333	run1
6495c82abb6bef2d8efd06020cde3adf<::>4	Q0	9d9077fa5c8c029d-5791-7417	4	0.250000	run1
6495c82abb6bef2d8efd06020cde3adf<::>4	Q0	d08ac2f2295cf396-1357-3431	5	0.200000	run1
6495c82abb6bef2d8efd06020cde3adf<::>4	Q0	9d9077fa5c8c029d-6943-8683	6	0.166667	run1
6495c82abb6bef2d8efd06020cde3adf<::>4	Q0	5306392549c81595-5-1875	7	0.142857	run1
6495c82abb6bef2d8efd06020cde3adf<::>4	Q0	9d9077fa5c8c029d-10991-12743	8	0.125000	run1
6495c82abb6bef2d8efd06020cde3adf<::>4	Q0	9d9077fa5c8c029d-9518-11352	9	0.111111	run1
6495c82abb6bef2d8efd06020cde3adf<::>4	Q0	5306392549c81595-1282-3632	10	0.100000	run1
6495c82abb6bef2d8efd06020cde3adf<::>5	Q0	5306392549c81595-29846-31923	1	1.000000	run1
6495c82abb6bef2d8efd06020cde3adf<::>5	Q0	ef1093efd7217b36-9553-10732	2	0.500000	run1
6495c82abb6bef2d8efd06020cde3adf<::>5	Q0	faaf17656c1af1c3-7469-9857	3	0.333333	run1
6495c82abb6bef2d8efd06020cde3adf<::>5	Q0	0334dd855a963174-1313-3262	4	0.250000	run1
6495c82abb6bef2d8efd06020cde3adf<::>5	Q0	5306392549c81595-34864-37107	5	0.200000	run1
6495c82abb6bef2d8efd06020cde3adf<::>5	Q0	5306392549c81595-31397-33629	6	0.166667	run1
6495c82abb6bef2d8efd06020cde3adf<::>5	Q0	28f6abec5bb810ba-15906-18554	7	0.142857	run1
6495c82abb6bef2d8efd06020cde3adf<::>5	Q0	ef1093efd7217b36-8061-9994	8	0.125000	run1
6495c82abb6bef2d8efd06020cde3adf<::>5	Q0	0334dd855a963174-5-1718	9	0.111111	run1
6495c82abb6bef2d8efd06020cde3adf<::>5	Q0	28f6abec5bb810ba-17073-19663	10	0.100000	run1
6495c82abb6bef2d8efd06020cde3adf<::>6	Q0	9d9077fa5c8c029d-12370-13808	1	1.000000	run1
6495c82abb6bef2d8efd06020cde3adf<::>6	Q0	28f6abec5bb810ba-12569-14900	2	0.500000	run1
6495c82abb6bef2d8efd06020cde3adf<::>6	Q0	aecf3ba8a6f472c2-2520-4788	3	0.333333	run1
6495c82abb6bef2d8efd06020cde3adf<::>6	Q0	e9ce592cd13f79de-15367-17673	4	0.250000	run1
6495c82abb6bef2d8efd06020cde3adf<::>6	Q0	28f6abec5bb810ba-17073-19663	5	0.200000	run1
6495c82abb6bef2d8efd06020cde3adf<::>6	Q0	f2595dbad4851269-2-2257	6	0.166667	run1
6495c82abb6bef2d8efd06020cde3adf<::>6	Q0	5306392549c81595-11843-14136	7	0.142857	run1
6495c82abb6bef2d8efd06020cde3adf<::>6	Q0	e9ce592cd13f79de-13545-15881	8	0.125000	run1
6495c82abb6bef2d8efd06020cde3adf<::>6	Q0	faaf17656c1af1c3-11121-11803	9	0.111111	run1
6495c82abb6bef2d8efd06020cde3adf<::>6	Q0	80d23012466bfb49-55322-57304	10	0.100000	run1
6495c82abb6bef2d8efd06020cde3adf<::>7	Q0	2af158d4ab21d270-7379-9717	1	1.000000	run1
6495c82abb6bef2d8efd06020cde3adf<::>7	Q0	5306392549c81595-9843-12403	2	0.500000	run1
6495c82abb6bef2d8efd06020cde3adf<::>7	Q0	5306392549c81595-11843-14136	3	0.333333	run1
6495c82abb6bef2d8efd06020cde3adf<::>7	Q0	28f6abec5bb810ba-17073-19663	4	0.250000	run1
6495c82abb6bef2d8efd06020cde3adf<::>7	Q0	28f6abec5bb810ba-15906-18554	5	0.200000	run1
6495c82abb6bef2d8efd06020cde3adf<::>7	Q0	68a9c1d17b9fbd8a-1316-3407	6	0.166667	run1
6495c82abb6bef2d8efd06020cde3adf<::>7	Q0	5306392549c81595-8119-10402	7	0.142857	run1
6495c82abb6bef2d8efd06020cde3adf<::>7	Q0	bedc529bf4e7d7e4-0-2241	8	0.125000	run1
6495c82abb6bef2d8efd06020cde3adf<::>7	Q0	ca92a06382c14e37-1467-3622	9	0.111111	run1
6495c82abb6bef2d8efd06020cde3adf<::>7	Q0	5306392549c81595-28152-30373	10	0.100000	run1
e52ab8d5f61ccdfc3712a2608d8c2aba<::>1	Q0	838fffa336b64b99-1289-2846	1	1.000000	run1
e52ab8d5f61ccdfc3712a2608d8c2aba<::>1	Q0	838fffa336b64b99-2-1810	2	0.500000	run1
e52ab8d5f61ccdfc3712a2608d8c2aba<::>1	Q0	455c376b00c03ef7-2-2142	3	0.333333	run1
e52ab8d5f61ccdfc3712a2608d8c2aba<::>1	Q0	838fffa336b64b99-2715-5026	4	0.250000	run1
e52ab8d5f61ccdfc3712a2608d8c2aba<::>1	Q0	838fffa336b64b99-2847-5118	5	0.200000	run1
e52ab8d5f61ccdfc3712a2608d8c2aba<::>1	Q0	ea3398dfb43611f6-7199-9084	6	0.166667	run1
e52ab8d5f61ccdfc3712a2608d8c2aba<::>1	Q0	455c376b00c03ef7-1700-3384	7	0.142857	run1
e52ab8d5f61ccdfc3712a2608d8c2aba<::>1	Q0	ea3398dfb43611f6-8669-10553	8	0.125000	run1
e52ab8d5f61ccdfc3712a2608d8c2aba<::>1	Q0	dcf45cd1bd02778d-80767-82748	9	0.111111	run1
e52ab8d5f61ccdfc3712a2608d8c2aba<::>1	Q0	26de811a7379833e-0-2048	10	0.100000	run1
e52ab8d5f61ccdfc3712a2608d8c2aba<::>2	Q0	838fffa336b64b99-2-1810	1	1.000000	run1
e52ab8d5f61ccdfc3712a2608d8c2aba<::>2	Q0	838fffa336b64b99-1289-2846	2	0.500000	run1
e52ab8d5f61ccdfc3712a2608d8c2aba<::>2	Q0	455c376b00c03ef7-2-2142	3	0.333333	run1
e52ab8d5f61ccdfc3712a2608d8c2aba<::>2	Q0	455c376b00c03ef7-1700-3384	4	0.250000	run1
e52ab8d5f61ccdfc3712a2608d8c2aba<::>2	Q0	838fffa336b64b99-2715-5026	5	0.200000	run1
e52ab8d5f61ccdfc3712a2608d8c2aba<::>2	Q0	838fffa336b64b99-2847-5118	6	0.166667	run1
e52ab8d5f61ccdfc3712a2608d8c2aba<::>2	Q0	24e841a5e7b9e973-12481-14731	7	0.142857	run1
e52ab8d5f61ccdfc3712a2608d8c2aba<::>2	Q0	ea3398dfb43611f6-7199-9084	8	0.125000	run1
e52ab8d5f61ccdfc3712a2608d8c2aba<::>2	Q0	dcf45cd1bd02778d-80767-82748	9	0.111111	run1
e52ab8d5f61ccdfc3712a2608d8c2aba<::>2	Q0	ccea74cfe79a2422-1526-3331	10	0.100000	run1
e52ab8d5f61ccdfc3712a2608d8c2aba<::>4	Q0	838fffa336b64b99-2-1810	1	1.000000	run1
e52ab8d5f61ccdfc3712a2608d8c2aba<::>4	Q0	838fffa336b64b99-1289-2846	2	0.500000	run1
e52ab8d5f61ccdfc3712a2608d8c2aba<::>4	Q0	455c376b00c03ef7-2-2142	3	0.333333	run1
e52ab8d5f61ccdfc3712a2608d8c2aba<::>4	Q0	455c376b00c03ef7-1700-3384	4	0.250000	run1
e52ab8d5f61ccdfc3712a2608d8c2aba<::>4	Q0	838fffa336b64b99-2715-5026	5	0.200000	run1
e52ab8d5f61ccdfc3712a2608d8c2aba<::>4	Q0	838fffa336b64b99-2847-5118	6	0.166667	run1
e52ab8d5f61ccdfc3712a2608d8c2aba<::>4	Q0	838fffa336b64b99-5027-6031	7	0.142857	run1
e52ab8d5f61ccdfc3712a2608d8c2aba<::>4	Q0	455c376b00c03ef7-3203-3961	8	0.125000	run1
e52ab8d5f61ccdfc3712a2608d8c2aba<::>4	Q0	ccea74cfe79a2422-1526-3331	9	0.111111	run1
e52ab8d5f61ccdfc3712a2608d8c2aba<::>4	Q0	d2c2ca72c545e3c5-23562-25265	10	0.100000	run1
e52ab8d5f61ccdfc3712a2608d8c2aba<::>5	Q0	e5778b06c4f6a3c7-2-2115	1	1.000000	run1
e52ab8d5f61ccdfc3712a2608d8c2aba<::>5	Q0	6278e445bbe76174-4914-7288	2	0.500000	run1
e52ab8d5f61ccdfc3712a2608d8c2aba<::>5	Q0	dd2c94212064f84d-2896-5084	3	0.333333	run1
e52ab8d5f61ccdfc3712a2608d8c2aba<::>5	Q0	01655a7666b9d318-3337-5599	4	0.250000	run1
e52ab8d5f61ccdfc3712a2608d8c2aba<::>5	Q0	9545779782b32541-11684-13942	5	0.200000	run1
e52ab8d5f61ccdfc3712a2608d8c2aba<::>5	Q0	613d75acc44d168e-3311-4621	6	0.166667	run1
e52ab8d5f61ccdfc3712a2608d8c2aba<::>5	Q0	0622cb668c90860e-6218-7760	7	0.142857	run1
e52ab8d5f61ccdfc3712a2608d8c2aba<::>5	Q0	5b6c1687e748eeb4-1428-2613	8	0.125000	run1
e52ab8d5f61ccdfc3712a2608d8c2aba<::>5	Q0	0f96b7ac3f504e05-4792-6275	9	0.111111	run1
e52ab8d5f61ccdfc3712a2608d8c2aba<::>5	Q0	dd2c94212064f84d-10973-13089	10	0.100000	run1
e52ab8d5f61ccdfc3712a2608d8c2aba<::>6	Q0	dd2c94212064f84d-2896-5084	1	1.000000	run1
e52ab8d5f61ccdfc3712a2608d8c2aba<::>6	Q0	838fffa336b64b99-2-1810	2	0.500000	run1
e52ab8d5f61ccdfc3712a2608d8c2aba<::>6	Q0	dd2c94212064f84d-1565-3429	3	0.333333	run1
e52ab8d5f61ccdfc3712a2608d8c2aba<::>6	Q0	e5778b06c4f6a3c7-2-2115	4	0.250000	run1
e52ab8d5f61ccdfc3712a2608d8c2aba<::>6	Q0	838fffa336b64b99-1289-2846	5	0.200000	run1
e52ab8d5f61ccdfc3712a2608d8c2aba<::>6	Q0	455c376b00c03ef7-1700-3384	6	0.166667	run1
e52ab8d5f61ccdfc3712a2608d8c2aba<::>6	Q0	dd2c94212064f84d-4611-6832	7	0.142857	run1
e52ab8d5f61ccdfc3712a2608d8c2aba<::>6	Q0	0f96b7ac3f504e05-1425-2884	8	0.125000	run1
e52ab8d5f61ccdfc3712a2608d8c2aba<::>6	Q0	0f96b7ac3f504e05-4792-6275	9	0.111111	run1
e52ab8d5f61ccdfc3712a2608d8c2aba<::>6	Q0	455c376b00c03ef7-2-2142	10	0.100000	run1
e52ab8d5f61ccdfc3712a2608d8c2aba<::>7	Q0	838fffa336b64b99-2-1810	1	1.000000	run1
e52ab8d5f61ccdfc3712a2608d8c2aba<::>7	Q0	838fffa336b64b99-1289-2846	2	0.500000	run1
e52ab8d5f61ccdfc3712a2608d8c2aba<::>7	Q0	455c376b00c03ef7-2-2142	3	0.333333	run1
e52ab8d5f61ccdfc3712a2608d8c2aba<::>7	Q0	838fffa336b64b99-2715-5026	4	0.250000	run1
e52ab8d5f61ccdfc3712a2608d8c2aba<::>7	Q0	838fffa336b64b99-2847-5118	5	0.200000	run1
e52ab8d5f61ccdfc3712a2608d8c2aba<::>7	Q0	455c376b00c03ef7-1700-3384	6	0.166667	run1
e52ab8d5f61ccdfc3712a2608d8c2aba<::>7	Q0	20656f80c8abd6fd-1440-3492	7	0.142857	run1
e52ab8d5f61ccdfc3712a2608d8c2aba<::>7	Q0	5306392549c81595-33021-35362	8	0.125000	run1
e52ab8d5f61ccdfc3712a2608d8c2aba<::>7	Q0	5306392549c81595-13644-15913	9	0.111111	run1
e52ab8d5f61ccdfc3712a2608d8c2aba<::>7	Q0	24e841a5e7b9e973-12481-14731	10	0.100000	run1
e52ab8d5f61ccdfc3712a2608d8c2aba<::>8	Q0	838fffa336b64b99-2-1810	1	1.000000	run1
e52ab8d5f61ccdfc3712a2608d8c2aba<::>8	Q0	838fffa336b64b99-1289-2846	2	0.500000	run1
e52ab8d5f61ccdfc3712a2608d8c2aba<::>8	Q0	455c376b00c03ef7-1700-3384	3	0.333333	run1
e52ab8d5f61ccdfc3712a2608d8c2aba<::>8	Q0	455c376b00c03ef7-2-2142	4	0.250000	run1
e52ab8d5f61ccdfc3712a2608d8c2aba<::>8	Q0	838fffa336b64b99-2715-5026	5	0.200000	run1
e52ab8d5f61ccdfc3712a2608d8c2aba<::>8	Q0	838fffa336b64b99-2847-5118	6	0.166667	run1
e52ab8d5f61ccdfc3712a2608d8c2aba<::>8	Q0	5306392549c81595-28152-30373	7	0.142857	run1
e52ab8d5f61ccdfc3712a2608d8c2aba<::>8	Q0	5306392549c81595-33021-35362	8	0.125000	run1
e52ab8d5f61ccdfc3712a2608d8c2aba<::>8	Q0	5306392549c81595-1282-3632	9	0.111111	run1
e52ab8d5f61ccdfc3712a2608d8c2aba<::>8	Q0	5306392549c81595-5-1875	10	0.100000	run1
e52ab8d5f61ccdfc3712a2608d8c2aba<::>9	Q0	838fffa336b64b99-2-1810	1	1.000000	run1
e52ab8d5f61ccdfc3712a2608d8c2aba<::>9	Q0	455c376b00c03ef7-1700-3384	2	0.500000	run1
e52ab8d5f61ccdfc3712a2608d8c2aba<::>9	Q0	455c376b00c03ef7-2-2142	3	0.333333	run1
e52ab8d5f61ccdfc3712a2608d8c2aba<::>9	Q0	838fffa336b64b99-1289-2846	4	0.250000	run1
e52ab8d5f61ccdfc3712a2608d8c2aba<::>9	Q0	838fffa336b64b99-2847-5118	5	0.200000	run1
e52ab8d5f61ccdfc3712a2608d8c2aba<::>9	Q0	838fffa336b64b99-2715-5026	6	0.166667	run1
e52ab8d5f61ccdfc3712a2608d8c2aba<::>9	Q0	838fffa336b64b99-5027-6031	7	0.142857	run1
e52ab8d5f61ccdfc3712a2608d8c2aba<::>9	Q0	dd2c94212064f84d-2896-5084	8	0.125000	run1
e52ab8d5f61ccdfc3712a2608d8c2aba<::>9	Q0	455c376b00c03ef7-3203-3961	9	0.111111	run1
e52ab8d5f61ccdfc3712a2608d8c2aba<::>9	Q0	dd2c94212064f84d-1565-3429	10	0.100000	run1
e52ab8d5f61ccdfc3712a2608d8c2aba<::>10	Q0	dd2c94212064f84d-10973-13089	1	1.000000	run1
e52ab8d5f61ccdfc3712a2608d8c2aba<::>10	Q0	dd2c94212064f84d-15956-17937	2	0.500000	run1
e52ab8d5f61ccdfc3712a2608d8c2aba<::>10	Q0	dd2c94212064f84d-2896-5084	3	0.333333	run1
e52ab8d5f61ccdfc3712a2608d8c2aba<::>10	Q0	dd2c94212064f84d-7771-9961	4	0.250000	run1
e52ab8d5f61ccdfc3712a2608d8c2aba<::>10	Q0	dd2c94212064f84d-9353-11478	5	0.200000	run1
e52ab8d5f61ccdfc3712a2608d8c2aba<::>10	Q0	8271770a46023609-8400-10540	6	0.166667	run1
e52ab8d5f61ccdfc3712a2608d8c2aba<::>10	Q0	5ed8d5fe6c497e3d-8087-10079	7	0.142857	run1
e52ab8d5f61ccdfc3712a2608d8c2aba<::>10	Q0	a84e6def325f1051-6047-8030	8	0.125000	run1
e52ab8d5f61ccdfc3712a2608d8c2aba<::>10	Q0	46a9328592b4ab45-505740-507650	9	0.111111	run1
e52ab8d5f61ccdfc3712a2608d8c2aba<::>10	Q0	83199e2ed7312513-1348-3429	10	0.100000	run1
